/* Auto-generated EN menu/battle bank tables (Klepto 1.02 reference).
 * DO NOT EDIT BY HAND — regenerate:
 *   python3 tools/extract_script_strings.py --klepto --c-inc-banks src/text_en_banks.inc
 * Policy: offline IPS apply for research extract only; product never patches ROM.
 * Far table 07:8F16: sel 0=07:8F2E 1=07:8F82 3=07:9226 4=07:9374
 *   5=07:9386 6=07:938A 7=07:938E. Pointer counts from packed spans.
 * Same glyph encoding as main (Klepto Latin tiles); pointer-swap overlay.
 */
#ifndef DBZ_TEXT_EN_BANKS_INC
#define DBZ_TEXT_EN_BANKS_INC

static const uint8_t EN_B0_0[] = {
  0x06, 0x0c, 0x53, 0x54, 0x1b, 0x52, 0x0c, 0x53, 0xff, 0x0d, 0x55, 0x18,
  0x18, 0x01, 0x8a, 0x8b, 0x7c, 0xff, 0xff
};

static const uint8_t EN_B0_1[] = {
  0x06, 0x0c, 0x53, 0x54, 0x1b, 0x52, 0x0c, 0x53, 0x01, 0x85, 0x80, 0xff,
  0x8a, 0x8b, 0x7c, 0xff, 0xff
};

static const uint8_t EN_B0_2[] = {
  0x06, 0x0c, 0x53, 0x54, 0x1b, 0x52, 0x0c, 0x53, 0x01, 0x82, 0x85, 0xff,
  0x8a, 0x8b, 0x7c, 0xff, 0xff
};

static const uint8_t EN_B0_3[] = {
  0xec, 0x55, 0x18, 0x18, 0x5b, 0x01, 0x52, 0x0c, 0x53, 0x54, 0x1b, 0x52,
  0x0c, 0x53, 0xff, 0x5b, 0x1b, 0x55, 0x52, 0x01, 0x8d, 0x8e, 0x01, 0x1d,
  0x1b, 0x15, 0x1a, 0x54, 0x53, 0x7c, 0xff, 0xff
};

static const uint8_t EN_B0_4[] = {
  0x06, 0x0c, 0x53, 0x54, 0x1b, 0x52, 0x0c, 0x53, 0x01, 0x81, 0x80, 0xff,
  0x8d, 0x8e, 0x01, 0x1d, 0x1b, 0x15, 0x1a, 0x54, 0x53, 0x7c, 0xff, 0xff
};

static const uint8_t EN_B0_5[] = {
  0x06, 0x05, 0x15, 0x53, 0x0c, 0x01, 0x8c, 0x8b, 0x01, 0x07, 0x5b, 0xff,
  0x82, 0x85, 0x01, 0x1d, 0x0c, 0x52, 0x09, 0x0c, 0x1a, 0x54, 0x7c, 0xff,
  0xff
};

static const uint8_t EN_B0_6[] = {
  0x06, 0x05, 0x15, 0x53, 0x0c, 0x01, 0x8c, 0x8b, 0x01, 0x07, 0x5b, 0xff,
  0x85, 0x80, 0x01, 0x1d, 0x0c, 0x52, 0x09, 0x0c, 0x1a, 0x54, 0x7c, 0xff,
  0xff
};

static const uint8_t EN_B0_7[] = {
  0x8b, 0x05, 0x52, 0x05, 0x18, 0x5b, 0x5c, 0x0c, 0x53, 0x01, 0x05, 0x1a,
  0xff, 0x0c, 0x1a, 0x0c, 0x19, 0x5b, 0x01, 0x0d, 0x1b, 0x52, 0x01, 0x1b,
  0x1a, 0x0c, 0xff, 0x05, 0x54, 0x54, 0x05, 0x09, 0x17, 0x7c, 0xff, 0xff
};

static const uint8_t EN_B0_8[] = {
  0xec, 0x55, 0x18, 0x18, 0x5b, 0x01, 0x52, 0x0c, 0x53, 0x54, 0x1b, 0x52,
  0x0c, 0x53, 0xff, 0x5b, 0x1b, 0x55, 0x52, 0x01, 0x8a, 0x8b, 0x01, 0x05,
  0x1a, 0x0a, 0xff, 0x8d, 0x8e, 0x7c, 0xff, 0xff
};

static const uint8_t EN_B0_9[] = {
  0xe9, 0x11, 0x05, 0x1a, 0x0e, 0x0c, 0x01, 0x05, 0x1a, 0x5b, 0xff, 0x09,
  0x05, 0x52, 0x0a, 0x01, 0x54, 0x1b, 0x01, 0x05, 0xff, 0x0d, 0x05, 0x56,
  0x1b, 0x52, 0x15, 0x54, 0x0c, 0x7c, 0xff, 0xff
};

static const uint8_t EN_B0_10[] = {
  0xe9, 0x11, 0x05, 0x1a, 0x0e, 0x0c, 0x01, 0x05, 0xff, 0x09, 0x05, 0x52,
  0x0a, 0x42, 0x53, 0x01, 0x05, 0x54, 0x54, 0x05, 0x09, 0x17, 0xff, 0x54,
  0x1b, 0x01, 0xfc, 0xff, 0xff
};

static const uint8_t EN_B0_11[] = {
  0xe9, 0x11, 0x05, 0x1a, 0x0e, 0x0c, 0x01, 0x05, 0xff, 0x09, 0x05, 0x52,
  0x0a, 0x42, 0x53, 0x01, 0x0a, 0x0c, 0x0d, 0x0c, 0x1a, 0x53, 0x0c, 0xff,
  0x54, 0x1b, 0x01, 0xfc, 0xff, 0xff
};

static const uint8_t EN_B0_12[] = {
  0xe9, 0x11, 0x15, 0x09, 0x11, 0x15, 0x01, 0x09, 0x11, 0x05, 0x1a, 0x0e,
  0x0c, 0x53, 0xff, 0x05, 0x01, 0x09, 0x05, 0x52, 0x0a, 0x01, 0x15, 0x1a,
  0x54, 0x1b, 0xff, 0x05, 0x01, 0x8d, 0x8e, 0x01, 0x09, 0x05, 0x52, 0x0a,
  0x7c, 0xff, 0xff
};

static const uint8_t EN_B0_13[] = {
  0x5a, 0x1b, 0x18, 0x1b, 0x1a, 0x0e, 0x01, 0x09, 0x11, 0x05, 0x1a, 0x0e,
  0x0c, 0x53, 0xff, 0x05, 0x18, 0x18, 0x01, 0x5b, 0x1b, 0x55, 0x52, 0xff,
  0x09, 0x05, 0x52, 0x0a, 0x53, 0x7c, 0xff, 0xff
};

static const uint8_t EN_B0_14[] = {
  0x06, 0x0c, 0x53, 0x54, 0x1b, 0x52, 0x0c, 0x53, 0x01, 0x8a, 0x8b, 0xff,
  0x05, 0x1a, 0x0a, 0x01, 0x8d, 0x8e, 0x01, 0x0d, 0x1b, 0x52, 0xff, 0x0c,
  0x56, 0x0c, 0x52, 0x5b, 0x1b, 0x1a, 0x0c, 0x7c, 0xff, 0xff
};

static const uint8_t EN_B0_15[] = {
  0xee, 0x0c, 0x54, 0x53, 0x01, 0x5b, 0x1b, 0x55, 0x01, 0x19, 0x05, 0x17,
  0x0c, 0xff, 0x83, 0x01, 0x57, 0x15, 0x53, 0x11, 0x0c, 0x53, 0x3f, 0xff,
  0xff
};

static const uint8_t EN_B0_16[] = {
  0xed, 0x15, 0x56, 0x0c, 0x53, 0xff, 0x15, 0x1a, 0x0d, 0x1b, 0x52, 0x19,
  0x05, 0x54, 0x15, 0x1b, 0x1a, 0x01, 0x1b, 0x1a, 0xff, 0x54, 0x11, 0x0c,
  0x01, 0x0c, 0x1a, 0x0c, 0x19, 0x5b, 0x7c, 0xff, 0xff
};

static const uint8_t EN_B0_17[] = {
  0xed, 0x15, 0x56, 0x0c, 0x53, 0xff, 0x15, 0x1a, 0x0d, 0x1b, 0x52, 0x19,
  0x05, 0x54, 0x15, 0x1b, 0x1a, 0x01, 0x1b, 0x1a, 0xff, 0x54, 0x11, 0x0c,
  0x01, 0x0c, 0x1a, 0x0c, 0x19, 0x5b, 0x7c, 0xff, 0xff
};

static const uint8_t EN_B0_18[] = {
  0xe9, 0x05, 0x18, 0x18, 0x53, 0x01, 0x45, 0x05, 0x16, 0x15, 0x52, 0x1b,
  0x07, 0x0c, 0xff, 0x54, 0x1b, 0x01, 0x11, 0x0c, 0x18, 0x1d, 0x01, 0x5b,
  0x1b, 0x55, 0x7c, 0xff, 0xff
};

static const uint8_t EN_B0_19[] = {
  0xef, 0x0c, 0x0e, 0x0c, 0x54, 0x05, 0x01, 0x09, 0x1b, 0x19, 0x0c, 0x53,
  0xff, 0x54, 0x1b, 0x01, 0x5b, 0x1b, 0x55, 0x52, 0xff, 0x05, 0x15, 0x0a,
  0x3f, 0xff, 0xff
};

static const uint8_t EN_B0_20[] = {
  0x47, 0x52, 0x05, 0x1a, 0x53, 0x0d, 0x1b, 0x52, 0x19, 0x01, 0x54, 0x1b,
  0xff, 0x05, 0x1a, 0x01, 0x5a, 0x1b, 0x5c, 0x55, 0x52, 0x55, 0x3f, 0xff,
  0xff
};

static const uint8_t EN_B0_21[] = {
  0xeb, 0x56, 0x05, 0x0a, 0x0c, 0x53, 0x01, 0x09, 0x1b, 0x19, 0x07, 0x05,
  0x54, 0xff, 0x0d, 0x1b, 0x52, 0x01, 0x05, 0x01, 0x57, 0x11, 0x15, 0x18,
  0x0c, 0x7c, 0xff, 0xff
};

static const uint8_t EN_B0_22[] = {
  0xed, 0x1b, 0x01, 0x54, 0x1b, 0x01, 0x05, 0x01, 0x1d, 0x18, 0x05, 0x09,
  0x0c, 0xff, 0x54, 0x1b, 0x01, 0x52, 0x0c, 0x53, 0x54, 0x01, 0x1b, 0x52,
  0xff, 0x0c, 0x53, 0x09, 0x05, 0x1d, 0x0c, 0x01, 0x05, 0x01, 0x09, 0x05,
  0x56, 0x0c, 0x7c, 0xff, 0xff
};

static const uint8_t EN_B0_23[] = {
  0xea, 0x0c, 0x54, 0x0c, 0x09, 0x54, 0x53, 0x01, 0x54, 0x11, 0x0c, 0xff,
  0xea, 0x52, 0x05, 0x0e, 0x1b, 0x1a, 0x07, 0x05, 0x18, 0x18, 0x53, 0x7c,
  0xff, 0xff
};

static const uint8_t EN_B0_24[] = {
  0x50, 0x05, 0x19, 0x0c, 0x17, 0x15, 0x05, 0x1a, 0xff, 0xec, 0x52, 0x1b,
  0x0e, 0xff, 0xff
};

static const uint8_t EN_B0_25[] = {
  0xeb, 0x56, 0x0c, 0x1a, 0x01, 0x1b, 0x55, 0x54, 0x01, 0x54, 0x11, 0x0c,
  0xff, 0x09, 0x05, 0x52, 0x0a, 0x53, 0x01, 0x07, 0x0c, 0x54, 0x57, 0x0c,
  0x0c, 0x1a, 0xff, 0x5a, 0x0d, 0x0d, 0x7c, 0x01, 0x05, 0x1a, 0x0a, 0x01,
  0xea, 0x0c, 0x0d, 0x7c, 0xff, 0xff
};

static const uint8_t EN_B0_26[] = {
  0xed, 0x1b, 0x11, 0x05, 0x1a, 0x01, 0x09, 0x1b, 0x19, 0x0c, 0x53, 0xff,
  0x54, 0x1b, 0x01, 0x11, 0x0c, 0x18, 0x1d, 0x01, 0x5b, 0x1b, 0x55, 0x3f,
  0xff, 0xff
};

static const uint8_t EN_B0_27[] = {
  0xe9, 0x11, 0x05, 0x1a, 0x0e, 0x0c, 0x01, 0x05, 0x01, 0x09, 0x05, 0x52,
  0x0a, 0x01, 0x54, 0x1b, 0xff, 0x54, 0x1b, 0x01, 0xfc, 0x43, 0xfc, 0x01,
  0x05, 0x1a, 0x0a, 0xff, 0x0d, 0x05, 0x56, 0x1b, 0x52, 0x15, 0x54, 0x0c,
  0x7c, 0xff, 0xff
};

static const uint8_t EN_B0_28[] = {
  0xe9, 0x11, 0x05, 0x1a, 0x0e, 0x0c, 0x01, 0x05, 0x01, 0x09, 0x05, 0x52,
  0x0a, 0x01, 0x54, 0x1b, 0xff, 0x54, 0x1b, 0x01, 0xfc, 0x43, 0xfc, 0x01,
  0x05, 0x1a, 0x0a, 0xff, 0x0d, 0x05, 0x56, 0x1b, 0x52, 0x15, 0x54, 0x0c,
  0x7c, 0xff, 0xff
};

static const uint8_t EN_B0_29[] = {
  0xe9, 0x11, 0x05, 0x1a, 0x0e, 0x0c, 0x01, 0x54, 0x11, 0x0c, 0xff, 0x0c,
  0x1a, 0x0c, 0x19, 0x5b, 0x42, 0x53, 0x01, 0x09, 0x05, 0x52, 0x0a, 0x3f,
  0xff, 0xff
};

static const uint8_t EN_B0_30[] = {
  0x7c, 0xff, 0xff
};

static const uint8_t EN_B0_31[] = {
  0x7c, 0xff, 0xff
};

static const uint8_t EN_B0_32[] = {
  0xec, 0x52, 0x1b, 0x0e, 0xff, 0xff
};

static const uint8_t EN_B0_33[] = {
  0x5a, 0x1a, 0x0c, 0x01, 0x1b, 0x0d, 0x01, 0x54, 0x11, 0x0c, 0x01, 0x87,
  0xff, 0xea, 0x52, 0x05, 0x0e, 0x1b, 0x1a, 0x07, 0x05, 0x18, 0x18, 0x53,
  0x3f, 0xff, 0xff
};

static const uint8_t EN_B0_40[] = {
  0x10, 0x11, 0x1b, 0x01, 0x0a, 0x1b, 0x01, 0x5b, 0x1b, 0x55, 0x01, 0x57,
  0x05, 0x1a, 0x54, 0xff, 0x54, 0x1b, 0x01, 0x11, 0x0c, 0x05, 0x18, 0x3e,
  0xff, 0xff
};

static const uint8_t EN_B0_41[] = {
  0x8a, 0x0c, 0x42, 0x53, 0x01, 0x52, 0x0c, 0x53, 0x54, 0x15, 0x1a, 0x0e,
  0x3f, 0xfd, 0xff, 0xff
};

static const uint8_t EN_B1_0[] = {
  0xfb, 0x01, 0x05, 0x54, 0x54, 0x05, 0x09, 0x17, 0x53, 0xff, 0xfa, 0x3f,
  0xfd, 0xff, 0xff
};

static const uint8_t EN_B1_1[] = {
  0xfa, 0x01, 0x54, 0x1b, 0x1b, 0x17, 0xff, 0xf8, 0x01, 0x0a, 0x05, 0x19,
  0x05, 0x0e, 0x0c, 0x3f, 0xfd, 0xff, 0xff
};

static const uint8_t EN_B1_2[] = {
  0xfa, 0x01, 0x15, 0x53, 0xff, 0x0a, 0x0c, 0x0d, 0x0c, 0x05, 0x54, 0x0c,
  0x0a, 0x40, 0xfd, 0xff, 0xff
};

static const uint8_t EN_B1_3[] = {
  0xfa, 0x01, 0x15, 0x53, 0xff, 0x54, 0x1b, 0x1b, 0x01, 0x53, 0x54, 0x52,
  0x1b, 0x1a, 0x0e, 0x3f, 0xfd, 0xff, 0xff
};

static const uint8_t EN_B1_4[] = {
  0xfa, 0x01, 0x0a, 0x1b, 0x0a, 0x0e, 0x0c, 0x53, 0xff, 0x54, 0x11, 0x0c,
  0x01, 0x05, 0x54, 0x54, 0x05, 0x09, 0x17, 0x3f, 0xfd, 0xff, 0xff
};

static const uint8_t EN_B1_5[] = {
  0xfb, 0x01, 0x0d, 0x18, 0x15, 0x0c, 0x53, 0xff, 0x54, 0x1b, 0x57, 0x05,
  0x52, 0x0a, 0x53, 0x01, 0xfa, 0x3f, 0xfd, 0xff, 0xff
};

static const uint8_t EN_B1_6[] = {
  0xfb, 0x01, 0x8d, 0x8e, 0x01, 0x05, 0x54, 0x54, 0x05, 0x09, 0x17, 0x3f,
  0xfd, 0xff, 0xff
};

static const uint8_t EN_B1_7[] = {
  0xfb, 0x42, 0x53, 0x01, 0x05, 0x54, 0x54, 0x05, 0x09, 0x17, 0xff, 0x11,
  0x05, 0x53, 0x01, 0x1a, 0x1b, 0x01, 0x0c, 0x0d, 0x0d, 0x0c, 0x09, 0x54,
  0xff, 0x1b, 0x1a, 0x01, 0xfa, 0x7c, 0xfd, 0xff, 0xff
};

static const uint8_t EN_B1_8[] = {
  0xfb, 0x01, 0x8d, 0x8e, 0x01, 0x8c, 0x0c, 0x05, 0x19, 0x3f, 0xfd, 0xff,
  0xff
};

static const uint8_t EN_B1_9[] = {
  0xfb, 0x01, 0x0c, 0x1a, 0x0c, 0x52, 0x0e, 0x5b, 0xff, 0x57, 0x05, 0x56,
  0x0c, 0x3f, 0xfd, 0xff, 0xff
};

static const uint8_t EN_B1_10[] = {
  0xfb, 0xff, 0x7e, 0x14, 0x1b, 0x18, 0x05, 0x52, 0x01, 0xec, 0x18, 0x05,
  0x52, 0x0c, 0x3f, 0x7f, 0xfd, 0xff, 0xff
};

static const uint8_t EN_B1_11[] = {
  0xfa, 0x01, 0x15, 0x53, 0xff, 0x1d, 0x05, 0x52, 0x05, 0x18, 0x5b, 0x5c,
  0x0c, 0x0a, 0x3f, 0xfd, 0xff, 0xff
};

static const uint8_t EN_B1_12[] = {
  0xfa, 0x01, 0x0a, 0x1b, 0x0a, 0x0e, 0x0c, 0x53, 0xff, 0x54, 0x11, 0x0c,
  0x01, 0x05, 0x54, 0x54, 0x05, 0x09, 0x17, 0x3f, 0xfd, 0xff, 0xff
};

static const uint8_t EN_B1_13[] = {
  0xfb, 0x01, 0x7e, 0x8d, 0x05, 0x19, 0x0c, 0xff, 0x11, 0x05, 0x19, 0x0c,
  0x01, 0x11, 0x05, 0x3f, 0x7f, 0xfd, 0xff, 0xff
};

static const uint8_t EN_B1_14[] = {
  0xfb, 0xff, 0x0e, 0x05, 0x54, 0x11, 0x0c, 0x52, 0x53, 0xff, 0x0c, 0x1a,
  0x0c, 0x52, 0x0e, 0x5b, 0x3f, 0xfd, 0xff, 0xff
};

static const uint8_t EN_B1_15[] = {
  0xfb, 0x01, 0x7e, 0x14, 0x55, 0x1d, 0x0c, 0x52, 0xff, 0x8d, 0x05, 0x19,
  0x0c, 0x11, 0x05, 0x19, 0x0c, 0x11, 0x05, 0x3f, 0x7f, 0xfd, 0xff, 0xff
};

static const uint8_t EN_B1_16[] = {
  0xfb, 0xff, 0x7e, 0x14, 0x1d, 0x15, 0x52, 0x15, 0x54, 0x01, 0x8c, 0x05,
  0x18, 0x18, 0x3f, 0x7f, 0xfd, 0xff, 0xff
};

static const uint8_t EN_B1_17[] = {
  0xfb, 0x01, 0x7e, 0xeb, 0x1a, 0x0c, 0x52, 0x0e, 0x5b, 0xff, 0x8c, 0x0c,
  0x05, 0x19, 0x3f, 0x7f, 0xfd, 0xff, 0xff
};

static const uint8_t EN_B1_18[] = {
  0xfb, 0x01, 0x7e, 0x0f, 0x05, 0x53, 0x0c, 0x1a, 0x17, 0x1b, 0x3f, 0x7f,
  0xfd, 0xff, 0xff
};

static const uint8_t EN_B1_19[] = {
  0xfb, 0x01, 0x7e, 0x0f, 0x05, 0x17, 0x1b, 0x11, 0x1b, 0x3f, 0x7f, 0xfd,
  0xff, 0xff
};

static const uint8_t EN_B1_20[] = {
  0xfb, 0x01, 0x7e, 0x06, 0x0c, 0x1a, 0x5c, 0x1b, 0x17, 0x55, 0xff, 0xeb,
  0x1a, 0x0c, 0x52, 0x0e, 0x5b, 0x01, 0xea, 0x05, 0x1a, 0x3f, 0x7f, 0xfd,
  0xff, 0xff
};

static const uint8_t EN_B1_21[] = {
  0xfb, 0x01, 0x7e, 0x0f, 0x05, 0x17, 0x1b, 0x11, 0x1b, 0x3f, 0x7f, 0xfd,
  0xff, 0xff
};

static const uint8_t EN_B1_22[] = {
  0xfb, 0x01, 0x7e, 0xea, 0x0c, 0x19, 0x1b, 0x1a, 0xff, 0x10, 0x05, 0x56,
  0x0c, 0x3f, 0x7f, 0xfd, 0xff, 0xff
};

static const uint8_t EN_B1_23[] = {
  0xfb, 0xff, 0x7e, 0x8d, 0x05, 0x17, 0x55, 0x53, 0x05, 0x1a, 0x3f, 0x7f,
  0xfd, 0xff, 0xff
};

static const uint8_t EN_B1_24[] = {
  0xfb, 0xff, 0x7e, 0xea, 0x0c, 0x53, 0x54, 0x52, 0x55, 0x09, 0x54, 0x1b,
  0x01, 0xea, 0x15, 0x53, 0x17, 0x3f, 0x7f, 0xfd, 0xff, 0xff
};

static const uint8_t EN_B1_25[] = {
  0xfb, 0x40, 0xfd, 0xff, 0xff
};

static const uint8_t EN_B1_26[] = {
  0xfb, 0xff, 0x47, 0x52, 0x15, 0x43, 0x8c, 0x0c, 0x05, 0x19, 0x7b, 0x01,
  0x11, 0x05, 0x3f, 0xfd, 0xff, 0xff
};

static const uint8_t EN_B1_27[] = {
  0xfb, 0x01, 0x53, 0x1d, 0x18, 0x15, 0x54, 0x01, 0x0d, 0x1b, 0x52, 0x19,
  0xff, 0x05, 0x54, 0x54, 0x05, 0x09, 0x17, 0x3f, 0xfd, 0xff, 0xff
};

static const uint8_t EN_B1_28[] = {
  0xfb, 0x01, 0x7e, 0x14, 0x1d, 0x18, 0x15, 0x54, 0xff, 0x8d, 0x15, 0x17,
  0x1b, 0x11, 0x1b, 0x3f, 0x7f, 0xfd, 0xff, 0xff
};

static const uint8_t EN_B1_29[] = {
  0xfb, 0x01, 0x7e, 0x14, 0x1d, 0x15, 0x52, 0x15, 0x54, 0xff, 0x8c, 0x05,
  0x18, 0x18, 0x3f, 0x7f, 0xfd, 0xff, 0xff
};

static const uint8_t EN_B1_30[] = {
  0xfb, 0x01, 0x7e, 0x14, 0x1d, 0x15, 0x52, 0x15, 0x54, 0xff, 0x8c, 0x05,
  0x18, 0x18, 0x3f, 0x7f, 0xfd, 0xff, 0xff
};

static const uint8_t EN_B1_31[] = {
  0xfb, 0xff, 0x7e, 0xea, 0x1b, 0x0a, 0x1b, 0x1a, 0x1d, 0x05, 0x3f, 0x7f,
  0xfd, 0xff, 0xff
};

static const uint8_t EN_B1_32[] = {
  0xfb, 0x01, 0x1d, 0x05, 0x52, 0x05, 0x18, 0x5b, 0x5c, 0x15, 0x1a, 0x0e,
  0xff, 0x05, 0x54, 0x54, 0x05, 0x09, 0x17, 0x3f, 0xfd, 0xff, 0xff
};

static const uint8_t EN_B1_33[] = {
  0x47, 0x11, 0x0c, 0x01, 0x05, 0x54, 0x54, 0x05, 0x09, 0x17, 0xff, 0x53,
  0x54, 0x55, 0x1a, 0x53, 0x01, 0xfa, 0x3f, 0xfd, 0xff, 0xff
};

static const uint8_t EN_B1_34[] = {
  0xfb, 0x01, 0x53, 0x55, 0x15, 0x09, 0x15, 0x0a, 0x05, 0x18, 0xff, 0x05,
  0x54, 0x54, 0x05, 0x09, 0x17, 0x3f, 0xfd, 0xff, 0xff
};

static const uint8_t EN_B1_35[] = {
  0xfb, 0xff, 0x7e, 0xeb, 0x58, 0x1d, 0x18, 0x1b, 0x0a, 0x15, 0x1a, 0x0e,
  0x01, 0x10, 0x05, 0x56, 0x0c, 0x3f, 0x7f, 0xfd, 0xff, 0xff
};

static const uint8_t EN_B1_36[] = {
  0xfb, 0xff, 0x7e, 0xec, 0x15, 0x1a, 0x05, 0x18, 0x8c, 0x55, 0x53, 0x54,
  0x0c, 0x52, 0x3f, 0x7f, 0xfd, 0xff, 0xff
};

static const uint8_t EN_B1_37[] = {
  0xfb, 0x01, 0xff, 0x05, 0x54, 0x54, 0x05, 0x09, 0x17, 0x53, 0x3f, 0xfd,
  0xff, 0xff
};

static const uint8_t EN_B1_38[] = {
  0xfb, 0x01, 0x09, 0x11, 0x05, 0x1a, 0x0e, 0x0c, 0x0a, 0xff, 0x15, 0x1a,
  0x54, 0x1b, 0x01, 0x05, 0x1a, 0x01, 0x5a, 0x1b, 0x5c, 0x05, 0x52, 0x55,
  0x3f, 0xfd, 0xff, 0xff
};

static const uint8_t EN_B1_39[] = {
  0xfb, 0xff, 0x7e, 0x45, 0x1b, 0x17, 0x05, 0x15, 0x0c, 0x17, 0x15, 0x3f,
  0x7f, 0xfd, 0xff, 0xff
};

static const uint8_t EN_B1_40[] = {
  0xfb, 0x01, 0x52, 0x0c, 0x05, 0x0a, 0x15, 0x0c, 0x53, 0xff, 0x54, 0x11,
  0x0c, 0x01, 0x05, 0x54, 0x54, 0x05, 0x09, 0x17, 0x3f, 0xfd, 0xff, 0xff
};

static const uint8_t EN_B1_41[] = {
  0xfb, 0x01, 0x0a, 0x15, 0x0c, 0x0a, 0xff, 0x1d, 0x0c, 0x52, 0x0d, 0x1b,
  0x52, 0x19, 0x15, 0x1a, 0x0e, 0x01, 0x54, 0x11, 0x0c, 0xff, 0x05, 0x54,
  0x54, 0x05, 0x09, 0x17, 0x3f, 0xfd, 0xff, 0xff
};

static const uint8_t EN_B1_42[] = {
  0xfb, 0x01, 0x0c, 0x1a, 0x0c, 0x52, 0x0e, 0x5b, 0xff, 0x07, 0x0c, 0x05,
  0x19, 0x3f, 0xfd, 0xff, 0xff
};

static const uint8_t EN_B1_43[] = {
  0xfb, 0x01, 0x0c, 0x1a, 0x0c, 0x52, 0x0e, 0x5b, 0xff, 0x07, 0x0c, 0x05,
  0x19, 0x3f, 0xfd, 0xff, 0xff
};

static const uint8_t EN_B1_44[] = {
  0xfb, 0x01, 0x53, 0x1d, 0x18, 0x15, 0x54, 0x53, 0xff, 0x15, 0x1a, 0x54,
  0x1b, 0x01, 0x54, 0x57, 0x1b, 0x3f, 0x01, 0xfd, 0xff, 0xff
};

static const uint8_t EN_B1_45[] = {
  0xfb, 0x01, 0x19, 0x1b, 0x55, 0x54, 0x11, 0xff, 0x07, 0x0c, 0x05, 0x19,
  0x3f, 0xfd, 0xff, 0xff
};

static const uint8_t EN_B1_46[] = {
  0xfb, 0x01, 0x15, 0x53, 0xff, 0x0d, 0x55, 0x52, 0x15, 0x1b, 0x55, 0x53,
  0x3f, 0xfd, 0xff, 0xff
};

static const uint8_t EN_B1_47[] = {
  0xfb, 0xff, 0x53, 0x54, 0x1b, 0x1d, 0x53, 0x01, 0x54, 0x15, 0x19, 0x0c,
  0x3f, 0xfd, 0xff, 0xff
};

static const uint8_t EN_B1_48[] = {
  0xfa, 0xff, 0x15, 0x53, 0x01, 0x0d, 0x52, 0x1b, 0x5c, 0x0c, 0x1a, 0x3f,
  0xfd, 0xff, 0xff
};

static const uint8_t EN_B1_49[] = {
  0xfb, 0xff, 0x7e, 0xeb, 0x58, 0x1d, 0x18, 0x1b, 0x0a, 0x15, 0x1a, 0x0e,
  0x01, 0x10, 0x05, 0x56, 0x0c, 0x3f, 0x7f, 0xfd, 0xff, 0xff
};

static const uint8_t EN_B1_50[] = {
  0xfb, 0x01, 0x54, 0x52, 0x15, 0x1d, 0x18, 0x0c, 0xff, 0x05, 0x54, 0x54,
  0x05, 0x09, 0x17, 0x3f, 0xfd, 0xff, 0xff
};

static const uint8_t EN_B1_51[] = {
  0xfb, 0x01, 0x0c, 0x1a, 0x0c, 0x52, 0x0e, 0x5b, 0xff, 0x57, 0x05, 0x56,
  0x0c, 0x3f, 0xfd, 0xff, 0xff
};

static const uint8_t EN_B1_52[] = {
  0xfb, 0xff, 0x7e, 0xeb, 0x58, 0x1d, 0x18, 0x1b, 0x0a, 0x15, 0x1a, 0x0e,
  0x01, 0x10, 0x05, 0x56, 0x0c, 0x3f, 0x7f, 0xfd, 0xff, 0xff
};

static const uint8_t EN_B1_53[] = {
  0xfb, 0x01, 0x15, 0x53, 0xff, 0x0d, 0x55, 0x52, 0x15, 0x1b, 0x55, 0x53,
  0x3f, 0xfd, 0xff, 0xff
};

static const uint8_t EN_B1_54[] = {
  0x04, 0x0c, 0x15, 0x09, 0x0c, 0x01, 0x05, 0x1a, 0x0a, 0x01, 0x8c, 0x55,
  0x52, 0x54, 0x0c, 0x52, 0xff, 0x7e, 0x8b, 0x55, 0x52, 0x1d, 0x18, 0x0c,
  0x01, 0xe9, 0x1b, 0x19, 0x0c, 0x54, 0x01, 0xec, 0x18, 0x05, 0x53, 0x11,
  0x3f, 0x7f, 0xfd, 0xff, 0xff
};

static const uint8_t EN_B1_55[] = {
  0xfb, 0xff, 0x7e, 0xe9, 0x52, 0x55, 0x53, 0x11, 0x0c, 0x52, 0x01, 0x8c,
  0x05, 0x18, 0x18, 0x3f, 0x7f, 0xfd, 0xff, 0xff
};

static const uint8_t EN_B1_56[] = {
  0xfb, 0x42, 0x53, 0x01, 0x1d, 0x1b, 0x57, 0x0c, 0x52, 0xff, 0x15, 0x1a,
  0x09, 0x52, 0x0c, 0x05, 0x53, 0x0c, 0x0a, 0x3f, 0xfd, 0xff, 0xff
};

static const uint8_t EN_B1_57[] = {
  0xfb, 0xff, 0x7e, 0x8c, 0x1b, 0x0a, 0x5b, 0x01, 0xe9, 0x11, 0x05, 0x1a,
  0x0e, 0x0c, 0x3f, 0x7f, 0xfd, 0xff, 0xff
};

static const uint8_t EN_B1_58[] = {
  0xfb, 0x01, 0x53, 0x54, 0x1b, 0x18, 0x0c, 0xff, 0xfa, 0x42, 0x53, 0x01,
  0x07, 0x1b, 0x0a, 0x5b, 0x3f, 0xfd, 0xff, 0xff
};

static const uint8_t EN_B1_59[] = {
  0xf9, 0xfd, 0xff, 0xff
};

static const uint8_t EN_B1_60[] = {
  0xfb, 0xff, 0x7e, 0x14, 0x55, 0x1d, 0x0c, 0x52, 0x01, 0x8c, 0x18, 0x05,
  0x53, 0x54, 0x3f, 0x7f, 0xfd, 0xff, 0xff
};

static const uint8_t EN_B1_61[] = {
  0xfb, 0x01, 0x15, 0x53, 0xff, 0x54, 0x52, 0x05, 0x1a, 0x53, 0x0d, 0x1b,
  0x52, 0x19, 0x15, 0x1a, 0x0e, 0x40, 0xfd, 0xff, 0xff
};

static const uint8_t EN_B1_62[] = {
  0xec, 0x52, 0x0c, 0x0c, 0x5c, 0x05, 0x42, 0x53, 0x01, 0x0d, 0x15, 0x1a,
  0x05, 0x18, 0xff, 0x0d, 0x1b, 0x52, 0x19, 0x3f, 0xfd, 0xff, 0xff
};

static const uint8_t EN_B1_63[] = {
  0xfa, 0xff, 0xff
};

static const uint8_t EN_B1_64[] = {
  0xfa, 0x01, 0x52, 0x0c, 0x54, 0x55, 0x52, 0x1a, 0x0c, 0x0a, 0xff, 0x54,
  0x1b, 0x01, 0x1a, 0x1b, 0x52, 0x19, 0x05, 0x18, 0x7c, 0xfd, 0xff, 0xff
};

static const uint8_t EN_B1_65[] = {
  0xfb, 0xff, 0x7e, 0xea, 0x0c, 0x05, 0x54, 0x11, 0x01, 0x10, 0x05, 0x56,
  0x0c, 0x3f, 0x7f, 0xfd, 0xff, 0xff
};

static const uint8_t EN_B1_66[] = {
  0x7e, 0xee, 0x0c, 0x05, 0x56, 0x0c, 0x01, 0x19, 0x5b, 0x01, 0x0a, 0x05,
  0x0a, 0xff, 0xe8, 0xee, 0x5a, 0x50, 0xeb, 0x3f, 0x7f, 0xfd, 0xff, 0xff
};

static const uint8_t EN_B1_67[] = {
  0x7e, 0x50, 0x1b, 0x57, 0x3f, 0x7f, 0xfd, 0xff, 0xff
};

static const uint8_t EN_B1_68[] = {
  0x7e, 0x8b, 0x15, 0x09, 0x09, 0x1b, 0x18, 0x1b, 0x7b, 0x01, 0x11, 0x55,
  0x52, 0x52, 0x5b, 0x3f, 0xff, 0x8d, 0x8e, 0x01, 0x05, 0x54, 0x54, 0x05,
  0x09, 0x17, 0x3f, 0x7f, 0xfd, 0xff, 0xff
};

static const uint8_t EN_B1_69[] = {
  0x7e, 0xe9, 0x55, 0x52, 0x53, 0x0c, 0x01, 0x5b, 0x1b, 0x55, 0x7b, 0xff,
  0x8d, 0x05, 0x17, 0x05, 0x52, 0x1b, 0x54, 0x54, 0x1b, 0x3f, 0xff, 0xee,
  0x0c, 0x54, 0x01, 0x0e, 0x1b, 0x01, 0x1b, 0x0d, 0x01, 0x19, 0x0c, 0xff,
  0x1a, 0x1b, 0x57, 0x3f, 0x7f, 0xfd, 0xff, 0xff
};

static const uint8_t EN_B1_70[] = {
  0x7e, 0x50, 0x1b, 0x01, 0x57, 0x05, 0x5b, 0x7b, 0x01, 0x06, 0x05, 0x0a,
  0x15, 0x54, 0x5c, 0x3f, 0xff, 0x8e, 0x0d, 0x01, 0x8e, 0x01, 0x11, 0x05,
  0x56, 0x0c, 0x01, 0x54, 0x1b, 0x7b, 0xff, 0x8e, 0x42, 0x18, 0x18, 0x01,
  0x0a, 0x15, 0x0c, 0x01, 0x57, 0x15, 0x54, 0x11, 0x01, 0x5b, 0x1b, 0x55,
  0x3f, 0x7f, 0xfd, 0xff, 0xff
};

static const uint8_t EN_B1_71[] = {
  0x06, 0x05, 0x0a, 0x15, 0x54, 0x5c, 0x01, 0x15, 0x53, 0xff, 0x15, 0x19,
  0x19, 0x1b, 0x07, 0x15, 0x18, 0x15, 0x5c, 0x0c, 0x0a, 0x7c, 0xfd, 0xff,
  0xff
};

static const uint8_t EN_B1_72[] = {
  0xed, 0x1b, 0x17, 0x55, 0x01, 0x54, 0x1b, 0x1b, 0x17, 0xff, 0xf8, 0x01,
  0x0a, 0x05, 0x19, 0x05, 0x0e, 0x0c, 0x3f, 0xfd, 0xff, 0xff
};

static const uint8_t EN_B1_73[] = {
  0x7e, 0xe8, 0x52, 0x52, 0x0e, 0x0e, 0x0e, 0x11, 0x11, 0x11, 0x40, 0x3f,
  0x7f, 0xfd, 0xff, 0xff
};

static const uint8_t EN_B1_74[] = {
  0x06, 0x05, 0x0a, 0x15, 0x54, 0x5c, 0x01, 0x05, 0x1a, 0x0a, 0x01, 0xed,
  0x1b, 0x17, 0x55, 0xff, 0x05, 0x52, 0x0c, 0x01, 0x0a, 0x0c, 0x05, 0x0a,
  0x7c, 0xfd, 0xff, 0xff
};

static const uint8_t EN_B1_75[] = {
  0x7e, 0xed, 0x1b, 0x17, 0x40, 0xff, 0xea, 0x05, 0x19, 0x1a, 0x3f, 0x7f,
  0xfd, 0xff, 0xff
};

static const uint8_t EN_B1_76[] = {
  0x7e, 0x40, 0x11, 0x0c, 0x40, 0x40, 0x7f, 0xfd, 0xff, 0xff
};

static const uint8_t EN_B1_77[] = {
  0xfb, 0x01, 0x09, 0x11, 0x05, 0x1a, 0x0e, 0x0c, 0x0a, 0xff, 0x15, 0x1a,
  0x54, 0x1b, 0x01, 0xfa, 0x01, 0x01, 0xfd, 0xff, 0xff
};

static const uint8_t EN_B1_78[] = {
  0xfb, 0xff, 0x7e, 0xeb, 0x1a, 0x0c, 0x52, 0x0e, 0x5b, 0x01, 0x57, 0x05,
  0x56, 0x0c, 0x3f, 0x7f, 0xfd, 0xff, 0xff
};

static const uint8_t EN_B1_79[] = {
  0xfb, 0xff, 0xff
};

static const uint8_t EN_B1_80[] = {
  0xfb, 0xfd, 0xff, 0xff
};

static const uint8_t EN_B1_81[] = {
  0xfb, 0xff, 0x7e, 0x12, 0x55, 0x05, 0x0a, 0x01, 0x07, 0x0c, 0x05, 0x19,
  0x01, 0x09, 0x05, 0x1a, 0x1a, 0x1b, 0x1a, 0x3f, 0x7f, 0xfd, 0xff, 0xff
};

static const uint8_t EN_B1_82[] = {
  0xfb, 0x01, 0x8d, 0x8e, 0x01, 0x05, 0x54, 0x54, 0x05, 0x09, 0x17, 0x3f,
  0xfd, 0xff, 0xff
};

static const uint8_t EN_B1_83[] = {
  0xfa, 0x01, 0x18, 0x1b, 0x53, 0x0c, 0x53, 0xff, 0xf8, 0x01, 0x8d, 0x8e,
  0x3f, 0xfd, 0xff, 0xff
};

static const uint8_t EN_B1_84[] = {
  0xfb, 0x01, 0x0a, 0x52, 0x05, 0x15, 0x1a, 0x0c, 0x0a, 0xff, 0xf8, 0x01,
  0x8a, 0x8b, 0x01, 0x0d, 0x52, 0x1b, 0x19, 0xff, 0xfa, 0x3f, 0xfd, 0xff,
  0xff
};

static const uint8_t EN_B1_85[] = {
  0xfb, 0x01, 0x09, 0x05, 0x1a, 0x42, 0x54, 0xff, 0x19, 0x1b, 0x56, 0x0c,
  0x3f, 0xfd, 0xff, 0xff
};

static const uint8_t EN_B1_86[] = {
  0xfb, 0xff, 0x7e, 0xe9, 0x11, 0x1b, 0x1a, 0x1b, 0x52, 0x5b, 0x1b, 0x17,
  0x55, 0x3f, 0x7f, 0xfd, 0xff, 0xff
};

static const uint8_t EN_B1_87[] = {
  0xfb, 0xff, 0x09, 0x1b, 0x55, 0x1a, 0x54, 0x0c, 0x52, 0x05, 0x54, 0x54,
  0x05, 0x09, 0x17, 0x3f, 0xfd, 0xff, 0xff
};

static const uint8_t EN_B1_88[] = {
  0xeb, 0x1a, 0x0c, 0x19, 0x15, 0x0c, 0x53, 0xff, 0x05, 0x1d, 0x1d, 0x52,
  0x1b, 0x05, 0x09, 0x11, 0x3f, 0xff, 0xff
};

static const uint8_t EN_B1_89[] = {
  0x8b, 0x52, 0x0c, 0x1d, 0x05, 0x52, 0x0c, 0xff, 0x54, 0x1b, 0x01, 0x0d,
  0x15, 0x0e, 0x11, 0x54, 0x3f, 0xff, 0xff
};

static const uint8_t EN_B1_90[] = {
  0xee, 0x1b, 0x1b, 0x17, 0x53, 0x01, 0x18, 0x15, 0x17, 0x0c, 0x01, 0x05,
  0x1a, 0xff, 0x0c, 0x05, 0x53, 0x5b, 0x01, 0x0d, 0x15, 0x0e, 0x11, 0x54,
  0x3f, 0xff, 0xff
};

static const uint8_t EN_B1_91[] = {
  0xe8, 0x1a, 0x05, 0x18, 0x5b, 0x5c, 0x15, 0x1a, 0x0e, 0x01, 0x1d, 0x1b,
  0x57, 0x0c, 0x52, 0xff, 0x18, 0x0c, 0x56, 0x0c, 0x18, 0x40, 0xfd, 0xff,
  0xff
};

static const uint8_t EN_B1_92[] = {
  0x14, 0x09, 0x1b, 0x55, 0x54, 0x0c, 0x52, 0x01, 0x0c, 0x58, 0x1d, 0x18,
  0x1b, 0x0a, 0x0c, 0x0a, 0x3f, 0xfd, 0xff, 0xff
};

static const uint8_t EN_B1_93[] = {
  0xfb, 0x01, 0x55, 0x53, 0x0c, 0x53, 0x01, 0x05, 0xff, 0x53, 0x1d, 0x0c,
  0x09, 0x15, 0x05, 0x18, 0x01, 0x05, 0x54, 0x54, 0x05, 0x09, 0x17, 0xff,
  0x1b, 0x1a, 0x01, 0xfa, 0x3f, 0xfd, 0xff, 0xff
};

static const uint8_t EN_B1_94[] = {
  0xfb, 0x01, 0x52, 0x05, 0x1a, 0x3f, 0xfd, 0xff, 0xff
};

static const uint8_t EN_B1_95[] = {
  0xfb, 0x01, 0x07, 0x0c, 0x05, 0x54, 0x53, 0xff, 0x54, 0x11, 0x0c, 0x01,
  0x0d, 0x15, 0x1a, 0x05, 0x18, 0x01, 0x0c, 0x1a, 0x0c, 0x19, 0x5b, 0xff,
  0xff
};

static const uint8_t EN_B1_96[] = {
  0xfb, 0x01, 0x0a, 0x0c, 0x0d, 0x0c, 0x05, 0x54, 0x0c, 0x0a, 0xff, 0x54,
  0x11, 0x0c, 0x01, 0x18, 0x05, 0x53, 0x54, 0x01, 0x0c, 0x1a, 0x0c, 0x19,
  0x5b, 0x3f, 0xff, 0xff
};

static const uint8_t EN_B1_97[] = {
  0xf8, 0x01, 0x08, 0x8b, 0x01, 0x0e, 0x05, 0x15, 0x1a, 0x0c, 0x0a, 0x3f,
  0xff, 0xff
};

static const uint8_t EN_B1_98[] = {
  0x45, 0x1b, 0x55, 0x01, 0x0d, 0x1b, 0x55, 0x1a, 0x0a, 0x01, 0x54, 0x11,
  0x0c, 0xff, 0x15, 0x54, 0x0c, 0x19, 0x01, 0x7e, 0xfb, 0x7f, 0x3f, 0xff,
  0xff
};

static const uint8_t EN_B1_101[] = {
  0xfb, 0x01, 0x52, 0x0c, 0x05, 0x09, 0x11, 0x0c, 0x0a, 0xff, 0x18, 0x0c,
  0x56, 0x0c, 0x18, 0x01, 0xf8, 0xff, 0xff
};

static const uint8_t EN_B1_102[] = {
  0x7e, 0x8e, 0x42, 0x18, 0x18, 0x01, 0x54, 0x52, 0x5b, 0x01, 0x54, 0x1b,
  0xff, 0x11, 0x1b, 0x18, 0x0a, 0x01, 0x11, 0x15, 0x19, 0x3f, 0x7f, 0xfd,
  0xff, 0xff
};

static const uint8_t EN_B1_103[] = {
  0xfa, 0xff, 0x0a, 0x0c, 0x0d, 0x0c, 0x05, 0x54, 0x0c, 0x0a, 0x3f, 0xff,
  0xff
};

static const uint8_t EN_B1_104[] = {
  0xf4, 0x02, 0x80, 0x7e, 0x10, 0x11, 0x5b, 0x01, 0x05, 0x52, 0x0c, 0xff,
  0x01, 0x5b, 0x1b, 0x55, 0x01, 0x11, 0x0c, 0x52, 0x0c, 0x3e, 0x7f, 0xff,
  0xff
};

static const uint8_t EN_B1_105[] = {
  0xf4, 0x00, 0x00, 0x7e, 0xed, 0x15, 0x56, 0x0c, 0x01, 0x19, 0x0c, 0x01,
  0x19, 0x5b, 0xff, 0x01, 0x53, 0x1b, 0x1a, 0x01, 0x07, 0x05, 0x09, 0x17,
  0x3f, 0x7f, 0xff, 0xff
};

static const uint8_t EN_B1_106[] = {
  0xf4, 0x02, 0x80, 0x7e, 0x50, 0x1b, 0x54, 0x01, 0x53, 0x1b, 0x01, 0x0d,
  0x05, 0x53, 0x54, 0x7b, 0xff, 0x01, 0x8d, 0x05, 0x17, 0x05, 0x52, 0x1b,
  0x54, 0x54, 0x1b, 0x3f, 0x7f, 0xff, 0xff
};

static const uint8_t EN_B1_107[] = {
  0xf4, 0x02, 0x80, 0x7e, 0x8a, 0x05, 0x56, 0x0c, 0x01, 0x5b, 0x1b, 0x55,
  0xff, 0x01, 0x0a, 0x0c, 0x09, 0x15, 0x0a, 0x0c, 0x0a, 0x01, 0x54, 0x1b,
  0xff, 0x01, 0x16, 0x1b, 0x15, 0x1a, 0x01, 0x19, 0x0c, 0x3e, 0x7f, 0xff,
  0xff
};

static const uint8_t EN_B1_108[] = {
  0xf4, 0x00, 0x00, 0x7e, 0x50, 0x0c, 0x56, 0x0c, 0x52, 0x3f, 0xff, 0x01,
  0x45, 0x1b, 0x55, 0x42, 0x52, 0x0c, 0x01, 0x1a, 0x1b, 0x54, 0x01, 0x19,
  0x5b, 0xff, 0x01, 0x07, 0x52, 0x1b, 0x54, 0x11, 0x0c, 0x52, 0x3f, 0x7f,
  0xff, 0xff
};

static const uint8_t EN_B1_109[] = {
  0xf4, 0x00, 0x01, 0x7e, 0xea, 0x05, 0x19, 0x1a, 0x7b, 0x01, 0x11, 0x0c,
  0x42, 0x53, 0xff, 0x01, 0x53, 0x54, 0x52, 0x1b, 0x1a, 0x0e, 0x3f, 0x7f,
  0xff, 0xff
};

static const uint8_t EN_B1_110[] = {
  0xf4, 0x00, 0x00, 0x7e, 0x10, 0x11, 0x05, 0x54, 0x01, 0x11, 0x05, 0x56,
  0x0c, 0x01, 0x5b, 0x1b, 0x55, 0xff, 0x01, 0x0a, 0x1b, 0x1a, 0x0c, 0x01,
  0x57, 0x15, 0x54, 0x11, 0x01, 0x19, 0x5b, 0xff, 0x01, 0x53, 0x1b, 0x1a,
  0x3e, 0x7f, 0xff, 0xff
};

static const uint8_t EN_B1_111[] = {
  0xf4, 0x02, 0x80, 0x7e, 0x8a, 0x0c, 0x01, 0x57, 0x1b, 0x55, 0x18, 0x0a,
  0x1a, 0x42, 0x54, 0xff, 0x01, 0x53, 0x54, 0x1b, 0x1d, 0x01, 0x09, 0x52,
  0x5b, 0x15, 0x1a, 0x0e, 0x40, 0x7f, 0xff, 0xff
};

static const uint8_t EN_B1_112[] = {
  0xf4, 0x02, 0x80, 0x7e, 0x8e, 0x01, 0x18, 0x1b, 0x09, 0x17, 0x0c, 0x0a,
  0x01, 0x11, 0x15, 0x19, 0xff, 0x01, 0x15, 0x1a, 0x01, 0x54, 0x11, 0x0c,
  0x01, 0x09, 0x05, 0x1d, 0x53, 0x55, 0x18, 0x0c, 0xff, 0x01, 0x07, 0x0c,
  0x11, 0x15, 0x1a, 0x0a, 0x01, 0x5b, 0x1b, 0x55, 0x7c, 0x7f, 0xff, 0xff
};

static const uint8_t EN_B1_113[] = {
  0xf4, 0x02, 0x80, 0x7e, 0x8a, 0x0c, 0x42, 0x53, 0x01, 0x0d, 0x15, 0x1a,
  0x0c, 0x7b, 0xff, 0x01, 0x0d, 0x1b, 0x52, 0x01, 0x1a, 0x1b, 0x57, 0x7c,
  0x7f, 0xff, 0xff
};

static const uint8_t EN_B1_114[] = {
  0xf4, 0x00, 0x00, 0x7e, 0xea, 0x1b, 0x1a, 0x42, 0x54, 0x01, 0x57, 0x1b,
  0x52, 0x52, 0x5b, 0x7b, 0xff, 0x01, 0xed, 0x1b, 0x11, 0x05, 0x1a, 0x3f,
  0xff, 0x01, 0x8e, 0x42, 0x19, 0x01, 0x11, 0x0c, 0x52, 0x0c, 0x3f, 0x7f,
  0xff, 0xff
};

static const uint8_t EN_B1_115[] = {
  0xf4, 0x02, 0x80, 0x7e, 0x8a, 0x05, 0x01, 0x11, 0x05, 0x3f, 0x01, 0xe8,
  0x53, 0x01, 0x15, 0x0d, 0xff, 0x01, 0x15, 0x54, 0x01, 0x57, 0x15, 0x18,
  0x18, 0x01, 0x19, 0x05, 0x54, 0x54, 0x0c, 0x52, 0x7b, 0xff, 0x01, 0x8d,
  0x05, 0x17, 0x05, 0x52, 0x1b, 0x54, 0x54, 0x1b, 0x3f, 0x7f, 0xff, 0xff
};

static const uint8_t EN_B1_116[] = {
  0xf4, 0x02, 0x80, 0x7e, 0x8b, 0x52, 0x0c, 0x1d, 0x05, 0x52, 0x0c, 0x01,
  0x54, 0x1b, 0xff, 0x01, 0x0a, 0x15, 0x0c, 0x3f, 0x7f, 0xff, 0xff
};

static const uint8_t EN_B1_117[] = {
  0xf4, 0x00, 0x00, 0x7e, 0xe8, 0x52, 0x0c, 0x01, 0x5b, 0x1b, 0x55, 0xff,
  0x01, 0x52, 0x0c, 0x05, 0x0a, 0x5b, 0x7b, 0xff, 0x01, 0x8b, 0x15, 0x09,
  0x09, 0x1b, 0x18, 0x1b, 0x3e, 0x01, 0x7f, 0xff, 0xff
};

static const uint8_t EN_B1_118[] = {
  0xf4, 0x01, 0x00, 0x7e, 0x10, 0x0c, 0x01, 0x0a, 0x1b, 0x1a, 0x42, 0x54,
  0xff, 0x01, 0x52, 0x0c, 0x05, 0x18, 0x18, 0x5b, 0x01, 0x11, 0x05, 0x56,
  0x0c, 0xff, 0x01, 0x05, 0x01, 0x09, 0x11, 0x1b, 0x15, 0x09, 0x0c, 0x40,
  0x7f, 0xff, 0xff
};

static const uint8_t EN_B1_119[] = {
  0xf4, 0x02, 0x80, 0x7e, 0x0f, 0x5b, 0x01, 0x53, 0x09, 0x1b, 0x55, 0x54,
  0x0c, 0x52, 0x01, 0x15, 0x53, 0xff, 0x01, 0x1d, 0x15, 0x09, 0x17, 0x15,
  0x1a, 0x0e, 0x01, 0x55, 0x1d, 0x01, 0x05, 0xff, 0x01, 0x1d, 0x1b, 0x57,
  0x0c, 0x52, 0x01, 0x18, 0x0c, 0x56, 0x0c, 0x18, 0x01, 0x1b, 0x0d, 0x01,
  0x87, 0x81, 0x80, 0x8c, 0x8b, 0x3f, 0xff, 0x01, 0x10, 0x11, 0x0c, 0x52,
  0x0c, 0x40, 0x3e, 0x7f, 0xff, 0xff
};

static const uint8_t EN_B1_120[] = {
  0xf4, 0x83, 0x00, 0x7e, 0xee, 0x0c, 0x05, 0x56, 0x0c, 0x01, 0x19, 0x5b,
  0x01, 0x0a, 0x05, 0x0a, 0xff, 0x01, 0xe8, 0xee, 0x5a, 0x50, 0xeb, 0x3f,
  0x7f, 0xff, 0xff
};

static const uint8_t EN_B1_121[] = {
  0xf4, 0x01, 0x00, 0x7e, 0x8c, 0x0c, 0x05, 0x19, 0x01, 0xe9, 0x05, 0x1a,
  0x1a, 0x1b, 0x1a, 0x3f, 0x7d, 0x7d, 0x7f, 0xfe, 0xff, 0xf4, 0x01, 0x00,
  0x7e, 0xec, 0x1b, 0x52, 0x0e, 0x15, 0x56, 0x0c, 0x01, 0x19, 0x0c, 0x7b,
  0xff, 0x01, 0xed, 0x1b, 0x17, 0x55, 0x40, 0x7d, 0x7f, 0xff, 0xff
};

static const uint8_t EN_B1_122[] = {
  0xf4, 0x02, 0x80, 0x7e, 0x50, 0x1b, 0x7b, 0x01, 0x53, 0x54, 0x1b, 0x1d,
  0x3f, 0x7f, 0xff, 0xff
};

static const uint8_t EN_B1_123[] = {
  0xf4, 0x00, 0x00, 0x7e, 0x47, 0x11, 0x0c, 0x52, 0x0c, 0x42, 0x53, 0x01,
  0x1a, 0x1b, 0xff, 0x01, 0x1b, 0x54, 0x11, 0x0c, 0x52, 0x01, 0x57, 0x05,
  0x5b, 0x40, 0x7d, 0x7f, 0xff, 0xff
};

static const uint8_t EN_B1_124[] = {
  0xf4, 0x00, 0x00, 0x7e, 0x0a, 0x1b, 0x01, 0x15, 0x54, 0x01, 0x1a, 0x1b,
  0x57, 0x3f, 0x7f, 0xff, 0xff
};

static const uint8_t EN_B1_125[] = {
  0xf4, 0x02, 0x80, 0x7e, 0x10, 0x11, 0x05, 0x54, 0x01, 0x54, 0x1b, 0x1b,
  0x17, 0x01, 0x5b, 0x1b, 0x55, 0xff, 0x01, 0x53, 0x1b, 0x01, 0x18, 0x1b,
  0x1a, 0x0e, 0x3e, 0x7f, 0xff, 0xff
};

static const uint8_t EN_B1_126[] = {
  0xf4, 0x00, 0x00, 0x7e, 0x10, 0x11, 0x0c, 0x52, 0x0c, 0x42, 0x53, 0x01,
  0x19, 0x5b, 0xff, 0x01, 0x53, 0x1b, 0x1a, 0x3f, 0x3e, 0x7f, 0xff, 0xff
};

static const uint8_t EN_B1_127[] = {
  0x7e, 0x8e, 0x54, 0x42, 0x53, 0x01, 0x19, 0x5b, 0x01, 0x0a, 0x05, 0x0a,
  0x3f, 0x7f, 0xff, 0xff
};

static const uint8_t EN_B1_128[] = {
  0x7e, 0x14, 0x1b, 0x52, 0x52, 0x5b, 0x01, 0x8e, 0x42, 0x19, 0xff, 0x01,
  0x18, 0x05, 0x54, 0x0c, 0x7c, 0x7f, 0xff, 0xff
};

static const uint8_t EN_B1_129[] = {
  0xf4, 0x01, 0x00, 0x7e, 0xed, 0x1b, 0x17, 0x55, 0x3f, 0x01, 0xe8, 0x19,
  0x01, 0x8e, 0x01, 0x0e, 0x18, 0x05, 0x0a, 0xff, 0x01, 0x54, 0x1b, 0x01,
  0x53, 0x0c, 0x0c, 0x01, 0x5b, 0x1b, 0x55, 0x3f, 0x7f, 0xff, 0xff
};

static const uint8_t EN_B1_130[] = {
  0xf4, 0x00, 0x00, 0x7e, 0x45, 0x0c, 0x53, 0x7b, 0x01, 0x18, 0x0c, 0x54,
  0x42, 0x53, 0x01, 0x0e, 0x1b, 0x3f, 0x7f, 0xff, 0xff
};

static const uint8_t EN_B1_131[] = {
  0x7e, 0x45, 0x1b, 0x55, 0x42, 0x52, 0x0c, 0x01, 0x0d, 0x15, 0x1a, 0x05,
  0x18, 0x18, 0x5b, 0xff, 0x01, 0x11, 0x0c, 0x52, 0x0c, 0x40, 0x7f, 0xff,
  0xff
};

static const uint8_t EN_B1_132[] = {
  0x7e, 0x5b, 0x1b, 0x55, 0x01, 0x53, 0x54, 0x15, 0x18, 0x18, 0x01, 0x57,
  0x1b, 0x1a, 0x42, 0x54, 0xff, 0x01, 0x53, 0x54, 0x1b, 0x1d, 0x01, 0x55,
  0x53, 0x7c, 0x7f, 0xff, 0xff
};

static const uint8_t EN_B1_133[] = {
  0x7e, 0x40, 0x40, 0x8d, 0x05, 0x17, 0x05, 0x52, 0x1b, 0x54, 0x54, 0x1b,
  0x3f, 0x3e, 0x7f, 0xff, 0xff
};

static const uint8_t EN_B1_134[] = {
  0x7e, 0x45, 0x1b, 0x55, 0x42, 0x52, 0x0c, 0x01, 0x1b, 0x1a, 0x18, 0x5b,
  0x01, 0x05, 0xff, 0x01, 0x53, 0x0c, 0x09, 0x1b, 0x1a, 0x0a, 0x43, 0x09,
  0x18, 0x05, 0x53, 0x53, 0xff, 0x01, 0x14, 0x05, 0x15, 0x5b, 0x05, 0x1a,
  0x3f, 0x7f, 0xfe, 0xff, 0x7e, 0x50, 0x05, 0x1d, 0x1d, 0x05, 0x3f, 0xff,
  0x01, 0x8d, 0x15, 0x18, 0x18, 0x01, 0x54, 0x11, 0x0c, 0x19, 0x40, 0x7f,
  0xff, 0xff
};

static const uint8_t EN_B1_135[] = {
  0x7e, 0x8e, 0x01, 0x53, 0x0c, 0x1a, 0x53, 0x0c, 0x40, 0xff, 0x19, 0x5b,
  0x01, 0x0d, 0x05, 0x54, 0x11, 0x0c, 0x52, 0x3f, 0x3e, 0x7f, 0xff, 0xff
};

static const uint8_t EN_B1_136[] = {
  0x7e, 0x8e, 0x01, 0x0d, 0x0c, 0x0c, 0x18, 0x01, 0x05, 0x40, 0x7f, 0xfe,
  0xff, 0x7e, 0x1d, 0x1b, 0x57, 0x0c, 0x52, 0x0d, 0x55, 0x18, 0x01, 0x0c,
  0x1a, 0x0c, 0x52, 0x0e, 0x5b, 0x3f, 0x7f, 0xff, 0xff
};

static const uint8_t EN_B1_137[] = {
  0x7e, 0x47, 0x15, 0x19, 0x0c, 0x01, 0x54, 0x1b, 0xff, 0x01, 0x53, 0x54,
  0x1b, 0x1d, 0x01, 0x1d, 0x18, 0x05, 0x5b, 0x15, 0x1a, 0x0e, 0xff, 0x01,
  0x05, 0x52, 0x1b, 0x55, 0x1a, 0x0a, 0x7c, 0x7f, 0xff, 0xff
};

static const uint8_t EN_B1_138[] = {
  0x7e, 0xe9, 0x1b, 0x19, 0x0c, 0x01, 0x1b, 0x1a, 0x3f, 0x7f, 0xfe, 0xff,
  0x01, 0x7e, 0xe8, 0x54, 0x54, 0x05, 0x09, 0x17, 0x01, 0x19, 0x0c, 0x3f,
  0x7f, 0xff, 0xff
};

static const uint8_t EN_B1_139[] = {
  0x7e, 0x8e, 0x42, 0x18, 0x18, 0x01, 0x53, 0x11, 0x1b, 0x57, 0x01, 0x5b,
  0x1b, 0x55, 0xff, 0x01, 0x54, 0x11, 0x0c, 0x01, 0x54, 0x52, 0x55, 0x0c,
  0x40, 0x7f, 0xff, 0xff
};

static const uint8_t EN_B1_140[] = {
  0x7e, 0x1d, 0x1b, 0x57, 0x0c, 0x52, 0x01, 0x1b, 0x0d, 0xff, 0x01, 0x54,
  0x11, 0x0c, 0x01, 0x14, 0x05, 0x15, 0x5b, 0x05, 0x1a, 0x53, 0x3f, 0x7f,
  0xff, 0xff
};

static const uint8_t EN_B1_141[] = {
  0x7e, 0x7f, 0xff, 0xff
};

static const uint8_t EN_B1_142[] = {
  0x7e, 0x7f, 0xff, 0xff
};

static const uint8_t EN_B1_143[] = {
  0x40, 0xff, 0xff
};

static const uint8_t EN_B1_144[] = {
  0x7e, 0x8e, 0x42, 0x18, 0x18, 0x01, 0x53, 0x54, 0x05, 0x52, 0x54, 0x01,
  0x57, 0x15, 0x54, 0x11, 0xff, 0x01, 0x5b, 0x1b, 0x55, 0x7b, 0x01, 0x07,
  0x52, 0x05, 0x54, 0x3f, 0x7f, 0xfd, 0xff, 0xff
};

static const uint8_t EN_B1_145[] = {
  0x7e, 0xee, 0x1b, 0x1b, 0x17, 0x01, 0x1b, 0x55, 0x54, 0x7b, 0xff, 0x01,
  0xed, 0x1b, 0x11, 0x05, 0x1a, 0x40, 0x7f, 0xfd, 0xff, 0xff
};

static const uint8_t EN_B1_146[] = {
  0x7e, 0x0f, 0x52, 0x7c, 0x8b, 0x15, 0x09, 0x09, 0x1b, 0x18, 0x1b, 0x3f,
  0x7f, 0xfd, 0xff, 0xff
};

static const uint8_t EN_B1_147[] = {
  0xf4, 0x18, 0x80, 0xff, 0xff
};

static const uint8_t EN_B1_148[] = {
  0xf4, 0x0f, 0x00, 0xff, 0xff
};

static const uint8_t EN_B1_149[] = {
  0xfb, 0xff, 0x05, 0x54, 0x54, 0x05, 0x09, 0x17, 0x53, 0xff, 0x42, 0x42,
  0x42, 0xfa, 0x3f, 0xfd, 0xff, 0xff
};

static const uint8_t EN_B1_150[] = {
  0xfb, 0x01, 0x55, 0x53, 0x0c, 0x53, 0x01, 0x05, 0xff, 0x1d, 0x1b, 0x57,
  0x0c, 0x52, 0x0d, 0x55, 0x18, 0x01, 0x05, 0x54, 0x54, 0x05, 0x09, 0x17,
  0xff, 0x1b, 0x1a, 0x01, 0xfa, 0x3f, 0xfd, 0xff, 0xff
};

static const uint8_t EN_B1_151[] = {
  0xfb, 0x01, 0x05, 0x54, 0x54, 0x05, 0x09, 0x17, 0x53, 0xff, 0x54, 0x11,
  0x0c, 0x01, 0x0c, 0x1a, 0x0c, 0x19, 0x5b, 0xff, 0xfa, 0x01, 0xfd, 0xff,
  0xff
};

static const uint8_t EN_B1_152[] = {
  0xfb, 0x7c, 0xfd, 0xff, 0xff
};

static const uint8_t EN_B1_153[] = {
  0xfb, 0x7c, 0xfd, 0xff, 0xff
};

static const uint8_t EN_B1_154[] = {
  0xfb, 0x7c, 0xfd, 0xff, 0xff
};

static const uint8_t EN_B1_155[] = {
  0xfb, 0x7c, 0xfd, 0xff, 0xff
};

static const uint8_t EN_B1_156[] = {
  0xfb, 0x7c, 0xfd, 0xff, 0xff
};

static const uint8_t EN_B1_157[] = {
  0xfb, 0x7c, 0xfd, 0xff, 0xff
};

static const uint8_t EN_B1_158[] = {
  0x7e, 0x10, 0x11, 0x05, 0x54, 0x01, 0x0a, 0x1b, 0x01, 0x5b, 0x1b, 0x55,
  0xff, 0x01, 0x54, 0x11, 0x15, 0x1a, 0x17, 0x01, 0x1b, 0x0d, 0x01, 0x54,
  0x11, 0x0c, 0x19, 0x7b, 0xff, 0x01, 0x0f, 0x05, 0x53, 0x54, 0x0c, 0x52,
  0x3e, 0x7f, 0xff, 0xff
};

static const uint8_t EN_B1_159[] = {
  0x7e, 0x47, 0x11, 0x0c, 0x5b, 0x42, 0x52, 0x0c, 0x01, 0x53, 0x54, 0x52,
  0x1b, 0x1a, 0x0e, 0xff, 0x01, 0x05, 0x1a, 0x0a, 0x01, 0x19, 0x1b, 0x54,
  0x15, 0x56, 0x05, 0x54, 0x0c, 0x0a, 0x40, 0x7f, 0xff, 0xff
};

static const uint8_t EN_B1_160[] = {
  0x7e, 0x07, 0x55, 0x54, 0x01, 0x8e, 0x01, 0x0a, 0x1b, 0x55, 0x07, 0x54,
  0xff, 0x01, 0x54, 0x11, 0x0c, 0x5b, 0x01, 0x09, 0x05, 0x1a, 0x40, 0x7f,
  0xff, 0xff
};

static const uint8_t EN_B1_161[] = {
  0x7e, 0x0a, 0x1b, 0x01, 0x19, 0x55, 0x09, 0x11, 0x01, 0x05, 0x0e, 0x05,
  0x15, 0x1a, 0x53, 0x54, 0xff, 0x01, 0x54, 0x11, 0x0c, 0x01, 0x14, 0x05,
  0x15, 0x5b, 0x05, 0x1a, 0x53, 0x40, 0x7f, 0xff, 0xff
};

static const uint8_t EN_B1_162[] = {
  0x7e, 0x45, 0x1b, 0x55, 0x01, 0x09, 0x05, 0x1a, 0x01, 0x55, 0x53, 0x0c,
  0xff, 0x01, 0xf8, 0x01, 0x09, 0x05, 0x52, 0x0a, 0x53, 0x7c, 0x7f, 0xff,
  0xff
};

static const uint8_t EN_B1_163[] = {
  0x45, 0x1b, 0x55, 0x01, 0x19, 0x55, 0x53, 0x54, 0x01, 0x53, 0x54, 0x1b,
  0x1d, 0xff, 0x07, 0x0c, 0x0d, 0x1b, 0x52, 0x0c, 0x01, 0x80, 0x01, 0x8a,
  0x8b, 0x3f, 0xff, 0xff
};

static const uint8_t EN_B1_164[] = {
  0x7e, 0xed, 0x1b, 0x01, 0x1b, 0x1a, 0x01, 0xfb, 0x7b, 0x01, 0x5b, 0x1b,
  0x55, 0xff, 0x01, 0x09, 0x05, 0x1a, 0x01, 0x0a, 0x1b, 0x01, 0x15, 0x54,
  0x3f, 0x7f, 0xfd, 0xff, 0xff
};

static const uint8_t EN_B1_165[] = {
  0x7e, 0x06, 0x0c, 0x53, 0x15, 0x53, 0x54, 0x01, 0x54, 0x11, 0x0c, 0xff,
  0x01, 0x0e, 0x52, 0x05, 0x56, 0x15, 0x54, 0x5b, 0x3f, 0x7f, 0xfd, 0xff,
  0xff
};

static const uint8_t EN_B1_166[] = {
  0xfb, 0x01, 0x05, 0x0a, 0x05, 0x1d, 0x54, 0x0c, 0x0a, 0xff, 0x01, 0x54,
  0x1b, 0x01, 0xf8, 0x58, 0xff, 0x01, 0x0e, 0x52, 0x05, 0x56, 0x15, 0x54,
  0x5b, 0x3f, 0xff, 0xff
};

static const uint8_t EN_B1_167[] = {
  0xfa, 0xcb, 0xff, 0xff
};

static const uint8_t EN_B1_168[] = {
  0x45, 0x1b, 0x55, 0x01, 0x1a, 0x0c, 0x0c, 0x0a, 0x01, 0x54, 0x1b, 0xff,
  0x01, 0x52, 0x0c, 0x53, 0x54, 0x01, 0x05, 0x01, 0x07, 0x15, 0x54, 0x40,
  0xff, 0xff
};

static const uint8_t EN_B1_169[] = {
  0x7e, 0x8d, 0x0c, 0x0c, 0x1d, 0x01, 0x54, 0x52, 0x5b, 0x15, 0x1a, 0x0e,
  0x3f, 0x7f, 0xfd, 0xff, 0xff
};

static const uint8_t EN_B1_170[] = {
  0x7e, 0x47, 0x52, 0x5b, 0x01, 0x11, 0x05, 0x52, 0x0a, 0x0c, 0x52, 0x3f,
  0x7f, 0xfd, 0xff, 0xff
};

static const uint8_t EN_B1_171[] = {
  0x7e, 0x40, 0xed, 0x1b, 0x1b, 0x0a, 0x3f, 0x7f, 0xfd, 0xff, 0xff
};

static const uint8_t EN_B1_172[] = {
  0x7e, 0xed, 0x1b, 0x1b, 0x0a, 0x3f, 0xff, 0x01, 0x47, 0x11, 0x05, 0x54,
  0x42, 0x53, 0x01, 0x15, 0x54, 0x3f, 0x7f, 0xfd, 0xff, 0xff
};

static const uint8_t EN_B1_173[] = {
  0x7e, 0xff, 0xff
};

static const uint8_t EN_B1_174[] = {
  0x3f, 0xff, 0xff
};

static const uint8_t EN_B1_182[] = {
  0xfb, 0xff, 0x7e, 0x14, 0x1d, 0x15, 0x52, 0x15, 0x54, 0x01, 0x8c, 0x1b,
  0x19, 0x07, 0x3f, 0x7f, 0xfd, 0xff, 0xff
};

static const uint8_t EN_B1_183[] = {
  0xed, 0x1b, 0x17, 0x55, 0xff, 0x7e, 0x14, 0x1d, 0x15, 0x52, 0x15, 0x54,
  0x01, 0x8c, 0x1b, 0x19, 0x07, 0x3f, 0x7f, 0xfd, 0xff, 0xff
};

static const uint8_t EN_B1_184[] = {
  0x7e, 0x7c, 0x7f, 0xfd, 0xff, 0xff
};

static const uint8_t EN_B1_185[] = {
  0x7e, 0x7c, 0x7f, 0xfd, 0xff, 0xff
};

static const uint8_t EN_B1_186[] = {
  0x7e, 0x3f, 0x7f, 0xfd, 0xff, 0xff
};

static const uint8_t EN_B1_187[] = {
  0x45, 0x1b, 0x55, 0x01, 0x05, 0x52, 0x0c, 0xff, 0x0a, 0x0c, 0x0d, 0x0c,
  0x05, 0x54, 0x0c, 0x0a, 0x3f, 0xff, 0xff
};

static const uint8_t EN_B1_188[] = {
  0x3f, 0xff, 0xff
};

static const uint8_t EN_B1_189[] = {
  0x45, 0x1b, 0x55, 0x52, 0x01, 0x19, 0x05, 0x58, 0x01, 0x8d, 0x8e, 0xff,
  0x15, 0x1a, 0x09, 0x52, 0x0c, 0x05, 0x53, 0x0c, 0x0a, 0x01, 0x07, 0x5b,
  0xff, 0xf8, 0x01, 0x1d, 0x1b, 0x15, 0x1a, 0x54, 0x53, 0x3f, 0xff, 0xff
};

static const uint8_t EN_B1_190[] = {
  0x40, 0x52, 0x0c, 0x05, 0x0a, 0x5b, 0x3f, 0xff, 0xff
};

static const uint8_t EN_B1_191[] = {
  0x7c, 0xff, 0xff
};

static const uint8_t EN_B1_192[] = {
  0x7c, 0xff, 0xff
};

static const uint8_t EN_B1_193[] = {
  0x45, 0x1b, 0x55, 0x01, 0x19, 0x15, 0x53, 0x53, 0x0c, 0x0a, 0x3f, 0xff,
  0xff
};

static const uint8_t EN_B1_194[] = {
  0x7c, 0xff, 0xff
};

static const uint8_t EN_B1_195[] = {
  0x0f, 0x05, 0x58, 0x7c, 0x81, 0x80, 0x01, 0x09, 0x1b, 0x19, 0x07, 0x05,
  0x54, 0xff, 0xf7, 0x1d, 0x15, 0x0c, 0x09, 0x0c, 0x53, 0x01, 0x0e, 0x05,
  0x15, 0x1a, 0x0c, 0x0a, 0x7c, 0xff, 0xff
};

static const uint8_t EN_B1_196[] = {
  0x47, 0x11, 0x0c, 0x52, 0x0c, 0x42, 0x53, 0x01, 0x05, 0x01, 0x19, 0x05,
  0x58, 0x15, 0x19, 0x55, 0x19, 0xff, 0x1b, 0x0d, 0x01, 0x81, 0x80, 0x01,
  0x07, 0x05, 0x54, 0x54, 0x18, 0x0c, 0x53, 0x7c, 0xff, 0x45, 0x1b, 0x55,
  0x01, 0x0e, 0x05, 0x15, 0x1a, 0x0c, 0x0a, 0x01, 0xf8, 0xed, 0x8b, 0x3f,
  0xff, 0xff
};

static const uint8_t EN_B1_197[] = {
  0x45, 0x1b, 0x55, 0x01, 0x0a, 0x1b, 0x1a, 0x42, 0x54, 0x01, 0x11, 0x05,
  0x56, 0x0c, 0xff, 0x0c, 0x1a, 0x1b, 0x55, 0x0e, 0x11, 0x01, 0x8d, 0x8e,
  0x3f, 0xff, 0xff
};

static const uint8_t EN_B1_198[] = {
  0x45, 0x1b, 0x55, 0x01, 0x55, 0x53, 0x0c, 0x0a, 0x01, 0xf8, 0xff, 0x8d,
  0x8e, 0x01, 0x1d, 0x1b, 0x15, 0x1a, 0x54, 0x53, 0x3f, 0xff, 0xff
};

static const uint8_t EN_B1_199[] = {
  0x45, 0x1b, 0x55, 0x01, 0x55, 0x53, 0x0c, 0x0a, 0x01, 0xf8, 0xff, 0x8d,
  0x8e, 0x01, 0x1d, 0x1b, 0x15, 0x1a, 0x54, 0x53, 0x3f, 0xff, 0xff
};

static const uint8_t EN_B1_200[] = {
  0x45, 0x1b, 0x55, 0x01, 0x55, 0x53, 0x0c, 0x0a, 0x01, 0xf8, 0xff, 0x8d,
  0x8e, 0x01, 0x1d, 0x1b, 0x15, 0x1a, 0x54, 0x53, 0x3f, 0xff, 0xff
};

static const uint8_t EN_B1_201[] = {
  0x45, 0x1b, 0x55, 0x01, 0x55, 0x53, 0x0c, 0x0a, 0x01, 0xf8, 0xff, 0x8d,
  0x8e, 0x01, 0x1d, 0x1b, 0x15, 0x1a, 0x54, 0x53, 0x3f, 0xff, 0xff
};

static const uint8_t EN_B1_202[] = {
  0x45, 0x1b, 0x55, 0x01, 0x55, 0x53, 0x0c, 0x0a, 0x01, 0xf8, 0xff, 0x8d,
  0x8e, 0x01, 0x1d, 0x1b, 0x15, 0x1a, 0x54, 0x53, 0x3f, 0xff, 0xff
};

static const uint8_t EN_B1_203[] = {
  0x3f, 0xff, 0xff
};

static const uint8_t EN_B1_204[] = {
  0x3f, 0xff, 0xff
};

static const uint8_t EN_B1_205[] = {
  0x3f, 0xff, 0xff
};

static const uint8_t EN_B1_206[] = {
  0x3f, 0xff, 0xff
};

static const uint8_t EN_B1_207[] = {
  0x3f, 0xff, 0xff
};

static const uint8_t EN_B1_208[] = {
  0x3f, 0xff, 0xff
};

static const uint8_t EN_B1_209[] = {
  0x45, 0x1b, 0x55, 0x01, 0x11, 0x05, 0x56, 0x0c, 0x01, 0x85, 0xff, 0x53,
  0x0c, 0x09, 0x1b, 0x1a, 0x0a, 0x53, 0x40, 0xff, 0xff
};

static const uint8_t EN_B1_210[] = {
  0x7c, 0xff, 0xff
};

static const uint8_t EN_B1_211[] = {
  0x8b, 0x52, 0x0c, 0x53, 0x53, 0x01, 0x07, 0x55, 0x54, 0x54, 0x1b, 0x1a,
  0x53, 0xff, 0x52, 0x05, 0x1d, 0x15, 0x0a, 0x18, 0x5b, 0x01, 0x54, 0x1b,
  0x01, 0x0d, 0x1b, 0x09, 0x55, 0x53, 0xff, 0x5b, 0x1b, 0x55, 0x52, 0x01,
  0x0c, 0x1a, 0x0c, 0x52, 0x0e, 0x5b, 0x01, 0x54, 0x1b, 0x40, 0xff, 0xff
};

static const uint8_t EN_B1_212[] = {
  0x0a, 0x0c, 0x53, 0x54, 0x52, 0x1b, 0x5b, 0x01, 0x54, 0x11, 0x0c, 0xff,
  0x52, 0x1b, 0x09, 0x17, 0x01, 0x0d, 0x05, 0x09, 0x0c, 0xff, 0x05, 0x1a,
  0x0a, 0x01, 0x15, 0x1a, 0x09, 0x52, 0x0c, 0x05, 0x53, 0x0c, 0x40, 0x7c,
  0xff, 0xff
};

static const uint8_t EN_B1_213[] = {
  0x5b, 0x1b, 0x55, 0x52, 0x01, 0x19, 0x05, 0x58, 0x15, 0x19, 0x55, 0x19,
  0xff, 0x8d, 0x8e, 0x7c, 0xff, 0xff
};

static const uint8_t EN_B1_214[] = {
  0xe9, 0x1b, 0x1a, 0x09, 0x0c, 0x1a, 0x54, 0x52, 0x05, 0x54, 0x15, 0x1b,
  0x1a, 0x40, 0xff, 0x0d, 0x15, 0x1a, 0x15, 0x53, 0x11, 0x0c, 0x0a, 0x3f,
  0xfd, 0xff, 0xff
};

static const uint8_t EN_B1_215[] = {
  0xed, 0x52, 0x05, 0x56, 0x15, 0x54, 0x5b, 0x01, 0x53, 0x0c, 0x54, 0xff,
  0x54, 0x1b, 0x01, 0xf8, 0x58, 0xff, 0xff
};

static const uint8_t EN_B1_216[] = {
  0x7c, 0xff, 0xff
};

static const uint8_t EN_B1_217[] = {
  0x7c, 0xff, 0xff
};

static const uint8_t EN_B1_218[] = {
  0x7c, 0xff, 0xff
};

static const uint8_t EN_B1_219[] = {
  0x7c, 0xff, 0xff
};

static const uint8_t EN_B1_220[] = {
  0x7c, 0xff, 0xff
};

static const uint8_t EN_B1_221[] = {
  0x7c, 0xff, 0xff
};

static const uint8_t EN_B1_222[] = {
  0x7c, 0xff, 0xff
};

static const uint8_t EN_B1_223[] = {
  0x7e, 0xe8, 0x1a, 0x0a, 0x01, 0x05, 0x0e, 0x05, 0x15, 0x1a, 0x53, 0x54,
  0xff, 0x85, 0x01, 0x14, 0x05, 0x15, 0x07, 0x05, 0x19, 0x0c, 0x1a, 0x3f,
  0x7f, 0xff, 0xff
};

static const uint8_t EN_B1_224[] = {
  0x7e, 0xe8, 0x11, 0x11, 0x7b, 0x01, 0x54, 0x05, 0x17, 0x0c, 0x01, 0x54,
  0x11, 0x15, 0x53, 0x3f, 0x7f, 0xfd, 0xff, 0xff
};

static const uint8_t EN_B1_225[] = {
  0x7e, 0x14, 0x54, 0x1b, 0x1d, 0x3f, 0x7f, 0xfd, 0xff, 0xff
};

static const uint8_t EN_B1_226[] = {
  0x7e, 0x8a, 0x05, 0x3f, 0x01, 0x8a, 0x05, 0x3f, 0xff, 0x01, 0x45, 0x1b,
  0x55, 0x01, 0x05, 0x52, 0x0c, 0x01, 0x57, 0x0c, 0x05, 0x17, 0x7b, 0xff,
  0x01, 0x13, 0x05, 0x52, 0x07, 0x1b, 0x1a, 0x3f, 0xff, 0xff
};

static const uint8_t EN_B1_227[] = {
  0x7e, 0x8a, 0x55, 0x11, 0x3f, 0x3e, 0xff, 0x01, 0x8a, 0x1b, 0x57, 0x01,
  0x09, 0x05, 0x1a, 0x01, 0x5b, 0x1b, 0x55, 0x40, 0x3e, 0x7f, 0xfd, 0xff,
  0xff
};

static const uint8_t EN_B1_228[] = {
  0x7e, 0x50, 0x1b, 0x57, 0x7b, 0x01, 0x5b, 0x1b, 0x55, 0x01, 0x57, 0x15,
  0x18, 0x18, 0xff, 0x01, 0x17, 0x1a, 0x1b, 0x57, 0x01, 0x19, 0x5b, 0x01,
  0x54, 0x52, 0x55, 0x0c, 0xff, 0x01, 0x1d, 0x1b, 0x57, 0x0c, 0x52, 0x3f,
  0x7f, 0xff, 0xff
};

static const uint8_t EN_B1_229[] = {
  0x7e, 0x8e, 0x42, 0x0a, 0x01, 0x52, 0x05, 0x54, 0x11, 0x0c, 0x52, 0xff,
  0x01, 0x0d, 0x15, 0x0e, 0x11, 0x54, 0x40, 0x7f, 0xff, 0xff
};

static const uint8_t EN_B1_230[] = {
  0xf4, 0x1e, 0x80, 0x7e, 0x8e, 0x01, 0x57, 0x05, 0x1a, 0x54, 0x01, 0x54,
  0x11, 0x0c, 0xff, 0x01, 0xea, 0x52, 0x05, 0x0e, 0x1b, 0x1a, 0x01, 0x8c,
  0x05, 0x18, 0x18, 0x3f, 0x7f, 0xff, 0xff
};

static const uint8_t EN_B1_231[] = {
  0xfb, 0x01, 0x52, 0x05, 0x1a, 0x01, 0x05, 0x57, 0x05, 0x5b, 0x3f, 0xfd,
  0xff, 0xff
};

static const uint8_t EN_B1_232[] = {
  0x7e, 0x8e, 0x01, 0x0a, 0x1b, 0x1a, 0x42, 0x54, 0x01, 0x57, 0x05, 0x1a,
  0x54, 0xff, 0x01, 0x54, 0x1b, 0x3f, 0x7f, 0xfd, 0xff, 0xff
};

static const uint8_t EN_B1_233[] = {
  0xef, 0x0c, 0x0e, 0x0c, 0x54, 0x05, 0x01, 0x53, 0x0c, 0x1a, 0x54, 0xff,
  0xfa, 0x01, 0x15, 0x1a, 0x01, 0x11, 0x15, 0x53, 0xff, 0x1d, 0x18, 0x05,
  0x09, 0x0c, 0x3f, 0xfd, 0xff, 0xff
};

static const uint8_t EN_B1_234[] = {
  0xef, 0x0c, 0x0e, 0x0c, 0x54, 0x05, 0xff, 0x05, 0x54, 0x54, 0x05, 0x09,
  0x17, 0x53, 0x01, 0x0d, 0x15, 0x52, 0x53, 0x54, 0x3f, 0xfd, 0xff, 0xff
};

static const uint8_t EN_B1_235[] = {
  0xfb, 0x01, 0x7e, 0xeb, 0x1a, 0x0c, 0x52, 0x0e, 0x5b, 0xff, 0x0a, 0x15,
  0x53, 0x09, 0x3f, 0x7f, 0xfd, 0xff, 0xff
};

static const uint8_t EN_B1_236[] = {
  0x47, 0x11, 0x0c, 0x01, 0x0c, 0x1a, 0x0c, 0x19, 0x5b, 0xff, 0x52, 0x55,
  0x1a, 0x53, 0x01, 0x05, 0x57, 0x05, 0x5b, 0x3f, 0xfd, 0xff, 0xff
};

static const uint8_t EN_B1_237[] = {
  0x7e, 0x8a, 0x0c, 0x5b, 0x7b, 0x01, 0x5b, 0x1b, 0x55, 0x3f, 0x7f, 0xff,
  0xef, 0x0c, 0x0e, 0x0c, 0x54, 0x05, 0x01, 0x05, 0x54, 0x54, 0x05, 0x09,
  0x17, 0x53, 0x3f, 0xfd, 0xff, 0xff
};

static const uint8_t EN_B1_238[] = {
  0x7c, 0xfd, 0xff, 0xff
};

static const uint8_t EN_B1_239[] = {
  0x7c, 0xff, 0xff
};

static const uint8_t EN_B1_240[] = {
  0x7e, 0x8e, 0x01, 0x0a, 0x1b, 0x1a, 0x42, 0x54, 0x01, 0x54, 0x11, 0x15,
  0x1a, 0x17, 0xff, 0x01, 0x53, 0x1b, 0x3f, 0x01, 0x8e, 0x42, 0x19, 0x01,
  0x0e, 0x1b, 0x15, 0x1a, 0x0e, 0xff, 0x01, 0x54, 0x1b, 0x01, 0x53, 0x0c,
  0x0c, 0x01, 0xed, 0x15, 0x1a, 0x5b, 0x55, 0x3f, 0x7f, 0xff, 0xff
};

static const uint8_t EN_B1_241[] = {
  0xf4, 0x0f, 0x00, 0x7e, 0xe9, 0x1b, 0x19, 0x0c, 0x01, 0x0e, 0x0c, 0x54,
  0xff, 0x01, 0x54, 0x11, 0x0c, 0x19, 0x3f, 0x7f, 0xff, 0xff
};

static const uint8_t EN_B1_242[] = {
  0xf4, 0x09, 0x00, 0x7e, 0x8e, 0x01, 0x0a, 0x15, 0x0a, 0x1a, 0x42, 0x54,
  0x01, 0x09, 0x1b, 0x19, 0x0c, 0xff, 0x01, 0x54, 0x1b, 0x01, 0x0d, 0x15,
  0x0e, 0x11, 0x54, 0x7c, 0x7f, 0xff, 0xff
};

static const uint8_t EN_B1_243[] = {
  0xf4, 0x0f, 0x80, 0x7e, 0x5a, 0x11, 0x01, 0x1a, 0x1b, 0x3f, 0x01, 0x45,
  0x1b, 0x55, 0xff, 0x01, 0x53, 0x55, 0x19, 0x19, 0x1b, 0x1a, 0x0c, 0x0a,
  0x01, 0x54, 0x11, 0x0c, 0x01, 0x0a, 0x52, 0x05, 0x0e, 0x1b, 0x1a, 0x3f,
  0xff, 0x01, 0x45, 0x1b, 0x55, 0x01, 0x05, 0x52, 0x0c, 0x01, 0x53, 0x1b,
  0x40, 0x7f, 0xff, 0xff
};

static const uint8_t EN_B1_244[] = {
  0xf4, 0x35, 0x80, 0x7e, 0xe9, 0x1b, 0x1a, 0x0e, 0x52, 0x05, 0x54, 0x55,
  0x18, 0x05, 0x54, 0x15, 0x1b, 0x1a, 0x53, 0x3f, 0x7f, 0xfe, 0xff, 0xf4,
  0x35, 0x80, 0x7e, 0x45, 0x1b, 0x55, 0x42, 0x56, 0x0c, 0xff, 0x01, 0x52,
  0x55, 0x15, 0x1a, 0x0c, 0x0a, 0x40, 0x7f, 0xff, 0xff
};

static const uint8_t EN_B1_245[] = {
  0xf4, 0x35, 0x80, 0x7e, 0x19, 0x5b, 0x01, 0x0a, 0x52, 0x0c, 0x05, 0x19,
  0x01, 0x1b, 0x0d, 0xff, 0x01, 0x15, 0x19, 0x19, 0x1b, 0x52, 0x54, 0x05,
  0x18, 0x15, 0x54, 0x5b, 0x3f, 0x7f, 0xff, 0xff
};

static const uint8_t EN_B1_246[] = {
  0xf4, 0x35, 0x80, 0x7e, 0x8e, 0x42, 0x18, 0x18, 0x01, 0x53, 0x11, 0x1b,
  0x57, 0x01, 0x5b, 0x1b, 0x55, 0xff, 0x01, 0x05, 0x18, 0x18, 0x40, 0x7f,
  0xfe, 0xff, 0xf4, 0x35, 0x80, 0x7e, 0x54, 0x11, 0x0c, 0x01, 0x0c, 0x58,
  0x54, 0x0c, 0x1a, 0x54, 0xff, 0x01, 0x1b, 0x0d, 0x01, 0x19, 0x5b, 0x01,
  0x1d, 0x1b, 0x57, 0x0c, 0x52, 0x3f, 0x7f, 0xff, 0xff
};

static const uint8_t EN_B1_247[] = {
  0x7c, 0xff, 0xff
};

static const uint8_t EN_B1_248[] = {
  0x7e, 0x10, 0x05, 0x15, 0x54, 0x40, 0xff, 0x54, 0x11, 0x15, 0x53, 0x40,
  0x01, 0x15, 0x53, 0x1a, 0x42, 0x54, 0x40, 0x7f, 0xfe, 0xff, 0x7e, 0x1b,
  0x56, 0x0c, 0x52, 0x01, 0x5b, 0x0c, 0x54, 0x3f, 0xff, 0x8a, 0x05, 0x11,
  0x05, 0x11, 0x05, 0x40, 0x7f, 0xff, 0xff
};

static const uint8_t EN_B1_249[] = {
  0xf4, 0x36, 0x80, 0x7e, 0x8e, 0x01, 0x09, 0x05, 0x1a, 0x40, 0x7f, 0xfe,
  0xff, 0xf4, 0x36, 0x80, 0x7e, 0x06, 0x05, 0x15, 0x53, 0x0c, 0x01, 0x19,
  0x5b, 0x01, 0x1d, 0x1b, 0x57, 0x0c, 0x52, 0xff, 0x01, 0x05, 0x54, 0x01,
  0x57, 0x15, 0x18, 0x18, 0x3f, 0x7f, 0xff, 0xff
};

static const uint8_t EN_B1_250[] = {
  0x7c, 0xff, 0xff
};

static const uint8_t EN_B1_251[] = {
  0x3f, 0xff, 0xff
};

static const uint8_t EN_B1_252[] = {
  0x7c, 0xff, 0xff
};

static const uint8_t EN_B1_253[] = {
  0x7c, 0xff, 0xff
};

static const uint8_t EN_B1_254[] = {
  0x7c, 0xff, 0xff
};

static const uint8_t EN_B1_255[] = {
  0xf4, 0x09, 0x00, 0x7e, 0x8a, 0x0c, 0x5b, 0x3f, 0x7f, 0xfe, 0xff, 0xf4,
  0x01, 0x00, 0x7e, 0xee, 0x0c, 0x54, 0x42, 0x53, 0x01, 0x54, 0x05, 0x17,
  0x0c, 0x01, 0x11, 0x15, 0x19, 0xff, 0x1b, 0x1a, 0x01, 0x54, 0x1b, 0x0e,
  0x0c, 0x54, 0x11, 0x0c, 0x52, 0x3e, 0x7f, 0xff, 0xff
};

static const uint8_t EN_B1_256[] = {
  0x7e, 0x8a, 0x05, 0x3f, 0xff, 0x14, 0x1b, 0x52, 0x52, 0x5b, 0x7b, 0x01,
  0x07, 0x55, 0x54, 0x40, 0xfe, 0xff, 0x5b, 0x1b, 0x55, 0x42, 0x52, 0x0c,
  0x01, 0x05, 0x18, 0x18, 0xff, 0x0e, 0x1b, 0x15, 0x1a, 0x0e, 0x01, 0x54,
  0x1b, 0x01, 0x0a, 0x15, 0x0c, 0x3f, 0x7f, 0xff, 0xff
};

static const uint8_t EN_B1_257[] = {
  0xf4, 0x37, 0x80, 0x7e, 0xe8, 0x11, 0x11, 0x7b, 0x01, 0x5b, 0x1b, 0x55,
  0x42, 0x18, 0x18, 0xff, 0x1d, 0x05, 0x5b, 0x01, 0x0d, 0x1b, 0x52, 0x01,
  0x54, 0x11, 0x05, 0x54, 0x3f, 0x7f, 0xfe, 0xff, 0xf4, 0x37, 0x80, 0x7e,
  0x47, 0x11, 0x15, 0x53, 0x01, 0x15, 0x53, 0x01, 0x19, 0x5b, 0xff, 0x01,
  0x55, 0x18, 0x54, 0x15, 0x19, 0x05, 0x54, 0x0c, 0xff, 0x01, 0x54, 0x52,
  0x05, 0x1a, 0x53, 0x0d, 0x1b, 0x52, 0x19, 0x05, 0x54, 0x15, 0x1b, 0x1a,
  0x3f, 0x7f, 0xff, 0xff
};

static const uint8_t EN_B1_258[] = {
  0x3f, 0x7f, 0xff, 0xff
};

static const uint8_t EN_B1_259[] = {
  0x7e, 0x8e, 0x42, 0x18, 0x18, 0x01, 0x53, 0x11, 0x1b, 0x57, 0x01, 0x5b,
  0x1b, 0x55, 0xff, 0x01, 0x05, 0x01, 0x54, 0x0c, 0x52, 0x52, 0x1b, 0x52,
  0x01, 0x0e, 0x52, 0x0c, 0x05, 0x54, 0x0c, 0x52, 0xff, 0x01, 0x54, 0x11,
  0x05, 0x1a, 0x01, 0x11, 0x0c, 0x18, 0x18, 0x3f, 0x01, 0xea, 0x15, 0x0c,
  0x3f, 0x7f, 0xff, 0xff
};

static const uint8_t EN_B1_260[] = {
  0xf4, 0x00, 0x00, 0x7e, 0xea, 0x0c, 0x1a, 0x0a, 0x0c, 0x7b, 0x01, 0x1a,
  0x1b, 0x3f, 0x7f, 0xfe, 0xff, 0xf4, 0x00, 0x00, 0x7e, 0x45, 0x1b, 0x55,
  0x01, 0x19, 0x1b, 0x1a, 0x53, 0x54, 0x0c, 0x52, 0x3f, 0xff, 0x01, 0x8e,
  0x42, 0x18, 0x18, 0x01, 0x17, 0x15, 0x18, 0x18, 0x01, 0x5b, 0x1b, 0x55,
  0x3f, 0x7f, 0xff, 0xff
};

static const uint8_t EN_B1_261[] = {
  0xf4, 0x00, 0x00, 0x7e, 0x14, 0x1b, 0x52, 0x52, 0x5b, 0x01, 0x8e, 0xff,
  0x01, 0x09, 0x1b, 0x55, 0x18, 0x0a, 0x1a, 0x42, 0x54, 0x01, 0x07, 0x0c,
  0x01, 0x11, 0x0c, 0x52, 0x0c, 0xff, 0x01, 0x0c, 0x05, 0x52, 0x18, 0x15,
  0x0c, 0x52, 0x7c, 0x7f, 0xfe, 0xff, 0xf4, 0x00, 0x00, 0x7e, 0x8e, 0x01,
  0x11, 0x05, 0x0a, 0x01, 0x54, 0x1b, 0xff, 0x01, 0x54, 0x05, 0x17, 0x0c,
  0x01, 0x54, 0x15, 0x19, 0x0c, 0x01, 0x54, 0x1b, 0xff, 0x01, 0x11, 0x0c,
  0x05, 0x18, 0x7c, 0x7f, 0xff, 0xff
};

static const uint8_t EN_B1_262[] = {
  0xf4, 0x00, 0x00, 0x7e, 0x45, 0x1b, 0x55, 0x01, 0x19, 0x55, 0x53, 0x54,
  0x01, 0x07, 0x0c, 0xff, 0x01, 0xec, 0x52, 0x15, 0x0c, 0x5c, 0x05, 0x3e,
  0x7f, 0xff, 0xff
};

static const uint8_t EN_B1_263[] = {
  0xf4, 0x00, 0x00, 0x7e, 0x45, 0x1b, 0x55, 0x01, 0x53, 0x11, 0x1b, 0x55,
  0x18, 0x0a, 0x1a, 0x42, 0x54, 0xff, 0x01, 0x11, 0x05, 0x56, 0x0c, 0x01,
  0x17, 0x15, 0x18, 0x18, 0x0c, 0x0a, 0x01, 0x54, 0x11, 0x0c, 0xff, 0x01,
  0x1d, 0x0c, 0x1b, 0x1d, 0x18, 0x0c, 0x01, 0x1b, 0x0d, 0x01, 0x50, 0x05,
  0x19, 0x0c, 0x17, 0x40, 0x7f, 0xff, 0xff
};

static const uint8_t EN_B1_264[] = {
  0xf4, 0x00, 0x00, 0x7e, 0x54, 0x1b, 0x01, 0x0e, 0x0c, 0x54, 0x01, 0x05,
  0xff, 0x01, 0xea, 0x52, 0x05, 0x0e, 0x1b, 0x1a, 0x07, 0x05, 0x18, 0x18,
  0x3f, 0x7f, 0xff, 0xff
};

static const uint8_t EN_B1_265[] = {
  0x7c, 0xff, 0xff
};

static const uint8_t EN_B1_266[] = {
  0x7c, 0xff, 0xff
};

static const uint8_t EN_B1_267[] = {
  0x7c, 0xff, 0xff
};

static const uint8_t EN_B1_268[] = {
  0xf4, 0x09, 0x00, 0x7e, 0x5a, 0x11, 0x01, 0x1a, 0x1b, 0x7b, 0x01, 0x0a,
  0x05, 0x0a, 0x0a, 0x5b, 0x40, 0x3f, 0x7f, 0xff, 0xff
};

static const uint8_t EN_B1_269[] = {
  0xf4, 0x31, 0x00, 0x7e, 0xea, 0x1b, 0x1a, 0x42, 0x54, 0x01, 0x57, 0x1b,
  0x52, 0x52, 0x5b, 0x7b, 0xff, 0x01, 0x57, 0x0c, 0x42, 0x52, 0x0c, 0x01,
  0x0e, 0x1b, 0x15, 0x1a, 0x0e, 0x01, 0x54, 0x1b, 0xff, 0x01, 0x57, 0x15,
  0x1a, 0x3f, 0x7f, 0xff, 0xff
};

static const uint8_t EN_B1_270[] = {
  0xf4, 0x00, 0x00, 0x7e, 0x8a, 0x0c, 0x01, 0x11, 0x0c, 0x01, 0x11, 0x0c,
  0x40, 0xff, 0x01, 0x8e, 0x01, 0x05, 0x19, 0x40, 0x7f, 0xfe, 0xff, 0xf4,
  0x00, 0x00, 0x7e, 0x8e, 0x1a, 0x56, 0x15, 0x1a, 0x09, 0x15, 0x07, 0x18,
  0x0c, 0x40, 0x7f, 0xff, 0xff
};

static const uint8_t EN_B1_271[] = {
  0xef, 0x0c, 0x0e, 0x0c, 0x54, 0x05, 0x01, 0x09, 0x05, 0x19, 0x0c, 0x01,
  0x54, 0x1b, 0xff, 0x52, 0x0c, 0x1d, 0x18, 0x05, 0x09, 0x0c, 0x01, 0xed,
  0x1b, 0x17, 0x55, 0x3f, 0xff, 0xff
};

static const uint8_t EN_B1_272[] = {
  0xf4, 0x0f, 0x80, 0x7e, 0xec, 0x1b, 0x1b, 0x18, 0x53, 0x40, 0xff, 0x01,
  0x54, 0x11, 0x0c, 0x01, 0x1b, 0x1a, 0x18, 0x5b, 0x01, 0x54, 0x11, 0x15,
  0x1a, 0x0e, 0x7f, 0xfe, 0xff, 0x00, 0x0f, 0x80, 0x7e, 0x57, 0x0c, 0x01,
  0x11, 0x05, 0x0a, 0x01, 0x54, 0x1b, 0x01, 0x0a, 0x1b, 0x40, 0x7f, 0xff,
  0xff
};

static const uint8_t EN_B1_273[] = {
  0xf4, 0x0f, 0x80, 0x7e, 0x57, 0x05, 0x53, 0x01, 0x54, 0x1b, 0x01, 0x57,
  0x15, 0x53, 0x11, 0xff, 0x01, 0x0d, 0x1b, 0x52, 0x01, 0x15, 0x19, 0x19,
  0x1b, 0x52, 0x54, 0x05, 0x18, 0x15, 0x54, 0x5b, 0x3f, 0x7f, 0xff, 0xff
};

static const uint8_t EN_B1_274[] = {
  0xf4, 0x0f, 0x80, 0x7e, 0xee, 0x0c, 0x54, 0x42, 0x53, 0x01, 0x0e, 0x0c,
  0x54, 0x01, 0x1b, 0x55, 0x54, 0xff, 0x01, 0x1b, 0x0d, 0x01, 0x11, 0x0c,
  0x52, 0x0c, 0x01, 0x07, 0x0c, 0x0d, 0x1b, 0x52, 0x0c, 0x40, 0x7f, 0xfe,
  0xff, 0xf4, 0x0f, 0x80, 0x7e, 0xec, 0x52, 0x15, 0x0c, 0x5c, 0x05, 0x01,
  0x09, 0x1b, 0x19, 0x0c, 0x53, 0x01, 0x54, 0x1b, 0xff, 0x01, 0x17, 0x15,
  0x18, 0x18, 0x01, 0x55, 0x53, 0x7c, 0x7f, 0xff, 0xff
};

static const uint8_t EN_B1_275[] = {
  0xf4, 0x09, 0x00, 0x7e, 0xe8, 0x05, 0x05, 0x05, 0x11, 0x3f, 0xff, 0x01,
  0x8e, 0x40, 0x15, 0x54, 0x42, 0x53, 0x40, 0x7f, 0xfe, 0xff, 0xf4, 0x09,
  0x00, 0x7e, 0xec, 0x52, 0x15, 0x0c, 0x5c, 0x05, 0x3e, 0x3f, 0x7f, 0xff,
  0xff
};

static const uint8_t EN_B1_276[] = {
  0xf4, 0x35, 0x80, 0x50, 0x0c, 0x56, 0x0c, 0x52, 0x01, 0x11, 0x05, 0x56,
  0x0c, 0x01, 0x8e, 0xff, 0x01, 0x0d, 0x0c, 0x18, 0x54, 0x01, 0x53, 0x1b,
  0xff, 0x01, 0x52, 0x0c, 0x0a, 0x15, 0x09, 0x55, 0x18, 0x1b, 0x55, 0x53,
  0x7c, 0xfe, 0xff, 0xf4, 0x35, 0x80, 0x7e, 0xec, 0x15, 0x18, 0x54, 0x11,
  0x5b, 0x01, 0x56, 0x0c, 0x52, 0x19, 0x15, 0x1a, 0x0c, 0x3f, 0xff, 0x01,
  0x45, 0x1b, 0x55, 0x01, 0x57, 0x15, 0x18, 0x18, 0x01, 0x1d, 0x05, 0x5b,
  0xff, 0x01, 0x05, 0x01, 0x11, 0x15, 0x0e, 0x11, 0x01, 0x1d, 0x52, 0x15,
  0x09, 0x0c, 0x3f, 0x7f, 0xff, 0xff
};

static const uint8_t EN_B1_277[] = {
  0xf4, 0x0f, 0x00, 0x7e, 0x50, 0x1b, 0x57, 0x7b, 0x01, 0x5b, 0x1b, 0x55,
  0xff, 0x01, 0x53, 0x11, 0x1b, 0x57, 0x01, 0x5b, 0x1b, 0x55, 0x52, 0x01,
  0x54, 0x52, 0x55, 0x0c, 0xff, 0x01, 0x09, 0x1b, 0x18, 0x1b, 0x52, 0x53,
  0x7c, 0x7f, 0xff, 0xff
};

static const uint8_t EN_B1_278[] = {
  0xf4, 0x35, 0x80, 0x7e, 0xed, 0x0c, 0x54, 0x01, 0x52, 0x0c, 0x05, 0x0a,
  0x5b, 0x3f, 0xff, 0xf4, 0x35, 0x80, 0x7e, 0x45, 0x1b, 0x55, 0x01, 0x57,
  0x1b, 0x1a, 0x42, 0x54, 0xff, 0x01, 0x0c, 0x53, 0x09, 0x05, 0x1d, 0x0c,
  0x01, 0x19, 0x5b, 0xff, 0x01, 0x56, 0x0c, 0x1a, 0x0e, 0x0c, 0x05, 0x1a,
  0x09, 0x0c, 0x3f, 0x7f, 0xff, 0xff
};

static const uint8_t EN_B1_279[] = {
  0xf4, 0x09, 0x00, 0x7e, 0x14, 0x1b, 0x01, 0x5b, 0x1b, 0x55, 0x01, 0x53,
  0x05, 0x5b, 0x7c, 0x7f, 0xfe, 0xff, 0xf4, 0x09, 0x00, 0x7e, 0x8b, 0x15,
  0x09, 0x09, 0x1b, 0x18, 0x1b, 0x40, 0x7f, 0xfe, 0xff, 0xff, 0xff
};

static const uint8_t EN_B1_280[] = {
  0xf4, 0x37, 0x80, 0x7e, 0x45, 0x1b, 0x55, 0x42, 0x52, 0x0c, 0x01, 0x1a,
  0x1b, 0x54, 0xff, 0x01, 0x56, 0x0c, 0x52, 0x5b, 0x01, 0x53, 0x54, 0x52,
  0x1b, 0x1a, 0x0e, 0x7c, 0x7f, 0xfe, 0xff, 0xf4, 0x37, 0x80, 0x7e, 0x8e,
  0x42, 0x18, 0x18, 0x01, 0x07, 0x0c, 0x01, 0x07, 0x05, 0x09, 0x17, 0xff,
  0x01, 0x18, 0x05, 0x54, 0x0c, 0x52, 0x3f, 0x7f, 0xff, 0xff
};

static const uint8_t EN_B1_281[] = {
  0x40, 0xfd, 0xff, 0xff
};

static const uint8_t EN_B1_282[] = {
  0x7e, 0x8e, 0x42, 0x19, 0x01, 0x19, 0x1b, 0x52, 0x0c, 0xff, 0x01, 0x1d,
  0x1b, 0x57, 0x0c, 0x52, 0x0d, 0x55, 0x18, 0x01, 0x54, 0x11, 0x05, 0x1a,
  0xff, 0x01, 0x07, 0x0c, 0x0d, 0x1b, 0x52, 0x0c, 0x3f, 0x7f, 0xff, 0xff
};

static const uint8_t EN_B1_283[] = {
  0x7e, 0x8a, 0x1b, 0x18, 0x0a, 0x01, 0x1b, 0x1a, 0x7b, 0xff, 0x01, 0xed,
  0x1b, 0x11, 0x05, 0x1a, 0x3f, 0x3f, 0x7f, 0xff, 0xff
};

static const uint8_t EN_B1_284[] = {
  0xf4, 0x38, 0x80, 0x7e, 0x45, 0x0c, 0x53, 0x7b, 0x01, 0x15, 0x54, 0x42,
  0x53, 0xff, 0x01, 0x19, 0x0c, 0x3f, 0x01, 0xed, 0x0c, 0x54, 0x01, 0x52,
  0x0c, 0x05, 0x0a, 0x5b, 0xff, 0x01, 0x0d, 0x1b, 0x52, 0x01, 0x05, 0x01,
  0x0d, 0x15, 0x0e, 0x11, 0x54, 0x3f, 0x7f, 0xff, 0xff
};

static const uint8_t EN_B1_285[] = {
  0x7e, 0x50, 0x1b, 0x40, 0xff, 0x01, 0x15, 0x54, 0x40, 0x01, 0x09, 0x05,
  0x1a, 0x42, 0x54, 0x01, 0x07, 0x0c, 0x40, 0x7f, 0xff, 0xff
};

static const uint8_t EN_B1_286[] = {
  0x7e, 0xfb, 0x40, 0x7f, 0xff, 0xff
};

static const uint8_t EN_B1_287[] = {
  0x7e, 0x8e, 0x54, 0x42, 0x53, 0x01, 0x54, 0x15, 0x19, 0x0c, 0x01, 0x0d,
  0x1b, 0x52, 0xff, 0x01, 0x5b, 0x1b, 0x55, 0x01, 0x54, 0x1b, 0x01, 0x1d,
  0x05, 0x5b, 0x3f, 0x7f, 0xff, 0xff
};

static const uint8_t EN_B1_288[] = {
  0x7e, 0xec, 0x52, 0x0c, 0x0c, 0x0c, 0x0c, 0x5c, 0x5c, 0x05, 0x3f, 0x7f,
  0xff, 0xff
};

static const uint8_t EN_B1_289[] = {
  0x7e, 0x8e, 0x01, 0x11, 0x05, 0x56, 0x0c, 0x01, 0x07, 0x0c, 0x09, 0x1b,
  0x19, 0x0c, 0x01, 0x05, 0xff, 0x01, 0x14, 0x55, 0x1d, 0x0c, 0x52, 0x01,
  0x14, 0x05, 0x15, 0x5b, 0x05, 0x1a, 0x3f, 0x7f, 0xff, 0xff
};

static const uint8_t EN_B1_290[] = {
  0x7e, 0x40, 0x7f, 0xff, 0xff
};

static const uint8_t EN_B1_291[] = {
  0xf4, 0x18, 0x80, 0x7e, 0xe8, 0x01, 0x1a, 0x0c, 0x57, 0x01, 0x09, 0x11,
  0x05, 0x18, 0x18, 0x0c, 0x1a, 0x0e, 0x0c, 0x3e, 0xff, 0x01, 0xee, 0x0c,
  0x54, 0x42, 0x53, 0x01, 0x0d, 0x15, 0x0e, 0x11, 0x54, 0x3f, 0x7f, 0xff,
  0xff
};

static const uint8_t EN_B1_292[] = {
  0xf4, 0x37, 0x80, 0x7e, 0xed, 0x1b, 0x1b, 0x0a, 0x7b, 0x01, 0x07, 0x55,
  0x54, 0x01, 0x1a, 0x1b, 0x57, 0xff, 0x01, 0x15, 0x54, 0x42, 0x53, 0x01,
  0x54, 0x15, 0x19, 0x0c, 0x01, 0x54, 0x1b, 0xff, 0x01, 0x0e, 0x0c, 0x54,
  0x01, 0x53, 0x0c, 0x52, 0x15, 0x1b, 0x55, 0x53, 0x3f, 0x7f, 0xfe, 0xff,
  0xf4, 0x37, 0x80, 0x7e, 0xe9, 0x1b, 0x19, 0x0c, 0x01, 0x1b, 0x1a, 0x7b,
  0xff, 0x01, 0x0d, 0x1b, 0x18, 0x18, 0x1b, 0x57, 0x01, 0x19, 0x0c, 0x3f,
  0x7f, 0xff, 0xff
};

static const uint8_t EN_B1_293[] = {
  0xec, 0x52, 0x15, 0x0c, 0x5c, 0x05, 0x01, 0x0c, 0x53, 0x09, 0x05, 0x1d,
  0x0c, 0x0a, 0xff, 0x05, 0x0e, 0x05, 0x15, 0x1a, 0x3f, 0xff, 0xff
};

static const uint8_t EN_B1_294[] = {
  0xec, 0x52, 0x15, 0x0c, 0x5c, 0x05, 0x01, 0x0c, 0x53, 0x09, 0x05, 0x1d,
  0x0c, 0x0a, 0xff, 0x05, 0x0e, 0x05, 0x15, 0x1a, 0x3f, 0xff, 0xff
};

static const uint8_t EN_B1_295[] = {
  0xf4, 0x35, 0x80, 0x7e, 0x40, 0x7f, 0xff, 0xff
};

static const uint8_t EN_B1_310[] = {
  0xf4, 0x35, 0x80, 0x7e, 0x40, 0x7f, 0xff, 0xff
};

static const uint8_t EN_B1_311[] = {
  0x7e, 0xe8, 0x19, 0x05, 0x5c, 0x15, 0x1a, 0x0e, 0x3f, 0x01, 0x8e, 0xff,
  0x01, 0x0d, 0x0c, 0x0c, 0x18, 0x01, 0x0c, 0x56, 0x0c, 0x1a, 0x01, 0x53,
  0x54, 0x52, 0x1b, 0x1a, 0x0e, 0x0c, 0x52, 0xff, 0x01, 0x54, 0x11, 0x05,
  0x1a, 0x01, 0x07, 0x0c, 0x0d, 0x1b, 0x52, 0x0c, 0x3f, 0x7f, 0xfd, 0xff,
  0xff
};

static const uint8_t EN_B1_312[] = {
  0xfb, 0x01, 0x0e, 0x05, 0x15, 0x1a, 0x0c, 0x0a, 0x01, 0xff, 0x0e, 0x05,
  0x15, 0x1a, 0x0c, 0x0a, 0x01, 0x05, 0x01, 0x18, 0x0c, 0x56, 0x0c, 0x18,
  0x3f, 0xfd, 0xff, 0xff
};

static const uint8_t EN_B1_313[] = {
  0xfb, 0x01, 0x0d, 0x1b, 0x55, 0x1a, 0x0a, 0x01, 0x53, 0x1b, 0x19, 0x0c,
  0xff, 0x01, 0x19, 0x1b, 0x1a, 0x53, 0x54, 0x0c, 0x52, 0x53, 0x3f, 0xff,
  0xff
};

static const uint8_t EN_B1_314[] = {
  0x7e, 0x8e, 0x54, 0x42, 0x53, 0x01, 0x1a, 0x1b, 0x54, 0x01, 0x1b, 0x56,
  0x0c, 0x52, 0xff, 0x01, 0x5b, 0x0c, 0x54, 0x40, 0x7f, 0xfe, 0xff, 0x7e,
  0x0f, 0x5b, 0x01, 0x53, 0x0c, 0x09, 0x1b, 0x1a, 0x0a, 0xff, 0x01, 0x54,
  0x52, 0x05, 0x1a, 0x53, 0x0d, 0x1b, 0x52, 0x19, 0x05, 0x54, 0x15, 0x1b,
  0x1a, 0x3f, 0x7f, 0xff, 0xff
};

static const uint8_t EN_B1_315[] = {
  0x7c, 0xff, 0xff
};

static const uint8_t EN_B1_316[] = {
  0x7e, 0x40, 0x7f, 0xff, 0xff
};

static const uint8_t EN_B1_317[] = {
  0x10, 0x15, 0x18, 0x18, 0x01, 0x5b, 0x1b, 0x55, 0x01, 0x01, 0x45, 0x0c,
  0x53, 0x3f, 0xff, 0x09, 0x1b, 0x1a, 0x54, 0x15, 0x1a, 0x55, 0x0c, 0x3e,
  0x01, 0x50, 0x1b, 0x3f, 0x01, 0xfd, 0xff, 0xff
};

static const uint8_t EN_B1_318[] = {
  0x8a, 0x0c, 0x52, 0x0c, 0x42, 0x53, 0x01, 0xf7, 0xff, 0x0e, 0x1b, 0x18,
  0x0a, 0x01, 0x1d, 0x15, 0x0c, 0x09, 0x0c, 0x53, 0x3f, 0xff, 0xff
};

static const uint8_t EN_B1_319[] = {
  0x45, 0x1b, 0x55, 0x01, 0x0e, 0x05, 0x15, 0x1a, 0x0c, 0x0a, 0xff, 0xf8,
  0x01, 0x0c, 0x58, 0x1d, 0x0c, 0x52, 0x15, 0x0c, 0x1a, 0x09, 0x0c, 0xff,
  0x1d, 0x1b, 0x15, 0x1a, 0x54, 0x53, 0x3f, 0xff, 0xff
};

static const uint8_t EN_B1_320[] = {
  0x7e, 0xed, 0x1b, 0x11, 0x05, 0x05, 0x05, 0x1a, 0x3f, 0x7f, 0xfd, 0xff,
  0xff
};

static const uint8_t EN_B1_327[] = {
  0xf4, 0x36, 0x80, 0x7e, 0x45, 0x1b, 0x55, 0x42, 0x52, 0x0c, 0x01, 0x18,
  0x55, 0x09, 0x17, 0x5b, 0x40, 0x7f, 0xfe, 0xff, 0xf4, 0x36, 0x80, 0x7e,
  0x50, 0x1b, 0x01, 0x1b, 0x1a, 0x0c, 0x01, 0x0c, 0x18, 0x53, 0x0c, 0x01,
  0x11, 0x05, 0x53, 0xff, 0x01, 0x0c, 0x56, 0x0c, 0x52, 0x01, 0x0a, 0x1b,
  0x1a, 0x0c, 0x01, 0x54, 0x11, 0x05, 0x54, 0x3f, 0x7f, 0xff, 0xff
};

static const uint8_t EN_B1_328[] = {
  0x7e, 0x8e, 0x01, 0x53, 0x54, 0x05, 0x52, 0x0c, 0x0a, 0x01, 0x15, 0x1a,
  0x54, 0x1b, 0xff, 0x01, 0x54, 0x11, 0x0c, 0x01, 0x18, 0x15, 0x0e, 0x11,
  0x54, 0x40, 0x7f, 0xfd, 0xff, 0xff
};

static const uint8_t EN_B1_329[] = {
  0xed, 0x1b, 0x17, 0x55, 0x01, 0x54, 0x11, 0x52, 0x0c, 0x57, 0xff, 0x05,
  0x01, 0x54, 0x1b, 0x05, 0x0a, 0x3f, 0xfd, 0xff, 0xff
};

static const uint8_t EN_B1_330[] = {
  0x7e, 0xe8, 0x05, 0x05, 0x05, 0x11, 0x40, 0x01, 0x50, 0x1b, 0x1b, 0x1b,
  0x1b, 0x3f, 0x7f, 0xfd, 0xff, 0xff
};

static const uint8_t EN_B1_331[] = {
  0xed, 0x15, 0x1a, 0x0c, 0x57, 0x01, 0x54, 0x55, 0x52, 0x1a, 0x0c, 0x0a,
  0xff, 0x15, 0x1a, 0x54, 0x1b, 0x01, 0x05, 0x01, 0x54, 0x1b, 0x05, 0x0a,
  0x3f, 0xff, 0xff
};

static const uint8_t EN_B1_332[] = {
  0x7e, 0x14, 0x09, 0x55, 0x19, 0x3f, 0xff, 0x01, 0x45, 0x1b, 0x55, 0x01,
  0x57, 0x15, 0x18, 0x18, 0x01, 0x05, 0x18, 0x18, 0xff, 0x01, 0x0a, 0x15,
  0x0c, 0x3f, 0x7f, 0xff, 0xff
};

static const uint8_t EN_B1_333[] = {
  0x7e, 0xea, 0x15, 0x0c, 0x3f, 0x7f, 0xfd, 0xff, 0xff
};

static const uint8_t EN_B1_334[] = {
  0x7e, 0x50, 0x1b, 0x1b, 0x1b, 0x40, 0x3f, 0x7f, 0xfd, 0xff, 0xff
};

static const uint8_t EN_B1_335[] = {
  0x7e, 0x40, 0x7f, 0xfd, 0xff, 0xff
};

static const uint8_t EN_B1_336[] = {
  0x7e, 0x8d, 0x15, 0x05, 0x05, 0x05, 0x05, 0x05, 0x11, 0x3f, 0x7f, 0xff,
  0xff
};

static const uint8_t EN_B1_337[] = {
  0xf4, 0x09, 0x00, 0x7e, 0xea, 0x05, 0x0a, 0x3f, 0x7f, 0xff, 0xff
};

static const uint8_t EN_B3_0[] = {
  0xec, 0x05, 0x52, 0x19, 0x0c, 0x52, 0x01, 0x7e, 0x47, 0x11, 0x15, 0x53,
  0x01, 0x19, 0x1b, 0x52, 0x1a, 0x15, 0x1a, 0x0e, 0x7b, 0xff, 0x01, 0x54,
  0x11, 0x0c, 0x52, 0x0c, 0x01, 0x57, 0x05, 0x53, 0x01, 0x05, 0x01, 0x54,
  0x0c, 0x52, 0x52, 0x15, 0x07, 0x18, 0x0c, 0xff, 0x01, 0x0c, 0x05, 0x52,
  0x54, 0x11, 0x51, 0x55, 0x05, 0x17, 0x0c, 0x3f, 0x7f, 0xff, 0xff
};

static const uint8_t EN_B3_1[] = {
  0xe9, 0x11, 0x15, 0x18, 0x0a, 0x01, 0x7e, 0x8e, 0x01, 0x57, 0x1b, 0x17,
  0x0c, 0x01, 0x55, 0x1d, 0xff, 0x01, 0x05, 0x1a, 0x0a, 0x01, 0x11, 0x0c,
  0x05, 0x52, 0x0a, 0x01, 0x05, 0xff, 0x01, 0x18, 0x1b, 0x55, 0x0a, 0x01,
  0x8c, 0x1b, 0x1b, 0x19, 0x3f, 0x7f, 0xff, 0xff
};

static const uint8_t EN_B3_2[] = {
  0xec, 0x05, 0x52, 0x19, 0x0c, 0x52, 0x01, 0x7e, 0x8e, 0x54, 0x01, 0x09,
  0x05, 0x19, 0x0c, 0x01, 0x0d, 0x52, 0x1b, 0x19, 0xff, 0x01, 0x54, 0x11,
  0x0c, 0x01, 0x19, 0x1b, 0x55, 0x1a, 0x54, 0x05, 0x15, 0x1a, 0xff, 0x01,
  0x55, 0x1d, 0x01, 0x1a, 0x1b, 0x52, 0x54, 0x11, 0x3f, 0x7f, 0xff, 0xff
};

static const uint8_t EN_B3_3[] = {
  0x45, 0x1b, 0x55, 0x01, 0x0e, 0x1b, 0x54, 0x01, 0x05, 0x1a, 0x01, 0x15,
  0x54, 0x0c, 0x19, 0xff, 0x7e, 0xfb, 0x7f, 0x3f, 0xff, 0xff
};

static const uint8_t EN_B3_4[] = {
  0xec, 0x05, 0x52, 0x19, 0x0c, 0x52, 0x01, 0x7e, 0x8e, 0x01, 0x53, 0x05,
  0x57, 0x01, 0x05, 0x01, 0x07, 0x05, 0x18, 0x18, 0x01, 0x1b, 0x0d, 0xff,
  0x01, 0x0d, 0x15, 0x52, 0x0c, 0x01, 0x0d, 0x05, 0x18, 0x18, 0x01, 0x0d,
  0x52, 0x1b, 0x19, 0x01, 0x54, 0x11, 0x0c, 0x01, 0x53, 0x17, 0x5b, 0xff,
  0x01, 0x55, 0x1d, 0x01, 0x1a, 0x1b, 0x52, 0x54, 0x11, 0x3f, 0x7f, 0xff,
  0xff
};

static const uint8_t EN_B3_5[] = {
  0xec, 0x05, 0x52, 0x19, 0x0c, 0x52, 0x01, 0x7e, 0x8e, 0x01, 0x57, 0x05,
  0x53, 0x01, 0x57, 0x05, 0x18, 0x17, 0x15, 0x1a, 0x0e, 0xff, 0x01, 0x1b,
  0x55, 0x54, 0x53, 0x15, 0x0a, 0x0c, 0x01, 0x57, 0x11, 0x0c, 0x1a, 0x01,
  0x8e, 0x01, 0x53, 0x05, 0x57, 0xff, 0x01, 0x54, 0x11, 0x0c, 0x53, 0x0c,
  0x01, 0x19, 0x1b, 0x1a, 0x53, 0x54, 0x0c, 0x52, 0x53, 0x3f, 0x7f, 0xff,
  0xff
};

static const uint8_t EN_B3_6[] = {
  0xe9, 0x11, 0x15, 0x18, 0x0a, 0x01, 0x7e, 0x0f, 0x0c, 0x01, 0x54, 0x1b,
  0x1b, 0x7b, 0x01, 0x8e, 0xff, 0x01, 0x53, 0x05, 0x57, 0x01, 0x54, 0x11,
  0x0c, 0x19, 0x01, 0x54, 0x1b, 0x1b, 0x3f, 0x7f, 0xfe, 0xff, 0x7e, 0x47,
  0x11, 0x0c, 0x5b, 0x01, 0x52, 0x05, 0x1a, 0x01, 0x07, 0x0c, 0x11, 0x15,
  0x1a, 0x0a, 0xff, 0x01, 0x54, 0x11, 0x0c, 0x53, 0x0c, 0x01, 0x52, 0x1b,
  0x09, 0x17, 0x53, 0x40, 0x7f, 0xfe, 0xff, 0x7e, 0x8a, 0x1b, 0x52, 0x52,
  0x15, 0x07, 0x18, 0x0c, 0x01, 0x18, 0x15, 0x54, 0x54, 0x18, 0x0c, 0xff,
  0x01, 0x07, 0x18, 0x55, 0x0c, 0x01, 0x09, 0x52, 0x0c, 0x05, 0x54, 0x55,
  0x52, 0x0c, 0x53, 0x3f, 0x7f, 0xff, 0xff
};

static const uint8_t EN_B3_7[] = {
  0x7c, 0xff, 0xff
};

static const uint8_t EN_B3_8[] = {
  0x7c, 0xff, 0xff
};

static const uint8_t EN_B3_9[] = {
  0x10, 0x15, 0x18, 0x18, 0x01, 0x5b, 0x1b, 0x55, 0x01, 0x18, 0x1b, 0x1b,
  0x17, 0x01, 0x15, 0x1a, 0x53, 0x15, 0x0a, 0x0c, 0x3e, 0xff, 0x01, 0x01,
  0x01, 0x01, 0x01, 0x01, 0x01, 0x01, 0x01, 0x01, 0x01, 0x01, 0x01, 0x01,
  0x01, 0x01, 0x01, 0x45, 0xeb, 0x14, 0xff, 0x01, 0x01, 0x01, 0x01, 0x01,
  0x01, 0x01, 0x01, 0x01, 0x01, 0x01, 0x01, 0x01, 0x01, 0x01, 0x01, 0x01,
  0x01, 0x50, 0x5a, 0xfd, 0xff, 0xff
};

static const uint8_t EN_B3_10[] = {
  0x50, 0x1b, 0x54, 0x11, 0x15, 0x1a, 0x0e, 0x01, 0x54, 0x11, 0x0c, 0x52,
  0x0c, 0x3f, 0xff, 0xff
};

static const uint8_t EN_B3_11[] = {
  0xeb, 0x58, 0x1d, 0x18, 0x1b, 0x53, 0x15, 0x1b, 0x1a, 0x3f, 0xff, 0x45,
  0x1b, 0x55, 0x01, 0x54, 0x05, 0x17, 0x0c, 0x01, 0xf8, 0x01, 0x0a, 0x05,
  0x19, 0x05, 0x0e, 0x0c, 0x3f, 0xff, 0xff
};

static const uint8_t EN_B3_12[] = {
  0x14, 0x1b, 0x19, 0x0c, 0x54, 0x11, 0x15, 0x1a, 0x0e, 0x42, 0x53, 0xff,
  0x54, 0x11, 0x0c, 0x52, 0x0c, 0x40, 0xff, 0xff
};

static const uint8_t EN_B3_13[] = {
  0xeb, 0x58, 0x1d, 0x18, 0x1b, 0x53, 0x15, 0x1b, 0x1a, 0x3f, 0xff, 0x45,
  0x1b, 0x55, 0x01, 0x54, 0x05, 0x17, 0x0c, 0x01, 0xf8, 0x01, 0x0a, 0x05,
  0x19, 0x05, 0x0e, 0x0c, 0x3f, 0xff, 0xff
};

static const uint8_t EN_B3_14[] = {
  0x7c, 0xff, 0xff
};

static const uint8_t EN_B3_15[] = {
  0x47, 0x11, 0x0c, 0x01, 0x54, 0x52, 0x05, 0x15, 0x1a, 0x15, 0x1a, 0x0e,
  0x01, 0x15, 0x53, 0xff, 0x1a, 0x1b, 0x57, 0x01, 0x0d, 0x15, 0x1a, 0x15,
  0x53, 0x11, 0x0c, 0x0a, 0x7c, 0xff, 0xff
};

static const uint8_t EN_B3_16[] = {
  0x7c, 0xff, 0xff
};

static const uint8_t EN_B3_17[] = {
  0x7c, 0xff, 0xff
};

static const uint8_t EN_B3_18[] = {
  0x7c, 0xff, 0xff
};

static const uint8_t EN_B3_19[] = {
  0x7c, 0xff, 0xff
};

static const uint8_t EN_B3_20[] = {
  0xed, 0x1b, 0x11, 0x05, 0x1a, 0x01, 0x0e, 0x1b, 0x54, 0x01, 0x54, 0x11,
  0x0c, 0x01, 0x18, 0x15, 0x54, 0x54, 0x18, 0x0c, 0xff, 0x01, 0x50, 0x05,
  0x19, 0x0c, 0x17, 0x01, 0x09, 0x11, 0x15, 0x18, 0x0a, 0x01, 0x05, 0x1a,
  0x0a, 0x01, 0x52, 0x05, 0x1a, 0xff, 0x01, 0x1b, 0x0d, 0x0d, 0x01, 0x57,
  0x15, 0x54, 0x11, 0x01, 0x11, 0x15, 0x19, 0x3f, 0xff, 0xff
};

static const uint8_t EN_B3_21[] = {
  0x8c, 0x55, 0x54, 0x01, 0xea, 0x1b, 0x0a, 0x1b, 0x52, 0x15, 0x05, 0x01,
  0x15, 0x53, 0x01, 0x05, 0x18, 0x52, 0x0c, 0x05, 0x0a, 0x5b, 0xff, 0x1b,
  0x1a, 0x01, 0x54, 0x11, 0x0c, 0x15, 0x52, 0x01, 0x54, 0x52, 0x05, 0x15,
  0x18, 0x40, 0xff, 0xff
};

static const uint8_t EN_B3_22[] = {
  0x7c, 0xff, 0xff
};

static const uint8_t EN_B3_23[] = {
  0x7e, 0x06, 0x0c, 0x54, 0x55, 0x52, 0x1a, 0x01, 0x54, 0x1b, 0x01, 0x54,
  0x11, 0x0c, 0xff, 0x01, 0x53, 0x11, 0x15, 0x1d, 0x3f, 0x7f, 0xff, 0xff
};

static const uint8_t EN_B3_24[] = {
  0xec, 0x05, 0x52, 0x19, 0x0c, 0x52, 0x01, 0x7e, 0x47, 0x57, 0x1b, 0x01,
  0x09, 0x1b, 0x19, 0x0c, 0x54, 0x53, 0xff, 0x01, 0x0d, 0x0c, 0x18, 0x18,
  0x01, 0x0d, 0x52, 0x1b, 0x19, 0x01, 0x54, 0x11, 0x0c, 0x01, 0x53, 0x17,
  0x5b, 0x40, 0x7f, 0xff, 0xff
};

static const uint8_t EN_B3_30[] = {
  0xec, 0x05, 0x52, 0x19, 0x0c, 0x52, 0x01, 0x7e, 0x14, 0x11, 0x1b, 0x52,
  0x54, 0x18, 0x5b, 0x01, 0x05, 0x0d, 0x54, 0x0c, 0x52, 0x7b, 0xff, 0x01,
  0x54, 0x11, 0x0c, 0x52, 0x0c, 0x01, 0x57, 0x05, 0x53, 0x01, 0x05, 0x01,
  0x11, 0x55, 0x0e, 0x0c, 0xff, 0x01, 0x0c, 0x58, 0x1d, 0x18, 0x1b, 0x53,
  0x15, 0x1b, 0x1a, 0x01, 0x54, 0x1b, 0x01, 0x54, 0x11, 0x0c, 0x01, 0x0c,
  0x05, 0x53, 0x54, 0x3f, 0x7f, 0xff, 0xff
};

static const uint8_t EN_B3_31[] = {
  0x45, 0x1b, 0x55, 0x01, 0x0e, 0x1b, 0x54, 0x01, 0xf8, 0x01, 0x13, 0x0c,
  0x1a, 0x15, 0xff, 0x1d, 0x15, 0x0c, 0x09, 0x0c, 0x53, 0x7c, 0xff, 0xff
};

static const uint8_t EN_B3_32[] = {
  0x7c, 0xff, 0xff
};

static const uint8_t EN_B3_33[] = {
  0x7c, 0xff, 0xff
};

static const uint8_t EN_B3_34[] = {
  0x7c, 0xff, 0xff
};

static const uint8_t EN_B3_35[] = {
  0x8c, 0x0c, 0x0e, 0x15, 0x1a, 0x01, 0x54, 0x11, 0x0c, 0x01, 0x54, 0x52,
  0x05, 0x15, 0x1a, 0x15, 0x1a, 0x0e, 0x3e, 0x01, 0xff, 0x01, 0x01, 0x01,
  0x01, 0x01, 0x01, 0x01, 0x01, 0x01, 0x01, 0x01, 0x01, 0x01, 0x01, 0x01,
  0x01, 0x01, 0x45, 0xeb, 0x14, 0xff, 0x01, 0x01, 0x01, 0x01, 0x01, 0x01,
  0x01, 0x01, 0x01, 0x01, 0x01, 0x01, 0x01, 0x01, 0x01, 0x01, 0x01, 0x50,
  0x5a, 0xfd, 0xff, 0xff
};

static const uint8_t EN_B3_36[] = {
  0x8c, 0x0c, 0x0e, 0x15, 0x1a, 0x01, 0x54, 0x11, 0x0c, 0x01, 0x54, 0x52,
  0x05, 0x15, 0x1a, 0x15, 0x1a, 0x0e, 0x3e, 0x01, 0xff, 0x01, 0x01, 0x01,
  0x01, 0x01, 0x01, 0x01, 0x01, 0x01, 0x01, 0x01, 0x01, 0x01, 0x01, 0x01,
  0x01, 0x01, 0x45, 0xeb, 0x14, 0xff, 0x01, 0x01, 0x01, 0x01, 0x01, 0x01,
  0x01, 0x01, 0x01, 0x01, 0x01, 0x01, 0x01, 0x01, 0x01, 0x01, 0x01, 0x50,
  0x5a, 0xfd, 0xff, 0xff
};

static const uint8_t EN_B3_37[] = {
  0x8c, 0x0c, 0x0e, 0x15, 0x1a, 0x01, 0x54, 0x11, 0x0c, 0x01, 0x54, 0x52,
  0x05, 0x15, 0x1a, 0x15, 0x1a, 0x0e, 0x3e, 0x01, 0xff, 0x01, 0x01, 0x01,
  0x01, 0x01, 0x01, 0x01, 0x01, 0x01, 0x01, 0x01, 0x01, 0x01, 0x01, 0x01,
  0x01, 0x01, 0x45, 0xeb, 0x14, 0xff, 0x01, 0x01, 0x01, 0x01, 0x01, 0x01,
  0x01, 0x01, 0x01, 0x01, 0x01, 0x01, 0x01, 0x01, 0x01, 0x01, 0x01, 0x50,
  0x5a, 0xfd, 0xff, 0xff
};

static const uint8_t EN_B3_38[] = {
  0x14, 0x0c, 0x0c, 0x01, 0x5b, 0x1b, 0x55, 0x01, 0x53, 0x1b, 0x1b, 0x1a,
  0x3f, 0xff, 0xff
};

static const uint8_t EN_B3_39[] = {
  0x10, 0x11, 0x15, 0x09, 0x11, 0x3e, 0x01, 0x01, 0x01, 0x01, 0x01, 0x01,
  0xec, 0x15, 0x0e, 0x11, 0x54, 0x01, 0x01, 0x01, 0x01, 0xff, 0x01, 0x01,
  0x01, 0x01, 0x01, 0x01, 0x01, 0x01, 0x01, 0x01, 0x01, 0x01, 0x06, 0x05,
  0x15, 0x53, 0x0c, 0x01, 0x8d, 0x8e, 0xfd, 0xff, 0xff
};

static const uint8_t EN_B3_40[] = {
  0x10, 0x11, 0x15, 0x09, 0x11, 0x01, 0x57, 0x05, 0x52, 0x52, 0x15, 0x1b,
  0x52, 0x3e, 0xff, 0xff
};

static const uint8_t EN_B3_41[] = {
  0x01, 0xfb, 0xff, 0xff
};

static const uint8_t EN_B3_42[] = {
  0x45, 0x1b, 0x55, 0x52, 0x01, 0x15, 0x1a, 0x56, 0x0c, 0x1a, 0x54, 0x1b,
  0x52, 0x5b, 0xff, 0x15, 0x53, 0x01, 0x0d, 0x55, 0x18, 0x18, 0x3f, 0xff,
  0xff
};

static const uint8_t EN_B3_43[] = {
  0x10, 0x15, 0x18, 0x18, 0x01, 0x5b, 0x1b, 0x55, 0x01, 0x54, 0x11, 0x52,
  0x1b, 0x57, 0x01, 0x05, 0x57, 0x05, 0x5b, 0xff, 0x05, 0x1a, 0x01, 0x15,
  0x54, 0x0c, 0x19, 0x3e, 0x01, 0x01, 0x01, 0x01, 0x01, 0x01, 0x01, 0x01,
  0x01, 0x01, 0x45, 0x0c, 0x53, 0xff, 0x01, 0x01, 0x01, 0x01, 0x01, 0x01,
  0x01, 0x01, 0x01, 0x01, 0x01, 0x01, 0x01, 0x01, 0x01, 0x01, 0x01, 0x01,
  0x50, 0x1b, 0x01, 0xfd, 0xff, 0xff
};

static const uint8_t EN_B3_44[] = {
  0x45, 0x1b, 0x55, 0x01, 0x54, 0x11, 0x52, 0x0c, 0x57, 0x01, 0x05, 0x57,
  0x05, 0x5b, 0x01, 0xfb, 0x3f, 0xff, 0xff
};

static const uint8_t EN_B3_45[] = {
  0x47, 0x11, 0x15, 0x53, 0x01, 0x15, 0x54, 0x0c, 0x19, 0x01, 0x15, 0x53,
  0xff, 0x56, 0x0c, 0x52, 0x5b, 0x01, 0x15, 0x19, 0x1d, 0x1b, 0x52, 0x54,
  0x05, 0x1a, 0x54, 0x3f, 0xff, 0xff
};

static const uint8_t EN_B3_46[] = {
  0x8c, 0x0c, 0x0d, 0x1b, 0x52, 0x0c, 0x01, 0x11, 0x0c, 0x01, 0x0a, 0x15,
  0x0c, 0x0a, 0x7b, 0x01, 0x06, 0x05, 0x0a, 0x15, 0x54, 0x5c, 0xff, 0x01,
  0x53, 0x05, 0x15, 0x0a, 0x40, 0xfe, 0xff, 0x01, 0x54, 0x57, 0x1b, 0x01,
  0x0c, 0x56, 0x0c, 0x1a, 0x01, 0x19, 0x1b, 0x52, 0x0c, 0xff, 0x01, 0x1d,
  0x1b, 0x57, 0x0c, 0x52, 0x0d, 0x55, 0x18, 0x01, 0x14, 0x05, 0x15, 0x5b,
  0x05, 0x1a, 0x53, 0xff, 0x01, 0x57, 0x1b, 0x55, 0x18, 0x0a, 0x01, 0x09,
  0x1b, 0x19, 0x0c, 0x01, 0x54, 0x1b, 0x01, 0xeb, 0x05, 0x52, 0x54, 0x11,
  0x7c, 0xff, 0xff
};

static const uint8_t EN_B3_47[] = {
  0xe8, 0x54, 0x01, 0x54, 0x11, 0x0c, 0x01, 0x53, 0x05, 0x19, 0x0c, 0x01,
  0x54, 0x15, 0x19, 0x0c, 0x7b, 0xff, 0x15, 0x1a, 0x01, 0x53, 0x1d, 0x05,
  0x09, 0x0c, 0x40, 0xff, 0xff
};

static const uint8_t EN_B3_48[] = {
  0x8c, 0x05, 0x09, 0x17, 0x01, 0x1b, 0x1a, 0x01, 0xeb, 0x05, 0x52, 0x54,
  0x11, 0x40, 0xff, 0xff
};

static const uint8_t EN_B3_49[] = {
  0xea, 0x55, 0x52, 0x15, 0x1a, 0x0e, 0x01, 0x54, 0x11, 0x15, 0x53, 0x01,
  0x54, 0x15, 0x19, 0x0c, 0x7b, 0xff, 0x47, 0x15, 0x0c, 0x1a, 0x7b, 0x01,
  0x8d, 0x52, 0x15, 0x18, 0x18, 0x15, 0x1a, 0x40, 0xff, 0xff
};

static const uint8_t EN_B3_50[] = {
  0x40, 0x45, 0x05, 0x19, 0x09, 0x11, 0x05, 0x01, 0x05, 0x1a, 0x0a, 0x01,
  0xe9, 0x11, 0x15, 0x05, 0x1b, 0x54, 0x5c, 0x55, 0xff, 0x54, 0x52, 0x05,
  0x15, 0x1a, 0x0c, 0x0a, 0x01, 0x54, 0x1b, 0x01, 0x07, 0x0c, 0x09, 0x1b,
  0x19, 0x0c, 0xff, 0x19, 0x1b, 0x52, 0x0c, 0x01, 0x1d, 0x1b, 0x57, 0x0c,
  0x52, 0x0d, 0x55, 0x18, 0x7c, 0xff, 0xff
};

static const uint8_t EN_B3_51[] = {
  0x14, 0x15, 0x58, 0x01, 0x19, 0x1b, 0x1a, 0x54, 0x11, 0x53, 0x01, 0x18,
  0x05, 0x54, 0x0c, 0x52, 0x40, 0xff, 0xff
};

static const uint8_t EN_B3_52[] = {
  0xe8, 0x0d, 0x54, 0x0c, 0x52, 0x01, 0x05, 0x01, 0x16, 0x1b, 0x55, 0x52,
  0x1a, 0x0c, 0x5b, 0x01, 0x1b, 0x0d, 0xff, 0x05, 0x01, 0x19, 0x15, 0x18,
  0x18, 0x15, 0x1b, 0x1a, 0x01, 0x19, 0x15, 0x18, 0x0c, 0x53, 0x7b, 0xfe,
  0xff, 0xed, 0x1b, 0x17, 0x55, 0x01, 0x0d, 0x15, 0x1a, 0x05, 0x18, 0x18,
  0x5b, 0xff, 0x05, 0x52, 0x52, 0x15, 0x56, 0x0c, 0x0a, 0x01, 0x1b, 0x1a,
  0x01, 0x1d, 0x18, 0x05, 0x1a, 0x0c, 0x54, 0xff, 0x8d, 0x05, 0x15, 0x1b,
  0x7c, 0xff, 0xff
};

static const uint8_t EN_B3_53[] = {
  0xed, 0x1b, 0x17, 0x55, 0x01, 0x57, 0x15, 0x18, 0x18, 0x01, 0x53, 0x1b,
  0x1b, 0x1a, 0xff, 0x52, 0x0c, 0x16, 0x1b, 0x15, 0x1a, 0x01, 0x54, 0x11,
  0x0c, 0x01, 0x1b, 0x54, 0x11, 0x0c, 0x52, 0x53, 0x3f, 0xff, 0xff
};

static const uint8_t EN_B3_54[] = {
  0xed, 0x1b, 0x17, 0x55, 0x01, 0x57, 0x15, 0x18, 0x18, 0x01, 0x53, 0x1b,
  0x1b, 0x1a, 0xff, 0x52, 0x0c, 0x16, 0x1b, 0x15, 0x1a, 0x01, 0x54, 0x11,
  0x0c, 0x01, 0x1b, 0x54, 0x11, 0x0c, 0x52, 0x53, 0x3f, 0xff, 0xff
};

static const uint8_t EN_B3_55[] = {
  0xf4, 0x0e, 0x7e, 0x0f, 0x5b, 0x01, 0x53, 0x09, 0x05, 0x1a, 0x1a, 0x0c,
  0x52, 0x01, 0x53, 0x11, 0x1b, 0x57, 0x53, 0xff, 0x01, 0x54, 0x57, 0x1b,
  0x01, 0x18, 0x05, 0x52, 0x0e, 0x0c, 0x01, 0x1d, 0x1b, 0x57, 0x0c, 0x52,
  0xff, 0x01, 0x18, 0x0c, 0x56, 0x0c, 0x18, 0x53, 0x7c, 0x7f, 0xfe, 0xff,
  0xf4, 0x0e, 0x7e, 0xee, 0x0c, 0x54, 0x42, 0x53, 0x01, 0x0e, 0x1b, 0xff,
  0x01, 0x11, 0x05, 0x56, 0x0c, 0x01, 0x53, 0x1b, 0x19, 0x0c, 0x01, 0x0d,
  0x55, 0x1a, 0x3f, 0x7f, 0xff, 0xff
};

static const uint8_t EN_B3_56[] = {
  0x47, 0x11, 0x15, 0x53, 0x01, 0x53, 0x1d, 0x52, 0x15, 0x1a, 0x0e, 0x01,
  0x52, 0x0c, 0x53, 0x54, 0x1b, 0x52, 0x0c, 0x53, 0xff, 0x5b, 0x1b, 0x55,
  0x52, 0x01, 0x8a, 0x8b, 0x01, 0x05, 0x1a, 0x0a, 0x01, 0x8d, 0x8e, 0x3f,
  0xff, 0xff
};

static const uint8_t EN_B3_57[] = {
  0xea, 0x55, 0x52, 0x15, 0x1a, 0x0e, 0x01, 0x54, 0x11, 0x0c, 0x01, 0x07,
  0x05, 0x54, 0x54, 0x18, 0x0c, 0xff, 0x57, 0x15, 0x54, 0x11, 0x01, 0x54,
  0x11, 0x0c, 0x01, 0x14, 0x05, 0x15, 0x5b, 0x05, 0x1a, 0x53, 0x7b, 0xff,
  0x8d, 0x52, 0x15, 0x18, 0x18, 0x15, 0x1a, 0x01, 0x11, 0x0c, 0x05, 0x52,
  0x0a, 0x40, 0x7c, 0xff, 0xff
};

static const uint8_t EN_B3_58[] = {
  0x54, 0x05, 0x18, 0x17, 0x01, 0x1b, 0x0d, 0x01, 0x05, 0xff, 0xea, 0x52,
  0x05, 0x0e, 0x1b, 0x1a, 0x01, 0x8c, 0x05, 0x18, 0x18, 0x01, 0x1b, 0x1a,
  0xff, 0x1d, 0x18, 0x05, 0x1a, 0x0c, 0x54, 0x01, 0x50, 0x05, 0x19, 0x0c,
  0x17, 0x7c, 0xff, 0xff
};

static const uint8_t EN_B3_59[] = {
  0x5a, 0x55, 0x52, 0x01, 0x11, 0x0c, 0x52, 0x1b, 0x0c, 0x53, 0xff, 0x0a,
  0x0c, 0x09, 0x15, 0x0a, 0x0c, 0x01, 0x54, 0x1b, 0xff, 0x11, 0x0c, 0x05,
  0x0a, 0x01, 0x54, 0x1b, 0x01, 0x50, 0x05, 0x19, 0x0c, 0x17, 0x40, 0xff,
  0xff
};

static const uint8_t EN_B3_60[] = {
  0x54, 0x1b, 0x01, 0x09, 0x1b, 0x18, 0x18, 0x0c, 0x09, 0x54, 0x01, 0x54,
  0x11, 0x0c, 0xff, 0xea, 0x52, 0x05, 0x0e, 0x1b, 0x1a, 0x01, 0x8c, 0x05,
  0x18, 0x18, 0x53, 0x40, 0xff, 0xff
};

static const uint8_t EN_B3_61[] = {
  0x05, 0x1a, 0x0a, 0x01, 0x57, 0x15, 0x53, 0x11, 0x01, 0x0c, 0x56, 0x0c,
  0x52, 0x5b, 0x1b, 0x1a, 0x0c, 0xff, 0x07, 0x05, 0x09, 0x17, 0x01, 0x54,
  0x1b, 0x01, 0x18, 0x15, 0x0d, 0x0c, 0x7c, 0xff, 0xff
};

static const uint8_t EN_B3_62[] = {
  0x47, 0x11, 0x0c, 0x01, 0x14, 0x05, 0x15, 0x5b, 0x05, 0x1a, 0x01, 0x06,
  0x05, 0x0a, 0x15, 0x54, 0x5c, 0xff, 0x53, 0x55, 0x0a, 0x0a, 0x0c, 0x1a,
  0x18, 0x5b, 0x01, 0x05, 0x52, 0x52, 0x15, 0x56, 0x0c, 0x0a, 0x01, 0x1b,
  0x1a, 0xff, 0xeb, 0x05, 0x52, 0x54, 0x11, 0x7c, 0xfe, 0xff, 0x8a, 0x0c,
  0x01, 0x09, 0x18, 0x05, 0x15, 0x19, 0x53, 0x01, 0x54, 0x1b, 0x01, 0x07,
  0x0c, 0x01, 0xed, 0x1b, 0x17, 0x55, 0x42, 0x53, 0xff, 0x1b, 0x18, 0x0a,
  0x0c, 0x52, 0x01, 0x07, 0x52, 0x1b, 0x54, 0x11, 0x0c, 0x52, 0x7b, 0xfe,
  0xff, 0x05, 0x1a, 0x0a, 0x01, 0x11, 0x05, 0x53, 0x01, 0x09, 0x05, 0x19,
  0x0c, 0x01, 0x54, 0x1b, 0x01, 0x52, 0x0c, 0x09, 0x52, 0x55, 0x15, 0x54,
  0xff, 0xed, 0x1b, 0x17, 0x55, 0x01, 0x54, 0x1b, 0x01, 0x11, 0x0c, 0x18,
  0x1d, 0x01, 0x11, 0x15, 0x19, 0xff, 0x0a, 0x0c, 0x53, 0x54, 0x52, 0x1b,
  0x5b, 0x01, 0x54, 0x11, 0x0c, 0x01, 0x1d, 0x18, 0x05, 0x1a, 0x0c, 0x54,
  0x3f, 0xff, 0xff
};

static const uint8_t EN_B3_63[] = {
  0x06, 0x05, 0x0a, 0x15, 0x54, 0x5c, 0x01, 0x1d, 0x1b, 0x53, 0x0c, 0x53,
  0x53, 0x0c, 0x53, 0xff, 0x1b, 0x56, 0x0c, 0x52, 0x57, 0x11, 0x0c, 0x18,
  0x19, 0x15, 0x1a, 0x0e, 0x01, 0x1d, 0x1b, 0x57, 0x0c, 0x52, 0x7b, 0xfe,
  0xff, 0x05, 0x1a, 0x0a, 0x01, 0x11, 0x05, 0x53, 0x01, 0x54, 0x05, 0x17,
  0x0c, 0x1a, 0x01, 0xed, 0x1b, 0x17, 0x55, 0x42, 0x53, 0xff, 0x53, 0x1b,
  0x1a, 0x7b, 0x01, 0xed, 0x1b, 0x11, 0x05, 0x1a, 0x7b, 0x01, 0x11, 0x1b,
  0x53, 0x54, 0x05, 0x0e, 0x0c, 0x3f, 0xff, 0xff
};

static const uint8_t EN_B3_64[] = {
  0xe9, 0x05, 0x1a, 0x01, 0xed, 0x1b, 0x17, 0x55, 0x01, 0x05, 0x1a, 0x0a,
  0x01, 0x8b, 0x15, 0x09, 0x09, 0x1b, 0x18, 0x1b, 0xff, 0x53, 0x05, 0x56,
  0x0c, 0x01, 0x11, 0x15, 0x53, 0x01, 0x53, 0x1b, 0x1a, 0x3f, 0x3e, 0xfe,
  0xff, 0xeb, 0x05, 0x52, 0x54, 0x11, 0x42, 0x53, 0x01, 0x53, 0x54, 0x52,
  0x1b, 0x1a, 0x0e, 0x0c, 0x53, 0x54, 0xff, 0x0d, 0x15, 0x0e, 0x11, 0x54,
  0x0c, 0x52, 0x53, 0x01, 0x57, 0x15, 0x18, 0x18, 0x01, 0x09, 0x11, 0x05,
  0x18, 0x18, 0x0c, 0x1a, 0x0e, 0x0c, 0xff, 0x54, 0x11, 0x0c, 0x01, 0x56,
  0x15, 0x18, 0x18, 0x15, 0x05, 0x1a, 0x1b, 0x55, 0x53, 0x01, 0x14, 0x05,
  0x15, 0x5b, 0x05, 0x1a, 0x3f, 0xff, 0xff
};

static const uint8_t EN_B3_65[] = {
  0x5a, 0x1a, 0x01, 0xeb, 0x05, 0x52, 0x54, 0x11, 0x7b, 0x01, 0x05, 0x54,
  0xff, 0x0f, 0x05, 0x53, 0x54, 0x0c, 0x52, 0x01, 0x06, 0x1b, 0x53, 0x11,
  0x15, 0x42, 0x53, 0x01, 0x11, 0x55, 0x54, 0x40, 0x7f, 0xff, 0xff
};

static const uint8_t EN_B3_66[] = {
  0x8e, 0x01, 0x09, 0x05, 0x1a, 0x42, 0x54, 0x01, 0x0a, 0x1b, 0x01, 0x05,
  0x1a, 0x5b, 0x54, 0x11, 0x15, 0x1a, 0x0e, 0xff, 0x0d, 0x1b, 0x52, 0x01,
  0x5b, 0x1b, 0x55, 0x40, 0xff, 0xff
};

static const uint8_t EN_B3_67[] = {
  0x10, 0x05, 0x52, 0x1a, 0x15, 0x1a, 0x0e, 0x3f, 0xff, 0x45, 0x1b, 0x55,
  0x01, 0x09, 0x1b, 0x55, 0x18, 0x0a, 0x01, 0x0a, 0x15, 0x0c, 0x01, 0x15,
  0x0d, 0x01, 0x5b, 0x1b, 0x55, 0xff, 0x0a, 0x1b, 0x1a, 0x42, 0x54, 0x01,
  0x53, 0x54, 0x1b, 0x1d, 0x7c, 0xff, 0xff
};

static const uint8_t EN_B3_68[] = {
  0x10, 0x05, 0x52, 0x1a, 0x15, 0x1a, 0x0e, 0x3f, 0xff, 0x45, 0x1b, 0x55,
  0x01, 0x09, 0x1b, 0x55, 0x18, 0x0a, 0x01, 0x0a, 0x15, 0x0c, 0x01, 0x15,
  0x0d, 0x01, 0x5b, 0x1b, 0x55, 0xff, 0x0a, 0x1b, 0x1a, 0x42, 0x54, 0x01,
  0x53, 0x54, 0x1b, 0x1d, 0x7c, 0xff, 0xff
};

static const uint8_t EN_B3_69[] = {
  0x10, 0x05, 0x52, 0x1a, 0x15, 0x1a, 0x0e, 0x3f, 0xff, 0x45, 0x1b, 0x55,
  0x01, 0x09, 0x1b, 0x55, 0x18, 0x0a, 0x01, 0x0a, 0x15, 0x0c, 0x01, 0x15,
  0x0d, 0x01, 0x5b, 0x1b, 0x55, 0xff, 0x0a, 0x1b, 0x1a, 0x42, 0x54, 0x01,
  0x53, 0x54, 0x1b, 0x1d, 0x7c, 0xff, 0xff
};

static const uint8_t EN_B3_70[] = {
  0xe9, 0x11, 0x1b, 0x1b, 0x53, 0x0c, 0x01, 0x54, 0x11, 0x0c, 0x01, 0x18,
  0x0c, 0x56, 0x0c, 0x18, 0x01, 0x1b, 0x0d, 0xff, 0x0e, 0x52, 0x05, 0x56,
  0x15, 0x54, 0x5b, 0x01, 0x54, 0x52, 0x05, 0x15, 0x1a, 0x15, 0x1a, 0x0e,
  0xff, 0x01, 0x01, 0x01, 0x01, 0x01, 0x01, 0x01, 0x01, 0x01, 0xf8, 0x58,
  0x01, 0xed, 0x52, 0x05, 0x56, 0x15, 0x54, 0x5b, 0xfd, 0xff, 0xff
};

static const uint8_t EN_B3_71[] = {
  0xea, 0x1b, 0x01, 0x5b, 0x1b, 0x55, 0x01, 0x57, 0x05, 0x1a, 0x54, 0x01,
  0x54, 0x1b, 0xff, 0x52, 0x0c, 0x0e, 0x0c, 0x1a, 0x0c, 0x52, 0x05, 0x54,
  0x0c, 0x3e, 0x01, 0x01, 0x01, 0x45, 0xeb, 0x14, 0x01, 0x01, 0x01, 0xff,
  0x01, 0x01, 0x01, 0x01, 0x01, 0x01, 0x01, 0x01, 0x01, 0x01, 0x01, 0x01,
  0x01, 0x01, 0x50, 0x5a, 0x01, 0x01, 0x01, 0x01, 0xfd, 0xff, 0xff
};

static const uint8_t EN_B3_72[] = {
  0x47, 0x11, 0x0c, 0x01, 0x1a, 0x0c, 0x58, 0x54, 0x01, 0x0a, 0x05, 0x5b,
  0x7b, 0xff, 0x54, 0x11, 0x0c, 0x01, 0x14, 0x05, 0x15, 0x5b, 0x05, 0x1a,
  0x53, 0x01, 0x05, 0x52, 0x52, 0x15, 0x56, 0x0c, 0x0a, 0xff, 0x1b, 0x1a,
  0x01, 0xeb, 0x05, 0x52, 0x54, 0x11, 0x40, 0xfd, 0xff, 0xff
};

static const uint8_t EN_B3_73[] = {
  0x14, 0x15, 0x1a, 0x09, 0x0c, 0x01, 0x54, 0x11, 0x0c, 0x01, 0x16, 0x1b,
  0x55, 0x52, 0x1a, 0x0c, 0x5b, 0x01, 0x54, 0x1b, 0x1b, 0x17, 0xff, 0x05,
  0x01, 0x18, 0x1b, 0x1a, 0x0e, 0x01, 0x54, 0x15, 0x19, 0x0c, 0x7b, 0x01,
  0xed, 0x1b, 0x11, 0x05, 0x1a, 0xff, 0x11, 0x05, 0x0a, 0x01, 0x54, 0x15,
  0x19, 0x0c, 0x01, 0x54, 0x1b, 0x01, 0x54, 0x52, 0x05, 0x15, 0x1a, 0x7c,
  0xff, 0xff
};

static const uint8_t EN_B3_74[] = {
  0x8c, 0x55, 0x54, 0x01, 0x11, 0x0c, 0x01, 0x15, 0x53, 0x01, 0x1a, 0x1b,
  0x54, 0x01, 0x54, 0x11, 0x0c, 0xff, 0x1b, 0x1a, 0x18, 0x5b, 0x01, 0x1b,
  0x1a, 0x0c, 0x40, 0xff, 0xeb, 0x18, 0x53, 0x0c, 0x57, 0x11, 0x0c, 0x52,
  0x0c, 0x40, 0xff, 0xff
};

static const uint8_t EN_B3_75[] = {
  0xef, 0x0c, 0x0e, 0x0c, 0x54, 0x05, 0x01, 0x15, 0x53, 0x01, 0x53, 0x55,
  0x52, 0x1d, 0x52, 0x15, 0x53, 0x0c, 0x0a, 0x01, 0x54, 0x1b, 0xff, 0x18,
  0x0c, 0x05, 0x52, 0x1a, 0x01, 0xec, 0x52, 0x15, 0x0c, 0x5c, 0x05, 0x01,
  0x11, 0x05, 0x53, 0x01, 0x05, 0x18, 0x52, 0x0c, 0x05, 0x0a, 0x5b, 0xff,
  0x18, 0x0c, 0x0d, 0x54, 0x01, 0x0d, 0x1b, 0x52, 0x01, 0x50, 0x05, 0x19,
  0x0c, 0x17, 0x7c, 0xff, 0xff
};

static const uint8_t EN_B3_76[] = {
  0x83, 0x84, 0x01, 0x0a, 0x05, 0x5b, 0x53, 0x01, 0x18, 0x05, 0x54, 0x0c,
  0x52, 0x40, 0xfe, 0xff, 0x54, 0x11, 0x0c, 0x5b, 0x01, 0x05, 0x52, 0x52,
  0x15, 0x56, 0x0c, 0x01, 0x05, 0x54, 0xff, 0x54, 0x11, 0x0c, 0x15, 0x52,
  0x01, 0x0a, 0x0c, 0x53, 0x54, 0x15, 0x1a, 0x05, 0x54, 0x15, 0x1b, 0x1a,
  0x40, 0xff, 0xff
};

static const uint8_t EN_B3_77[] = {
  0x8b, 0x18, 0x05, 0x1a, 0x0c, 0x54, 0x01, 0x50, 0x05, 0x19, 0x0c, 0x17,
  0x3f, 0xff, 0xff
};

static const uint8_t EN_B3_78[] = {
  0x47, 0x11, 0x0c, 0x01, 0x50, 0x05, 0x19, 0x0c, 0x17, 0x53, 0x01, 0x54,
  0x05, 0x18, 0x17, 0xff, 0x0d, 0x1b, 0x52, 0x01, 0x05, 0x01, 0x19, 0x1b,
  0x19, 0x0c, 0x1a, 0x54, 0x40, 0xff, 0xff
};

static const uint8_t EN_B3_79[] = {
  0x7e, 0x8c, 0x55, 0x18, 0x19, 0x05, 0x01, 0x15, 0x53, 0x01, 0x15, 0x1a,
  0xff, 0x0a, 0x05, 0x1a, 0x0e, 0x0c, 0x52, 0x3f, 0x01, 0x10, 0x0c, 0x01,
  0x19, 0x55, 0x53, 0x54, 0x01, 0x0e, 0x1b, 0xff, 0x07, 0x05, 0x09, 0x17,
  0x01, 0x54, 0x1b, 0x01, 0x54, 0x11, 0x0c, 0x01, 0x53, 0x11, 0x15, 0x1d,
  0x3f, 0x7f, 0xff, 0xff
};

static const uint8_t EN_B3_80[] = {
  0x7e, 0x40, 0x54, 0x11, 0x0c, 0x01, 0xed, 0x15, 0x1a, 0x5b, 0x55, 0x01,
  0xec, 0x1b, 0x52, 0x09, 0x0c, 0x3f, 0x7f, 0xff, 0xff
};

static const uint8_t EN_B3_81[] = {
  0x40, 0xff, 0xff
};

static const uint8_t EN_B3_82[] = {
  0xed, 0x1b, 0x17, 0x55, 0x01, 0x05, 0x52, 0x52, 0x15, 0x56, 0x0c, 0x53,
  0x3f, 0xff, 0xff
};

static const uint8_t EN_B3_83[] = {
  0x0f, 0x0c, 0x05, 0x1a, 0x57, 0x11, 0x15, 0x18, 0x0c, 0x7b, 0x01, 0x1b,
  0x1a, 0x01, 0x8b, 0x18, 0x05, 0x1a, 0x0c, 0x54, 0xff, 0x50, 0x05, 0x19,
  0x0c, 0x17, 0x7b, 0x01, 0x15, 0x1a, 0x01, 0xed, 0x55, 0x52, 0x55, 0x42,
  0x53, 0xff, 0x11, 0x1b, 0x55, 0x53, 0x0c, 0x7c, 0x01, 0x50, 0x05, 0x15,
  0x18, 0x40, 0xff, 0xff
};

static const uint8_t EN_B3_84[] = {
  0x0f, 0x0c, 0x05, 0x1a, 0x57, 0x11, 0x15, 0x18, 0x0c, 0x7b, 0x01, 0x1b,
  0x1a, 0x01, 0x8b, 0x18, 0x05, 0x1a, 0x0c, 0x54, 0xff, 0x50, 0x05, 0x19,
  0x0c, 0x17, 0x7b, 0x01, 0x15, 0x1a, 0x01, 0xed, 0x55, 0x52, 0x55, 0x42,
  0x53, 0xff, 0x11, 0x1b, 0x55, 0x53, 0x0c, 0x7c, 0x01, 0x50, 0x05, 0x15,
  0x18, 0x40, 0xff, 0xff
};

static const uint8_t EN_B3_85[] = {
  0x7e, 0xed, 0x1b, 0x1b, 0x0a, 0x01, 0x19, 0x1b, 0x52, 0x1a, 0x15, 0x1a,
  0x0e, 0x7b, 0xff, 0x01, 0x5b, 0x1b, 0x55, 0x01, 0x16, 0x55, 0x53, 0x54,
  0x01, 0x57, 0x1b, 0x17, 0x0c, 0xff, 0x01, 0x19, 0x0c, 0x01, 0x55, 0x1d,
  0x40, 0xff, 0x01, 0x5a, 0x11, 0x11, 0x11, 0x01, 0x55, 0x19, 0x19, 0x40,
  0x7f, 0xff, 0xff
};

static const uint8_t EN_B3_86[] = {
  0x7e, 0x8e, 0x54, 0x42, 0x53, 0x01, 0x1a, 0x1b, 0x54, 0x01, 0x15, 0x19,
  0x1d, 0x1b, 0x52, 0x54, 0x05, 0x1a, 0x54, 0x7c, 0xff, 0x01, 0x8e, 0x42,
  0x56, 0x0c, 0x01, 0x07, 0x0c, 0x0c, 0x1a, 0x01, 0x53, 0x18, 0x0c, 0x0c,
  0x1d, 0x15, 0x1a, 0x0e, 0xff, 0x01, 0x05, 0x01, 0x18, 0x1b, 0x1a, 0x0e,
  0x01, 0x54, 0x15, 0x19, 0x0c, 0x40, 0x7f, 0xff, 0xff
};

static const uint8_t EN_B3_87[] = {
  0x7e, 0x45, 0x1b, 0x55, 0x01, 0x09, 0x05, 0x1a, 0x01, 0x52, 0x0c, 0x0e,
  0x0c, 0x1a, 0x0c, 0x52, 0x05, 0x54, 0x0c, 0xff, 0x01, 0x11, 0x0c, 0x52,
  0x0c, 0x01, 0x57, 0x11, 0x0c, 0x1a, 0x0c, 0x56, 0x0c, 0x52, 0x01, 0x5b,
  0x1b, 0x55, 0xff, 0x01, 0x57, 0x05, 0x1a, 0x54, 0x7c, 0x7f, 0xff, 0xff
};

static const uint8_t EN_B3_88[] = {
  0xed, 0x1b, 0x11, 0x05, 0x1a, 0x01, 0x11, 0x05, 0x53, 0x01, 0x0e, 0x1b,
  0x1a, 0x0c, 0x01, 0x15, 0x1a, 0xff, 0x53, 0x0c, 0x05, 0x52, 0x09, 0x11,
  0x01, 0x1b, 0x0d, 0x01, 0x54, 0x11, 0x0c, 0x01, 0x18, 0x15, 0x54, 0x54,
  0x18, 0x0c, 0xff, 0x50, 0x05, 0x19, 0x0c, 0x17, 0x7b, 0x01, 0xea, 0x0c,
  0x1a, 0x0a, 0x0c, 0x40, 0xff, 0xff
};

static const uint8_t EN_B3_89[] = {
  0x7e, 0x8c, 0x0c, 0x01, 0x09, 0x05, 0x52, 0x0c, 0x0d, 0x55, 0x18, 0x3f,
  0x01, 0x47, 0x11, 0x0c, 0x52, 0x0c, 0xff, 0x01, 0x05, 0x52, 0x0c, 0x01,
  0x0c, 0x1a, 0x0c, 0x19, 0x15, 0x0c, 0x53, 0xff, 0x01, 0x0c, 0x56, 0x0c,
  0x52, 0x5b, 0x11, 0x57, 0x0c, 0x52, 0x0c, 0x7c, 0x7f, 0xff, 0xff
};

static const uint8_t EN_B3_90[] = {
  0x14, 0x1b, 0x19, 0x0c, 0x54, 0x11, 0x15, 0x1a, 0x0e, 0x01, 0x53, 0x54,
  0x1b, 0x18, 0x0c, 0x01, 0x54, 0x11, 0x0c, 0xff, 0x54, 0x11, 0x0c, 0x01,
  0x15, 0x54, 0x0c, 0x19, 0xff, 0xfb, 0x3f, 0xff, 0xff
};

static const uint8_t EN_B3_91[] = {
  0x0f, 0x0c, 0x05, 0x1a, 0x57, 0x11, 0x15, 0x18, 0x0c, 0x7b, 0xff, 0x8b,
  0x15, 0x09, 0x09, 0x1b, 0x18, 0x1b, 0x01, 0x52, 0x55, 0x53, 0x11, 0x0c,
  0x53, 0xff, 0x54, 0x1b, 0x01, 0x0d, 0x15, 0x1a, 0x0a, 0x01, 0xed, 0x5a,
  0x11, 0x05, 0x1a, 0x40, 0xff, 0xff
};

static const uint8_t EN_B3_92[] = {
  0x40, 0xff, 0xff
};

static const uint8_t EN_B3_93[] = {
  0x40, 0xff, 0xff
};

static const uint8_t EN_B3_94[] = {
  0x40, 0xff, 0xff
};

static const uint8_t EN_B3_95[] = {
  0x7e, 0x8a, 0x0c, 0x18, 0x18, 0x1b, 0x01, 0xed, 0x1b, 0x11, 0x05, 0x1a,
  0x01, 0x05, 0x1a, 0x0a, 0xff, 0xea, 0x0c, 0x1a, 0x0a, 0x0c, 0x7c, 0x01,
  0x10, 0x11, 0x05, 0x54, 0x01, 0x09, 0x05, 0x1a, 0x01, 0x8e, 0xff, 0x0a,
  0x1b, 0x01, 0x0d, 0x1b, 0x52, 0x01, 0x5b, 0x1b, 0x55, 0x3e, 0x7f, 0xff,
  0xff
};

static const uint8_t EN_B3_96[] = {
  0x7e, 0x45, 0x1b, 0x55, 0x01, 0x11, 0x05, 0x56, 0x0c, 0x01, 0x0a, 0x1b,
  0x1a, 0x0c, 0x01, 0x57, 0x0c, 0x18, 0x18, 0x7b, 0xff, 0x07, 0x55, 0x54,
  0x40, 0x7f, 0xff, 0xff
};

static const uint8_t EN_B3_97[] = {
  0x7e, 0x8e, 0x0d, 0x01, 0x5b, 0x1b, 0x55, 0x01, 0x57, 0x05, 0x1a, 0x54,
  0x01, 0x54, 0x1b, 0xff, 0x1d, 0x05, 0x53, 0x53, 0x01, 0x54, 0x11, 0x52,
  0x55, 0xff, 0x11, 0x0c, 0x52, 0x0c, 0x40, 0x7f, 0xff, 0xff
};

static const uint8_t EN_B3_98[] = {
  0x7e, 0x5b, 0x1b, 0x55, 0x01, 0x19, 0x55, 0x53, 0x54, 0x01, 0x54, 0x55,
  0x52, 0x1a, 0x01, 0x54, 0x11, 0x0c, 0xff, 0x09, 0x52, 0x05, 0x1a, 0x17,
  0x53, 0x01, 0x15, 0x1a, 0x01, 0x54, 0x11, 0x0c, 0x01, 0x09, 0x05, 0x56,
  0x0c, 0x01, 0x54, 0x1b, 0xff, 0x54, 0x11, 0x0c, 0x01, 0x53, 0x1b, 0x55,
  0x54, 0x11, 0x7c, 0x7f, 0xff, 0xff
};

static const uint8_t EN_B3_99[] = {
  0x7e, 0xee, 0x1b, 0x1b, 0x17, 0x7b, 0x01, 0x05, 0x01, 0x09, 0x52, 0x05,
  0x1a, 0x17, 0x3f, 0x7f, 0xff, 0xff
};

static const uint8_t EN_B3_100[] = {
  0x10, 0xe8, 0x06, 0x50, 0x8e, 0x50, 0xed, 0x3f, 0xff, 0xea, 0xe8, 0x50,
  0xed, 0xeb, 0x06, 0x3f, 0xff, 0xea, 0x1b, 0x01, 0x1a, 0x1b, 0x54, 0x01,
  0x54, 0x1b, 0x55, 0x09, 0x11, 0x3f, 0xff, 0xff
};

static const uint8_t EN_B3_101[] = {
  0x47, 0x11, 0x0c, 0x01, 0xed, 0x55, 0x52, 0x55, 0x01, 0x52, 0x0c, 0x05,
  0x0a, 0x01, 0x54, 0x11, 0x0c, 0xff, 0x1d, 0x05, 0x53, 0x54, 0x01, 0x1b,
  0x0d, 0x01, 0x1b, 0x55, 0x52, 0x01, 0x11, 0x0c, 0x52, 0x1b, 0x0c, 0x53,
  0x7b, 0xfe, 0xff, 0x05, 0x1a, 0x0a, 0x01, 0x0e, 0x05, 0x54, 0x11, 0x0c,
  0x52, 0x0c, 0x0a, 0xff, 0x15, 0x1a, 0x0d, 0x1b, 0x52, 0x19, 0x05, 0x54,
  0x15, 0x1b, 0x1a, 0xff, 0x0d, 0x52, 0x1b, 0x19, 0x01, 0xea, 0x0c, 0x1a,
  0x0a, 0x0c, 0x7c, 0xff, 0xff
};

static const uint8_t EN_B3_102[] = {
  0x45, 0x1b, 0x55, 0x01, 0x0e, 0x1b, 0x54, 0x01, 0x54, 0x11, 0x0c, 0x01,
  0xf8, 0xff, 0x53, 0x54, 0x05, 0x52, 0x01, 0xea, 0x52, 0x05, 0x0e, 0x1b,
  0x1a, 0x01, 0x8c, 0x05, 0x18, 0x18, 0x7c, 0xff, 0xff
};

static const uint8_t EN_B3_103[] = {
  0xfb, 0x01, 0x05, 0x1a, 0x0a, 0x01, 0xeb, 0x19, 0x15, 0x01, 0xff, 0x18,
  0x0c, 0x05, 0x56, 0x0c, 0x01, 0x54, 0x11, 0x0c, 0x01, 0x0e, 0x52, 0x1b,
  0x55, 0x1d, 0x7c, 0xff
};

static const uint8_t EN_B3_104[] = {
  0x45, 0x1b, 0x55, 0x01, 0x11, 0x05, 0x56, 0x0c, 0x01, 0x0d, 0x1b, 0x55,
  0x1a, 0x0a, 0xff, 0x54, 0x11, 0x0c, 0x01, 0xea, 0x52, 0x05, 0x0e, 0x1b,
  0x1a, 0x07, 0x05, 0x18, 0x18, 0x53, 0x3f, 0xff, 0xff
};

static const uint8_t EN_B3_105[] = {
  0xff
};

static const uint8_t EN_B3_118[] = {
  0x50, 0x1b, 0x57, 0x7b, 0x01, 0x54, 0x11, 0x0c, 0x01, 0x50, 0x05, 0x19,
  0x0c, 0x17, 0x15, 0x05, 0x1a, 0xff, 0x0a, 0x52, 0x05, 0x0e, 0x1b, 0x1a,
  0x01, 0x09, 0x05, 0x1a, 0x01, 0x0d, 0x15, 0x1a, 0x05, 0x18, 0x18, 0x5b,
  0xff, 0x07, 0x0c, 0x01, 0x53, 0x55, 0x19, 0x19, 0x1b, 0x1a, 0x0c, 0x0a,
  0x40, 0xff, 0xff
};

static const uint8_t EN_B3_119[] = {
  0x10, 0x11, 0x15, 0x18, 0x0c, 0x01, 0x50, 0x05, 0x15, 0x18, 0x01, 0x57,
  0x05, 0x53, 0xff, 0x0d, 0x15, 0x0e, 0x11, 0x54, 0x15, 0x1a, 0x0e, 0x01,
  0xec, 0x52, 0x15, 0x0c, 0x5c, 0x05, 0x40, 0xff, 0xff
};

static const uint8_t EN_B3_120[] = {
  0x3f, 0xff, 0xff
};

static const uint8_t EN_B3_121[] = {
  0x47, 0x11, 0x0c, 0x01, 0x07, 0x05, 0x54, 0x54, 0x18, 0x0c, 0x01, 0x05,
  0x0e, 0x05, 0x15, 0x1a, 0x53, 0x54, 0xff, 0xec, 0x52, 0x15, 0x0c, 0x5c,
  0x05, 0x01, 0x09, 0x1b, 0x1a, 0x54, 0x15, 0x1a, 0x55, 0x0c, 0x53, 0x3f,
  0xff, 0xff
};

static const uint8_t EN_B3_122[] = {
  0x7e, 0x8e, 0x01, 0x1a, 0x1b, 0x01, 0x18, 0x1b, 0x1a, 0x0e, 0x0c, 0x52,
  0x01, 0x53, 0x0c, 0x1a, 0x53, 0x0c, 0xff, 0x11, 0x15, 0x53, 0x01, 0x0c,
  0x1a, 0x0c, 0x52, 0x0e, 0x5b, 0x40, 0x7f, 0xff, 0xff
};

static const uint8_t EN_B3_123[] = {
  0x7e, 0x8e, 0x01, 0x11, 0x05, 0x56, 0x0c, 0x01, 0x05, 0x01, 0x07, 0x52,
  0x1b, 0x54, 0x11, 0x0c, 0x52, 0xff, 0x01, 0x53, 0x54, 0x05, 0x5b, 0x15,
  0x1a, 0x0e, 0x01, 0x15, 0x1a, 0x01, 0x05, 0x01, 0x56, 0x15, 0x18, 0x18,
  0x05, 0x0e, 0x0c, 0xff, 0x01, 0x1a, 0x0c, 0x58, 0x54, 0x01, 0x54, 0x1b,
  0x01, 0x54, 0x11, 0x0c, 0x01, 0x53, 0x1b, 0x55, 0x54, 0x11, 0x01, 0x09,
  0x05, 0x56, 0x0c, 0x7c, 0x7f, 0xff, 0xff
};

static const uint8_t EN_B3_124[] = {
  0x7e, 0x8e, 0x01, 0x11, 0x05, 0x56, 0x0c, 0x01, 0x05, 0x01, 0x07, 0x52,
  0x1b, 0x54, 0x11, 0x0c, 0x52, 0xff, 0x01, 0x53, 0x54, 0x05, 0x5b, 0x15,
  0x1a, 0x0e, 0x01, 0x15, 0x1a, 0x01, 0x05, 0x01, 0x56, 0x15, 0x18, 0x18,
  0x05, 0x0e, 0x0c, 0xff, 0x01, 0x1a, 0x0c, 0x58, 0x54, 0x01, 0x54, 0x1b,
  0x01, 0x54, 0x11, 0x0c, 0x01, 0x53, 0x1b, 0x55, 0x54, 0x11, 0x01, 0x09,
  0x05, 0x56, 0x0c, 0x7c, 0x7f, 0xff, 0xff
};

static const uint8_t EN_B3_125[] = {
  0x7e, 0x8e, 0x42, 0x18, 0x18, 0x01, 0x53, 0x54, 0x05, 0x5b, 0x01, 0x11,
  0x0c, 0x52, 0x0c, 0xff, 0x01, 0x54, 0x1b, 0x01, 0x1d, 0x52, 0x1b, 0x54,
  0x0c, 0x09, 0x54, 0x01, 0x54, 0x11, 0x15, 0x53, 0x01, 0x11, 0x1b, 0x55,
  0x53, 0x0c, 0xff, 0x01, 0x0d, 0x52, 0x1b, 0x19, 0x01, 0x54, 0x11, 0x0c,
  0x01, 0x19, 0x1b, 0x1a, 0x53, 0x54, 0x0c, 0x52, 0x53, 0x7c, 0x7f, 0xff,
  0xff
};

static const uint8_t EN_B3_126[] = {
  0x8a, 0x0c, 0x42, 0x53, 0x01, 0x0a, 0x0c, 0x05, 0x0a, 0x3f, 0xff, 0xff
};

static const uint8_t EN_B3_127[] = {
  0x7e, 0x8a, 0x0c, 0x40, 0x01, 0x53, 0x05, 0x15, 0x0a, 0x40, 0xff, 0x01,
  0x11, 0x15, 0x53, 0x40, 0x01, 0x1a, 0x05, 0x19, 0x0c, 0x01, 0x57, 0x05,
  0x53, 0x40, 0xff, 0x01, 0xec, 0x52, 0x15, 0x0c, 0x5c, 0x05, 0x40, 0x7f,
  0xff, 0xff
};

static const uint8_t EN_B3_128[] = {
  0x7e, 0x40, 0x05, 0x54, 0x54, 0x05, 0x09, 0x17, 0x0c, 0x0a, 0x40, 0xff,
  0x01, 0x19, 0x55, 0x53, 0x54, 0x40, 0x01, 0x1d, 0x52, 0x1b, 0x54, 0x0c,
  0x09, 0x54, 0x40, 0xff, 0x01, 0x0f, 0x05, 0x53, 0x54, 0x0c, 0x52, 0x40,
  0x01, 0xed, 0x55, 0x52, 0x55, 0x3f, 0x7f, 0xff, 0xff
};

static const uint8_t EN_B3_129[] = {
  0x0f, 0x0c, 0x05, 0x1a, 0x57, 0x11, 0x15, 0x18, 0x0c, 0x40, 0xff, 0xff
};

static const uint8_t EN_B3_130[] = {
  0x40, 0xff, 0xff
};

static const uint8_t EN_B3_131[] = {
  0xed, 0x1b, 0x17, 0x55, 0x01, 0x15, 0x53, 0x01, 0x0a, 0x0c, 0x54, 0x0c,
  0x52, 0x19, 0x15, 0x1a, 0x0c, 0x0a, 0x01, 0x54, 0x1b, 0xff, 0x52, 0x0c,
  0x05, 0x09, 0x11, 0x01, 0x54, 0x11, 0x0c, 0x01, 0x0c, 0x1a, 0x0a, 0x01,
  0x1b, 0x0d, 0x01, 0x54, 0x11, 0x0c, 0xff, 0x14, 0x0c, 0x52, 0x1d, 0x0c,
  0x1a, 0x54, 0x01, 0x06, 0x1b, 0x05, 0x0a, 0x40, 0xff, 0xff
};

static const uint8_t EN_B3_132[] = {
  0xed, 0x1b, 0x17, 0x55, 0x01, 0x15, 0x53, 0x01, 0x0a, 0x0c, 0x54, 0x0c,
  0x52, 0x19, 0x15, 0x1a, 0x0c, 0x0a, 0x01, 0x54, 0x1b, 0xff, 0x52, 0x0c,
  0x05, 0x09, 0x11, 0x01, 0x54, 0x11, 0x0c, 0x01, 0x0c, 0x1a, 0x0a, 0x01,
  0x1b, 0x0d, 0x01, 0x54, 0x11, 0x0c, 0xff, 0x14, 0x0c, 0x52, 0x1d, 0x0c,
  0x1a, 0x54, 0x01, 0x06, 0x1b, 0x05, 0x0a, 0x40, 0xff, 0xff
};

static const uint8_t EN_B3_133[] = {
  0x57, 0x11, 0x0c, 0x52, 0x0c, 0x01, 0x11, 0x0c, 0x01, 0x57, 0x15, 0x18,
  0x18, 0x01, 0x54, 0x52, 0x05, 0x15, 0x1a, 0xff, 0x1a, 0x0c, 0x57, 0x01,
  0x09, 0x1b, 0x19, 0x07, 0x05, 0x54, 0x01, 0x54, 0x0c, 0x09, 0x11, 0x1a,
  0x15, 0x51, 0x55, 0x0c, 0x53, 0xff, 0x57, 0x15, 0x54, 0x11, 0x01, 0x0f,
  0x05, 0x53, 0x54, 0x0c, 0x52, 0x01, 0x8d, 0x05, 0x15, 0x7c, 0xff, 0xff
};

static const uint8_t EN_B3_134[] = {
  0xed, 0x1b, 0x17, 0x55, 0x01, 0x52, 0x0c, 0x09, 0x1b, 0x56, 0x0c, 0x52,
  0x0c, 0x0a, 0xff, 0x0d, 0x52, 0x1b, 0x19, 0x01, 0x11, 0x15, 0x53, 0x01,
  0x57, 0x1b, 0x55, 0x1a, 0x0a, 0x53, 0xff, 0x05, 0x1a, 0x0a, 0x01, 0x18,
  0x0c, 0x0d, 0x54, 0x01, 0x0d, 0x1b, 0x52, 0x01, 0x50, 0x05, 0x19, 0x0c,
  0x17, 0x7c, 0xff, 0xff
};

static const uint8_t EN_B3_135[] = {
  0x40, 0xff, 0xff
};

static const uint8_t EN_B3_136[] = {
  0x40, 0xff, 0xff
};

static const uint8_t EN_B3_137[] = {
  0x40, 0xff, 0xff
};

static const uint8_t EN_B3_138[] = {
  0x40, 0xff, 0xff
};

static const uint8_t EN_B3_139[] = {
  0x0f, 0x0c, 0x05, 0x1a, 0x57, 0x11, 0x15, 0x18, 0x0c, 0x7b, 0x01, 0x1b,
  0x1a, 0xff, 0x1d, 0x18, 0x05, 0x1a, 0x0c, 0x54, 0x01, 0x50, 0x05, 0x19,
  0x0c, 0x17, 0x40, 0xff, 0xff
};

static const uint8_t EN_B3_140[] = {
  0x40, 0xff, 0xff
};

static const uint8_t EN_B3_141[] = {
  0xeb, 0x18, 0x53, 0x0c, 0x57, 0x11, 0x0c, 0x52, 0x0c, 0x01, 0x1b, 0x1a,
  0xff, 0x50, 0x05, 0x19, 0x0c, 0x17, 0x40, 0xff, 0xff
};

static const uint8_t EN_B3_142[] = {
  0x0f, 0x0c, 0x05, 0x1a, 0x57, 0x11, 0x15, 0x18, 0x0c, 0x7b, 0x01, 0x1b,
  0x1a, 0xff, 0x1d, 0x18, 0x05, 0x1a, 0x0c, 0x54, 0x01, 0x50, 0x05, 0x19,
  0x0c, 0x17, 0x40, 0xff, 0xff
};

static const uint8_t EN_B3_143[] = {
  0x40, 0xff, 0xff
};

static const uint8_t EN_B3_144[] = {
  0xe8, 0x53, 0x01, 0x54, 0x11, 0x0c, 0x01, 0x07, 0x05, 0x54, 0x54, 0x18,
  0x0c, 0x01, 0x57, 0x15, 0x54, 0x11, 0xff, 0xec, 0x52, 0x15, 0x0c, 0x5c,
  0x05, 0x01, 0x09, 0x1b, 0x1a, 0x54, 0x15, 0x1a, 0x55, 0x0c, 0x53, 0x40,
  0xff, 0xff
};

static const uint8_t EN_B3_145[] = {
  0xed, 0x1b, 0x17, 0x55, 0x01, 0x11, 0x05, 0x53, 0x01, 0xf8, 0x01, 0x0a,
  0x05, 0x5b, 0x53, 0xff, 0x18, 0x0c, 0x0d, 0x54, 0x40, 0xff, 0xff
};

static const uint8_t EN_B3_146[] = {
  0xec, 0x52, 0x15, 0x0c, 0x5c, 0x05, 0x01, 0x15, 0x53, 0x01, 0x0e, 0x1b,
  0x1a, 0x0c, 0x3f, 0xff, 0x47, 0x11, 0x0c, 0x01, 0x0d, 0x15, 0x0e, 0x11,
  0x54, 0x0c, 0x52, 0x53, 0x01, 0x57, 0x0c, 0x1a, 0x54, 0x01, 0x05, 0x0d,
  0x54, 0x0c, 0x52, 0xff, 0x11, 0x15, 0x53, 0x01, 0x53, 0x11, 0x15, 0x1d,
  0x3f, 0xff, 0xff
};

static const uint8_t EN_B3_147[] = {
  0x7e, 0x10, 0x11, 0x05, 0x54, 0x01, 0x0a, 0x1b, 0x01, 0x5b, 0x1b, 0x55,
  0x01, 0x57, 0x05, 0x1a, 0x54, 0x3e, 0x7f, 0xff, 0x01, 0x01, 0x01, 0x01,
  0x01, 0x01, 0x01, 0x01, 0x01, 0x01, 0x01, 0x01, 0x01, 0x01, 0x01, 0xeb,
  0x05, 0x54, 0xff, 0x01, 0x01, 0x01, 0x01, 0x01, 0x01, 0x01, 0x01, 0x01,
  0x01, 0x01, 0x01, 0x01, 0x01, 0x01, 0x50, 0x1b, 0x54, 0x11, 0x15, 0x1a,
  0x0e, 0x01, 0xfd, 0xff, 0xff
};

static const uint8_t EN_B3_148[] = {
  0x7e, 0x10, 0x11, 0x05, 0x54, 0x01, 0x0a, 0x1b, 0x01, 0x5b, 0x1b, 0x55,
  0x01, 0x57, 0x05, 0x1a, 0x54, 0x3e, 0x7f, 0xff, 0x01, 0x01, 0x01, 0x01,
  0x01, 0x01, 0x01, 0x01, 0x01, 0x01, 0x01, 0x01, 0x01, 0x01, 0x01, 0xeb,
  0x05, 0x54, 0xff, 0x01, 0x01, 0x01, 0x01, 0x01, 0x01, 0x01, 0x01, 0x01,
  0x01, 0x01, 0x01, 0x01, 0x01, 0x01, 0x50, 0x1b, 0x54, 0x11, 0x15, 0x1a,
  0x0e, 0x01, 0xfd, 0xff, 0xff
};

static const uint8_t EN_B3_149[] = {
  0x40, 0xff, 0xff
};

static const uint8_t EN_B3_150[] = {
  0x40, 0xff, 0xff
};

static const uint8_t EN_B3_151[] = {
  0x7e, 0x8e, 0x01, 0x05, 0x19, 0x01, 0x05, 0x54, 0x01, 0x5b, 0x1b, 0x55,
  0x52, 0xff, 0x01, 0x53, 0x0c, 0x52, 0x56, 0x15, 0x09, 0x0c, 0x3f, 0x7f,
  0xff, 0xff
};

static const uint8_t EN_B3_152[] = {
  0x7e, 0x50, 0x1b, 0x57, 0x01, 0x5b, 0x1b, 0x55, 0x42, 0x52, 0x0c, 0x01,
  0x15, 0x1a, 0x01, 0x0e, 0x1b, 0x1b, 0x0a, 0xff, 0x01, 0x53, 0x11, 0x05,
  0x1d, 0x0c, 0x3f, 0x7f, 0xff, 0xff
};

static const uint8_t EN_B3_153[] = {
  0x7e, 0x45, 0x1b, 0x55, 0x01, 0x19, 0x55, 0x53, 0x54, 0x01, 0x0d, 0x15,
  0x0e, 0x11, 0x54, 0xff, 0x01, 0x05, 0x0e, 0x05, 0x15, 0x1a, 0x53, 0x54,
  0x01, 0x54, 0x11, 0x0c, 0x01, 0x19, 0x1b, 0x1a, 0x53, 0x54, 0x0c, 0x52,
  0x53, 0xff, 0x01, 0x11, 0x0c, 0x52, 0x0c, 0x7c, 0x7f, 0xff, 0xff
};

static const uint8_t EN_B3_154[] = {
  0x7e, 0x45, 0x1b, 0x55, 0x01, 0x57, 0x15, 0x18, 0x18, 0x01, 0x0c, 0x05,
  0x52, 0x1a, 0x01, 0x13, 0x0c, 0x1a, 0x15, 0xff, 0x01, 0x0d, 0x1b, 0x52,
  0x01, 0x0c, 0x05, 0x09, 0x11, 0x01, 0x1b, 0x1a, 0x0c, 0x01, 0x0e, 0x52,
  0x1b, 0x55, 0x1d, 0xff, 0x01, 0x5b, 0x1b, 0x55, 0x01, 0x0a, 0x0c, 0x0d,
  0x0c, 0x05, 0x54, 0x7c, 0x7f, 0xff, 0xff
};

static const uint8_t EN_B3_155[] = {
  0x7e, 0x8c, 0x0c, 0x01, 0x09, 0x05, 0x52, 0x0c, 0x0d, 0x55, 0x18, 0x3f,
  0x01, 0x45, 0x1b, 0x55, 0xff, 0x01, 0x53, 0x11, 0x1b, 0x55, 0x18, 0x0a,
  0x01, 0x51, 0x55, 0x15, 0x54, 0x01, 0x15, 0x0d, 0x01, 0x5b, 0x1b, 0x55,
  0xff, 0x01, 0x0e, 0x0c, 0x54, 0x01, 0x07, 0x05, 0x0a, 0x18, 0x5b, 0x01,
  0x15, 0x1a, 0x16, 0x55, 0x52, 0x0c, 0x0a, 0x7c, 0x7f, 0xff, 0xff
};

static const uint8_t EN_B3_156[] = {
  0x7e, 0x50, 0x1b, 0x54, 0x11, 0x15, 0x1a, 0x0e, 0x01, 0x5b, 0x0c, 0x54,
  0x7c, 0x7f, 0xff, 0xff
};

static const uint8_t EN_B3_157[] = {
  0x7e, 0xe8, 0x52, 0x0c, 0x01, 0x5b, 0x1b, 0x55, 0x01, 0x52, 0x0c, 0x05,
  0x0a, 0x5b, 0x3e, 0x7f, 0x01, 0x01, 0x01, 0x01, 0xff, 0x01, 0x01, 0x01,
  0x01, 0x01, 0x01, 0x01, 0x01, 0x01, 0x01, 0x01, 0x01, 0x01, 0x01, 0x01,
  0x01, 0x45, 0x0c, 0x53, 0x01, 0xff, 0x01, 0x01, 0x01, 0x01, 0x01, 0x01,
  0x01, 0x01, 0x01, 0x01, 0x01, 0x01, 0x01, 0x01, 0x01, 0x01, 0x50, 0x1b,
  0x01, 0x01, 0xfd, 0xff, 0xff
};

static const uint8_t EN_B3_158[] = {
  0x50, 0x1b, 0x54, 0x11, 0x15, 0x1a, 0x0e, 0x01, 0x54, 0x11, 0x0c, 0x52,
  0x0c, 0x3f, 0xff, 0xff
};

static const uint8_t EN_B3_159[] = {
  0x7e, 0xed, 0x55, 0x18, 0x0a, 0x1b, 0x3f, 0x7f, 0xff, 0xff
};

static const uint8_t EN_B3_160[] = {
  0x7e, 0xed, 0x55, 0x18, 0x0a, 0x1b, 0x3f, 0x7f, 0xff, 0xff
};

static const uint8_t EN_B3_161[] = {
  0x7e, 0x06, 0x0c, 0x09, 0x1b, 0x1b, 0x19, 0x0c, 0x3f, 0x7f, 0xff, 0xff
};

static const uint8_t EN_B3_162[] = {
  0x7e, 0x8c, 0x55, 0x52, 0x54, 0x0c, 0x52, 0x3f, 0x7f, 0xff, 0xff
};

static const uint8_t EN_B3_163[] = {
  0x7e, 0x04, 0x0c, 0x15, 0x09, 0x0c, 0x3f, 0x7f, 0xff, 0xff
};

static const uint8_t EN_B3_164[] = {
  0x7e, 0xed, 0x15, 0x1a, 0x5b, 0x55, 0x3f, 0x7f, 0xff, 0xff
};

static const uint8_t EN_B3_165[] = {
  0x45, 0x1b, 0x55, 0x01, 0x11, 0x05, 0x56, 0x0c, 0x01, 0x1a, 0x1b, 0x01,
  0x15, 0x54, 0x0c, 0x19, 0x53, 0x3f, 0xff, 0xff
};

static const uint8_t EN_B3_166[] = {
  0x40, 0xff, 0xff
};

static const uint8_t EN_B4_0[] = {
  0x7e, 0x14, 0x11, 0x0c, 0x1a, 0x52, 0x1b, 0x1a, 0x3f, 0xff, 0x01, 0x8e,
  0x01, 0x53, 0x55, 0x19, 0x19, 0x1b, 0x1a, 0xff, 0x01, 0x54, 0x11, 0x0c,
  0x0c, 0x3f, 0x7f, 0xff, 0xff
};

static const uint8_t EN_B4_1[] = {
  0x7e, 0x10, 0x11, 0x05, 0x54, 0x01, 0x15, 0x53, 0xff, 0x01, 0x5b, 0x1b,
  0x55, 0x52, 0xff, 0x01, 0x57, 0x15, 0x53, 0x11, 0x3e, 0x7f, 0xff, 0x01,
  0xff, 0x7e, 0x8c, 0x52, 0x15, 0x1a, 0x0e, 0x01, 0xed, 0x1b, 0x17, 0x55,
  0xff, 0x01, 0x07, 0x05, 0x09, 0x17, 0x01, 0x54, 0x1b, 0xff, 0x01, 0x18,
  0x15, 0x0d, 0x0c, 0x3f, 0x7f, 0xff, 0x01, 0xff, 0x7e, 0x8e, 0x54, 0x01,
  0x15, 0x53, 0xff, 0x01, 0x0a, 0x1b, 0x1a, 0x0c, 0x3f, 0x7f, 0xff, 0xff
};

static const uint8_t EN_B4_2[] = {
  0xea, 0x0c, 0x1a, 0x0a, 0x0c, 0xff, 0x53, 0x55, 0x19, 0x19, 0x1b, 0x1a,
  0x0c, 0x0a, 0xff, 0x54, 0x11, 0x0c, 0x01, 0x50, 0x05, 0x19, 0x0c, 0x17,
  0xff, 0xea, 0x52, 0x05, 0x0e, 0x1b, 0x1a, 0xff, 0x8b, 0x1b, 0x52, 0x55,
  0x1a, 0x0e, 0x05, 0x3f, 0xff, 0xff
};

static const uint8_t EN_B4_3[] = {
  0x01, 0x45, 0x1b, 0x55, 0x01, 0x11, 0x05, 0x56, 0x0c, 0x01, 0x0d, 0x1b,
  0x55, 0x1a, 0x0a, 0xff, 0x01, 0x54, 0x11, 0x0c, 0x01, 0x53, 0x0c, 0x56,
  0x0c, 0x1a, 0xff, 0x01, 0xea, 0x52, 0x05, 0x0e, 0x1b, 0x1a, 0x01, 0x8c,
  0x05, 0x18, 0x18, 0x53, 0x7c, 0xff, 0xff
};

static const uint8_t EN_B4_4[] = {
  0x01, 0xea, 0x0c, 0x1a, 0x0a, 0x0c, 0x40, 0xff, 0x7e, 0x47, 0x1b, 0x01,
  0x52, 0x0c, 0x56, 0x15, 0x56, 0x0c, 0xff, 0x01, 0x54, 0x11, 0x1b, 0x53,
  0x0c, 0x01, 0x57, 0x11, 0x1b, 0xff, 0x01, 0x57, 0x0c, 0x52, 0x0c, 0x01,
  0x17, 0x15, 0x18, 0x18, 0x0c, 0x0a, 0xff, 0x01, 0x07, 0x5b, 0x01, 0x50,
  0x05, 0x1d, 0x1d, 0x05, 0xff, 0x01, 0x05, 0x1a, 0x0a, 0x01, 0xef, 0x0c,
  0x0e, 0x0c, 0x54, 0x05, 0x7c, 0x7f, 0xff, 0x01, 0xff, 0x7e, 0x8e, 0x54,
  0x01, 0x15, 0x53, 0xff, 0x01, 0x0a, 0x1b, 0x1a, 0x0c, 0x7c, 0x7f, 0xff,
  0xff
};

static const uint8_t EN_B4_5[] = {
  0x7e, 0x10, 0x11, 0x05, 0x54, 0x01, 0x15, 0x53, 0xff, 0x01, 0x5b, 0x1b,
  0x55, 0x52, 0xff, 0x01, 0x53, 0x0c, 0x09, 0x1b, 0x1a, 0x0a, 0xff, 0x01,
  0x57, 0x15, 0x53, 0x11, 0x3e, 0x7f, 0xff, 0xff
};

static const uint8_t EN_B4_6[] = {
  0x01, 0xed, 0x1b, 0x11, 0x05, 0x1a, 0x40, 0xff, 0x7e, 0x47, 0x11, 0x0c,
  0x01, 0x0a, 0x52, 0x05, 0x0e, 0x1b, 0x1a, 0xff, 0x01, 0x18, 0x0c, 0x0d,
  0x54, 0x40, 0x3e, 0x7f, 0xff, 0xff
};

static const uint8_t EN_B4_7[] = {
  0x7e, 0x8e, 0x54, 0x42, 0x53, 0x01, 0x0a, 0x1b, 0x1a, 0x0c, 0x40, 0xff,
  0x01, 0xed, 0x1b, 0x1b, 0x0a, 0x07, 0x5b, 0x0c, 0x40, 0x7f, 0x01, 0xff,
  0x47, 0x11, 0x0c, 0x01, 0xea, 0x52, 0x05, 0x0e, 0x1b, 0x1a, 0xff, 0xea,
  0x15, 0x53, 0x05, 0x1d, 0x1d, 0x0c, 0x05, 0x52, 0x0c, 0x0a, 0x3f, 0xff,
  0xff
};

static const uint8_t EN_B4_8[] = {
  0xea, 0xeb, 0x50, 0xea, 0xeb, 0x01, 0xff, 0x7e, 0x8e, 0x01, 0x0a, 0x1b,
  0x1a, 0x42, 0x54, 0x01, 0x17, 0x1a, 0x1b, 0x57, 0x40, 0x7f, 0xff, 0x01,
  0x8a, 0x55, 0x11, 0x40, 0x3e, 0x7f, 0xff, 0xff
};

static const uint8_t EN_B5_0[] = {
  0x01, 0x0f, 0x05, 0x53, 0x54, 0x0c, 0x52, 0xff, 0x01, 0x06, 0x1b, 0x53,
  0x11, 0x15, 0x40, 0xff, 0x7e, 0x14, 0x11, 0x0c, 0x1a, 0x52, 0x1b, 0x1a,
  0x3f, 0xff, 0x01, 0x8e, 0x01, 0x53, 0x55, 0x19, 0x19, 0x1b, 0x1a, 0x01,
  0x5b, 0x1b, 0x55, 0x3f, 0x7f, 0xff, 0xff
};

static const uint8_t EN_B5_1[] = {
  0x01, 0x14, 0x11, 0x0c, 0x1a, 0x52, 0x1b, 0x1a, 0x40, 0x7e, 0x10, 0x11,
  0x05, 0x54, 0x01, 0x15, 0x53, 0xff, 0x01, 0x5b, 0x1b, 0x55, 0x52, 0xff,
  0x01, 0x57, 0x15, 0x53, 0x11, 0x3e, 0x7f, 0xff, 0x01, 0xff, 0x01, 0x0f,
  0x05, 0x53, 0x54, 0x0c, 0x52, 0xff, 0x01, 0x06, 0x1b, 0x53, 0x11, 0x15,
  0x40, 0x7e, 0x06, 0x0c, 0x56, 0x15, 0x56, 0x0c, 0xff, 0x01, 0x14, 0x1b,
  0x1a, 0x01, 0xed, 0x1b, 0x17, 0x55, 0x3f, 0x7f, 0xff, 0x01, 0xff, 0x01,
  0x14, 0x11, 0x0c, 0x1a, 0x52, 0x1b, 0x1a, 0x40, 0xff, 0x7e, 0x8e, 0x54,
  0x01, 0x15, 0x53, 0xff, 0x01, 0x0a, 0x1b, 0x1a, 0x0c, 0x7c, 0x7f, 0xff,
  0xff
};

static const uint8_t EN_B6_0[] = {
  0x01, 0x0f, 0x05, 0x53, 0x54, 0x0c, 0x52, 0xff, 0x01, 0x06, 0x1b, 0x53,
  0x11, 0x15, 0x40, 0xff, 0x7e, 0x14, 0x11, 0x0c, 0x1a, 0x52, 0x1b, 0x1a,
  0x3f, 0xff, 0x01, 0x8e, 0x01, 0x53, 0x55, 0x19, 0x19, 0x1b, 0x1a, 0x01,
  0x5b, 0x1b, 0x55, 0x3f, 0x7f, 0xff, 0xff
};

static const uint8_t EN_B6_1[] = {
  0x01, 0x14, 0x11, 0x0c, 0x1a, 0x52, 0x1b, 0x1a, 0x40, 0x7e, 0x10, 0x11,
  0x05, 0x54, 0x01, 0x15, 0x53, 0xff, 0x01, 0x5b, 0x1b, 0x55, 0x52, 0xff,
  0x01, 0x57, 0x15, 0x53, 0x11, 0x3e, 0x7f, 0xff, 0x01, 0xff, 0x01, 0x0f,
  0x05, 0x53, 0x54, 0x0c, 0x52, 0xff, 0x01, 0x06, 0x1b, 0x53, 0x11, 0x15,
  0x40, 0x7e, 0x06, 0x0c, 0x56, 0x15, 0x56, 0x0c, 0xff, 0x01, 0x14, 0x1b,
  0x1a, 0x01, 0xed, 0x1b, 0x17, 0x55, 0x3f, 0x7f, 0xff, 0x01, 0xff, 0x01,
  0x14, 0x11, 0x0c, 0x1a, 0x52, 0x1b, 0x1a, 0x40, 0xff, 0x7e, 0x8e, 0x54,
  0x01, 0x15, 0x53, 0xff, 0x01, 0x0a, 0x1b, 0x1a, 0x0c, 0x7c, 0x7f, 0xff,
  0xff
};

static const uint8_t EN_B7_0[] = {
  0x81, 0x42, 0x0f, 0x05, 0x17, 0x0c, 0x01, 0x05, 0x18, 0x18, 0x01, 0x09,
  0x05, 0x52, 0x0a, 0x53, 0x01, 0x8d, 0x8e, 0x01, 0x09, 0x05, 0x52, 0x0a,
  0x53, 0x7c, 0xff, 0x82, 0x42, 0xee, 0x0c, 0x56, 0x0c, 0x18, 0x01, 0x0b,
  0x1d, 0xff, 0x83, 0x42, 0x06, 0x0c, 0x0a, 0x55, 0x09, 0x0c, 0x01, 0x0c,
  0x1a, 0x0c, 0x19, 0x1d, 0x5b, 0x01, 0x8a, 0x8b, 0xff, 0xff
};

static const uint8_t EN_B7_1[] = {
  0x7e, 0x5a, 0x11, 0x01, 0x1a, 0x1b, 0x3f, 0xff, 0x01, 0x8a, 0x0c, 0x55,
  0x19, 0x40, 0x7f, 0xfd, 0xff, 0xff
};

static const uint8_t EN_B7_2[] = {
  0x7e, 0x10, 0x11, 0x0c, 0x52, 0x0c, 0x01, 0x05, 0x19, 0x01, 0x8e, 0x3e,
  0x7f, 0xff, 0x01, 0x0f, 0x05, 0x1d, 0x01, 0x18, 0x1b, 0x53, 0x54, 0x3f,
  0xff, 0xff
};

static const uint8_t EN_B7_3[] = {
  0xec, 0x05, 0x56, 0x1b, 0x52, 0x15, 0x54, 0x0c, 0xff, 0x09, 0x05, 0x52,
  0x0a, 0x3f, 0x01, 0xe8, 0x54, 0x54, 0x05, 0x09, 0x17, 0xff, 0x05, 0x18,
  0x18, 0x01, 0x0c, 0x1a, 0x0c, 0x19, 0x15, 0x0c, 0x53, 0x3f, 0xff, 0xff
};

static const uint8_t EN_B7_4[] = {
  0x45, 0x1b, 0x55, 0x01, 0x52, 0x05, 0x1a, 0x3f, 0xff, 0xff
};

static const uint8_t EN_B7_5[] = {
  0x45, 0x1b, 0x55, 0x01, 0x57, 0x0c, 0x52, 0x0c, 0x01, 0x55, 0x1a, 0x05,
  0x07, 0x18, 0x0c, 0xff, 0x54, 0x1b, 0x01, 0x0c, 0x53, 0x09, 0x05, 0x1d,
  0x0c, 0x3f, 0xff, 0xff
};

static const uint8_t EN_B7_6[] = {
  0xe8, 0x54, 0x54, 0x05, 0x09, 0x17, 0xff, 0x0c, 0x56, 0x0c, 0x52, 0x5b,
  0x1b, 0x1a, 0x0c, 0x3f, 0xff, 0xff
};

static const uint8_t EN_B7_7[] = {
  0x50, 0x1b, 0x01, 0x15, 0x54, 0x0c, 0x19, 0x01, 0x15, 0x1a, 0xff, 0x54,
  0x11, 0x0c, 0x01, 0x18, 0x15, 0x53, 0x54, 0x3f, 0xff, 0xff
};

static const uint8_t EN_B7_8[] = {
  0x8d, 0x05, 0x19, 0x15, 0x01, 0x52, 0x0c, 0x53, 0x54, 0x1b, 0x52, 0x0c,
  0x53, 0xff, 0x5b, 0x1b, 0x55, 0x01, 0x54, 0x1b, 0x01, 0x0d, 0x55, 0x18,
  0x18, 0x01, 0x8a, 0x8b, 0x3f, 0xff, 0xff
};

#define DBZ_EN_BANK0_COUNT 42u
#define DBZ_EN_BANK1_COUNT 338u
#define DBZ_EN_BANK3_COUNT 167u
#define DBZ_EN_BANK4_COUNT 9u
#define DBZ_EN_BANK5_COUNT 2u
#define DBZ_EN_BANK6_COUNT 2u
#define DBZ_EN_BANK7_COUNT 9u
#define DBZ_EN_BANK_SCRIPT_COUNT 569u
/* skipped empty=7 over=none */

static const DbzEnScript EN_BANK_SCRIPTS[] = {
  {0u, 0u, EN_B0_0, sizeof EN_B0_0, 0x0793AEu},
  {0u, 1u, EN_B0_1, sizeof EN_B0_1, 0x0793CCu},
  {0u, 2u, EN_B0_2, sizeof EN_B0_2, 0x0793E8u},
  {0u, 3u, EN_B0_3, sizeof EN_B0_3, 0x079404u},
  {0u, 4u, EN_B0_4, sizeof EN_B0_4, 0x079422u},
  {0u, 5u, EN_B0_5, sizeof EN_B0_5, 0x07943Eu},
  {0u, 6u, EN_B0_6, sizeof EN_B0_6, 0x079459u},
  {0u, 7u, EN_B0_7, sizeof EN_B0_7, 0x079474u},
  {0u, 8u, EN_B0_8, sizeof EN_B0_8, 0x07949Du},
  {0u, 9u, EN_B0_9, sizeof EN_B0_9, 0x0794C8u},
  {0u, 10u, EN_B0_10, sizeof EN_B0_10, 0x0794F0u},
  {0u, 11u, EN_B0_11, sizeof EN_B0_11, 0x079512u},
  {0u, 12u, EN_B0_12, sizeof EN_B0_12, 0x07953Cu},
  {0u, 13u, EN_B0_13, sizeof EN_B0_13, 0x07956Cu},
  {0u, 14u, EN_B0_14, sizeof EN_B0_14, 0x079592u},
  {0u, 15u, EN_B0_15, sizeof EN_B0_15, 0x0795BBu},
  {0u, 16u, EN_B0_16, sizeof EN_B0_16, 0x0795D7u},
  {0u, 17u, EN_B0_17, sizeof EN_B0_17, 0x079604u},
  {0u, 18u, EN_B0_18, sizeof EN_B0_18, 0x079636u},
  {0u, 19u, EN_B0_19, sizeof EN_B0_19, 0x079656u},
  {0u, 20u, EN_B0_20, sizeof EN_B0_20, 0x079674u},
  {0u, 21u, EN_B0_21, sizeof EN_B0_21, 0x079691u},
  {0u, 22u, EN_B0_22, sizeof EN_B0_22, 0x0796A3u},
  {0u, 23u, EN_B0_23, sizeof EN_B0_23, 0x0796CFu},
  {0u, 24u, EN_B0_24, sizeof EN_B0_24, 0x0796EAu},
  {0u, 25u, EN_B0_25, sizeof EN_B0_25, 0x079708u},
  {0u, 26u, EN_B0_26, sizeof EN_B0_26, 0x07972Eu},
  {0u, 27u, EN_B0_27, sizeof EN_B0_27, 0x07974Du},
  {0u, 28u, EN_B0_28, sizeof EN_B0_28, 0x07974Du},
  {0u, 29u, EN_B0_29, sizeof EN_B0_29, 0x07977Du},
  {0u, 30u, EN_B0_30, sizeof EN_B0_30, 0x07979Eu},
  {0u, 31u, EN_B0_31, sizeof EN_B0_31, 0x0797BEu},
  {0u, 32u, EN_B0_32, sizeof EN_B0_32, 0x0797E8u},
  {0u, 33u, EN_B0_33, sizeof EN_B0_33, 0x079825u},
  {0u, 34u, EN_B0_33, sizeof EN_B0_33, 0x079825u},
  {0u, 35u, EN_B0_33, sizeof EN_B0_33, 0x079825u},
  {0u, 36u, EN_B0_33, sizeof EN_B0_33, 0x079825u},
  {0u, 37u, EN_B0_33, sizeof EN_B0_33, 0x079825u},
  {0u, 38u, EN_B0_33, sizeof EN_B0_33, 0x079825u},
  {0u, 39u, EN_B0_33, sizeof EN_B0_33, 0x079825u},
  {0u, 40u, EN_B0_40, sizeof EN_B0_40, 0x079806u},
  {0u, 41u, EN_B0_41, sizeof EN_B0_41, 0x079842u},
  {1u, 0u, EN_B1_0, sizeof EN_B1_0, 0x079851u},
  {1u, 1u, EN_B1_1, sizeof EN_B1_1, 0x079861u},
  {1u, 2u, EN_B1_2, sizeof EN_B1_2, 0x079874u},
  {1u, 3u, EN_B1_3, sizeof EN_B1_3, 0x07988Au},
  {1u, 4u, EN_B1_4, sizeof EN_B1_4, 0x0798A0u},
  {1u, 5u, EN_B1_5, sizeof EN_B1_5, 0x0798B6u},
  {1u, 6u, EN_B1_6, sizeof EN_B1_6, 0x0798CAu},
  {1u, 7u, EN_B1_7, sizeof EN_B1_7, 0x0798D7u},
  {1u, 8u, EN_B1_8, sizeof EN_B1_8, 0x0798F2u},
  {1u, 9u, EN_B1_9, sizeof EN_B1_9, 0x0798FFu},
  {1u, 10u, EN_B1_10, sizeof EN_B1_10, 0x079915u},
  {1u, 11u, EN_B1_11, sizeof EN_B1_11, 0x079922u},
  {1u, 12u, EN_B1_12, sizeof EN_B1_12, 0x079938u},
  {1u, 13u, EN_B1_13, sizeof EN_B1_13, 0x07994Fu},
  {1u, 14u, EN_B1_14, sizeof EN_B1_14, 0x07995Bu},
  {1u, 15u, EN_B1_15, sizeof EN_B1_15, 0x07996Fu},
  {1u, 16u, EN_B1_16, sizeof EN_B1_16, 0x079989u},
  {1u, 17u, EN_B1_17, sizeof EN_B1_17, 0x079996u},
  {1u, 18u, EN_B1_18, sizeof EN_B1_18, 0x0799ACu},
  {1u, 19u, EN_B1_19, sizeof EN_B1_19, 0x0799B9u},
  {1u, 20u, EN_B1_20, sizeof EN_B1_20, 0x0799C5u},
  {1u, 21u, EN_B1_21, sizeof EN_B1_21, 0x0799D5u},
  {1u, 22u, EN_B1_22, sizeof EN_B1_22, 0x0799E5u},
  {1u, 23u, EN_B1_23, sizeof EN_B1_23, 0x0799F5u},
  {1u, 24u, EN_B1_24, sizeof EN_B1_24, 0x079A0Bu},
  {1u, 25u, EN_B1_25, sizeof EN_B1_25, 0x079A17u},
  {1u, 26u, EN_B1_26, sizeof EN_B1_26, 0x079A2Du},
  {1u, 27u, EN_B1_27, sizeof EN_B1_27, 0x079A39u},
  {1u, 28u, EN_B1_28, sizeof EN_B1_28, 0x079A46u},
  {1u, 29u, EN_B1_29, sizeof EN_B1_29, 0x079A5Cu},
  {1u, 30u, EN_B1_30, sizeof EN_B1_30, 0x079A68u},
  {1u, 31u, EN_B1_31, sizeof EN_B1_31, 0x079A78u},
  {1u, 32u, EN_B1_32, sizeof EN_B1_32, 0x079A83u},
  {1u, 33u, EN_B1_33, sizeof EN_B1_33, 0x079A99u},
  {1u, 34u, EN_B1_34, sizeof EN_B1_34, 0x079AAFu},
  {1u, 35u, EN_B1_35, sizeof EN_B1_35, 0x079AC5u},
  {1u, 36u, EN_B1_36, sizeof EN_B1_36, 0x079AD2u},
  {1u, 37u, EN_B1_37, sizeof EN_B1_37, 0x079AE1u},
  {1u, 38u, EN_B1_38, sizeof EN_B1_38, 0x079AEFu},
  {1u, 39u, EN_B1_39, sizeof EN_B1_39, 0x079B13u},
  {1u, 40u, EN_B1_40, sizeof EN_B1_40, 0x079B20u},
  {1u, 41u, EN_B1_41, sizeof EN_B1_41, 0x079B36u},
  {1u, 42u, EN_B1_42, sizeof EN_B1_42, 0x079B42u},
  {1u, 43u, EN_B1_43, sizeof EN_B1_43, 0x079B58u},
  {1u, 44u, EN_B1_44, sizeof EN_B1_44, 0x079B6Eu},
  {1u, 45u, EN_B1_45, sizeof EN_B1_45, 0x079B84u},
  {1u, 46u, EN_B1_46, sizeof EN_B1_46, 0x079B9Au},
  {1u, 47u, EN_B1_47, sizeof EN_B1_47, 0x079BB0u},
  {1u, 48u, EN_B1_48, sizeof EN_B1_48, 0x079BC6u},
  {1u, 49u, EN_B1_49, sizeof EN_B1_49, 0x079BDCu},
  {1u, 50u, EN_B1_50, sizeof EN_B1_50, 0x079BF2u},
  {1u, 51u, EN_B1_51, sizeof EN_B1_51, 0x079C08u},
  {1u, 52u, EN_B1_52, sizeof EN_B1_52, 0x079C17u},
  {1u, 53u, EN_B1_53, sizeof EN_B1_53, 0x079C32u},
  {1u, 54u, EN_B1_54, sizeof EN_B1_54, 0x079C42u},
  {1u, 55u, EN_B1_55, sizeof EN_B1_55, 0x079C5Eu},
  {1u, 56u, EN_B1_56, sizeof EN_B1_56, 0x079C6Eu},
  {1u, 57u, EN_B1_57, sizeof EN_B1_57, 0x079C7Bu},
  {1u, 58u, EN_B1_58, sizeof EN_B1_58, 0x079C8Au},
  {1u, 59u, EN_B1_59, sizeof EN_B1_59, 0x079CA3u},
  {1u, 60u, EN_B1_60, sizeof EN_B1_60, 0x079CB9u},
  {1u, 61u, EN_B1_61, sizeof EN_B1_61, 0x079CCFu},
  {1u, 62u, EN_B1_62, sizeof EN_B1_62, 0x079CDBu},
  {1u, 63u, EN_B1_63, sizeof EN_B1_63, 0x079CF9u},
  {1u, 64u, EN_B1_64, sizeof EN_B1_64, 0x079D15u},
  {1u, 65u, EN_B1_65, sizeof EN_B1_65, 0x079D2Fu},
  {1u, 66u, EN_B1_66, sizeof EN_B1_66, 0x079D3Du},
  {1u, 67u, EN_B1_67, sizeof EN_B1_67, 0x079D5Eu},
  {1u, 68u, EN_B1_68, sizeof EN_B1_68, 0x079D71u},
  {1u, 69u, EN_B1_69, sizeof EN_B1_69, 0x079D9Fu},
  {1u, 70u, EN_B1_70, sizeof EN_B1_70, 0x079DBFu},
  {1u, 71u, EN_B1_71, sizeof EN_B1_71, 0x079DE2u},
  {1u, 72u, EN_B1_72, sizeof EN_B1_72, 0x079E06u},
  {1u, 73u, EN_B1_73, sizeof EN_B1_73, 0x079E1Au},
  {1u, 74u, EN_B1_74, sizeof EN_B1_74, 0x079E2Au},
  {1u, 75u, EN_B1_75, sizeof EN_B1_75, 0x079E49u},
  {1u, 76u, EN_B1_76, sizeof EN_B1_76, 0x079E64u},
  {1u, 77u, EN_B1_77, sizeof EN_B1_77, 0x079E72u},
  {1u, 78u, EN_B1_78, sizeof EN_B1_78, 0x079E8Bu},
  {1u, 79u, EN_B1_79, sizeof EN_B1_79, 0x079E98u},
  {1u, 80u, EN_B1_80, sizeof EN_B1_80, 0x079EA5u},
  {1u, 81u, EN_B1_81, sizeof EN_B1_81, 0x079EBBu},
  {1u, 82u, EN_B1_82, sizeof EN_B1_82, 0x079ED1u},
  {1u, 83u, EN_B1_83, sizeof EN_B1_83, 0x079EDEu},
  {1u, 84u, EN_B1_84, sizeof EN_B1_84, 0x079EF6u},
  {1u, 85u, EN_B1_85, sizeof EN_B1_85, 0x079F0Bu},
  {1u, 86u, EN_B1_86, sizeof EN_B1_86, 0x079F21u},
  {1u, 87u, EN_B1_87, sizeof EN_B1_87, 0x079F2Eu},
  {1u, 88u, EN_B1_88, sizeof EN_B1_88, 0x079F3Bu},
  {1u, 89u, EN_B1_89, sizeof EN_B1_89, 0x079F45u},
  {1u, 90u, EN_B1_90, sizeof EN_B1_90, 0x079F52u},
  {1u, 91u, EN_B1_91, sizeof EN_B1_91, 0x079F72u},
  {1u, 92u, EN_B1_92, sizeof EN_B1_92, 0x079F90u},
  {1u, 93u, EN_B1_93, sizeof EN_B1_93, 0x079FA3u},
  {1u, 94u, EN_B1_94, sizeof EN_B1_94, 0x079FB8u},
  {1u, 95u, EN_B1_95, sizeof EN_B1_95, 0x079FC5u},
  {1u, 96u, EN_B1_96, sizeof EN_B1_96, 0x079FDEu},
  {1u, 97u, EN_B1_97, sizeof EN_B1_97, 0x079FF9u},
  {1u, 98u, EN_B1_98, sizeof EN_B1_98, 0x07A00Eu},
  {1u, 99u, EN_B1_98, sizeof EN_B1_98, 0x07A00Eu},
  {1u, 100u, EN_B1_98, sizeof EN_B1_98, 0x07A00Eu},
  {1u, 101u, EN_B1_101, sizeof EN_B1_101, 0x07A023u},
  {1u, 102u, EN_B1_102, sizeof EN_B1_102, 0x07A036u},
  {1u, 103u, EN_B1_103, sizeof EN_B1_103, 0x07A05Au},
  {1u, 104u, EN_B1_104, sizeof EN_B1_104, 0x07A066u},
  {1u, 105u, EN_B1_105, sizeof EN_B1_105, 0x07A092u},
  {1u, 106u, EN_B1_106, sizeof EN_B1_106, 0x07A0B3u},
  {1u, 107u, EN_B1_107, sizeof EN_B1_107, 0x07A0D4u},
  {1u, 108u, EN_B1_108, sizeof EN_B1_108, 0x07A0F7u},
  {1u, 109u, EN_B1_109, sizeof EN_B1_109, 0x07A118u},
  {1u, 110u, EN_B1_110, sizeof EN_B1_110, 0x07A137u},
  {1u, 111u, EN_B1_111, sizeof EN_B1_111, 0x07A156u},
  {1u, 112u, EN_B1_112, sizeof EN_B1_112, 0x07A17Bu},
  {1u, 113u, EN_B1_113, sizeof EN_B1_113, 0x07A1A1u},
  {1u, 114u, EN_B1_114, sizeof EN_B1_114, 0x07A1C5u},
  {1u, 115u, EN_B1_115, sizeof EN_B1_115, 0x07A1D7u},
  {1u, 116u, EN_B1_116, sizeof EN_B1_116, 0x07A1FCu},
  {1u, 117u, EN_B1_117, sizeof EN_B1_117, 0x07A21Du},
  {1u, 118u, EN_B1_118, sizeof EN_B1_118, 0x07A230u},
  {1u, 119u, EN_B1_119, sizeof EN_B1_119, 0x07A255u},
  {1u, 120u, EN_B1_120, sizeof EN_B1_120, 0x07A27Cu},
  {1u, 121u, EN_B1_121, sizeof EN_B1_121, 0x07A2A1u},
  {1u, 122u, EN_B1_122, sizeof EN_B1_122, 0x07A2D9u},
  {1u, 123u, EN_B1_123, sizeof EN_B1_123, 0x07A2EEu},
  {1u, 124u, EN_B1_124, sizeof EN_B1_124, 0x07A315u},
  {1u, 125u, EN_B1_125, sizeof EN_B1_125, 0x07A333u},
  {1u, 126u, EN_B1_126, sizeof EN_B1_126, 0x07A35Au},
  {1u, 127u, EN_B1_127, sizeof EN_B1_127, 0x07A37Fu},
  {1u, 128u, EN_B1_128, sizeof EN_B1_128, 0x07A38Cu},
  {1u, 129u, EN_B1_129, sizeof EN_B1_129, 0x07A3ADu},
  {1u, 130u, EN_B1_130, sizeof EN_B1_130, 0x07A3D4u},
  {1u, 131u, EN_B1_131, sizeof EN_B1_131, 0x07A3E9u},
  {1u, 132u, EN_B1_132, sizeof EN_B1_132, 0x07A40Au},
  {1u, 133u, EN_B1_133, sizeof EN_B1_133, 0x07A42Eu},
  {1u, 134u, EN_B1_134, sizeof EN_B1_134, 0x07A44Bu},
  {1u, 135u, EN_B1_135, sizeof EN_B1_135, 0x07A48Cu},
  {1u, 136u, EN_B1_136, sizeof EN_B1_136, 0x07A4AAu},
  {1u, 137u, EN_B1_137, sizeof EN_B1_137, 0x07A4DFu},
  {1u, 138u, EN_B1_138, sizeof EN_B1_138, 0x07A500u},
  {1u, 139u, EN_B1_139, sizeof EN_B1_139, 0x07A52Eu},
  {1u, 140u, EN_B1_140, sizeof EN_B1_140, 0x07A54Fu},
  {1u, 141u, EN_B1_141, sizeof EN_B1_141, 0x07A572u},
  {1u, 142u, EN_B1_142, sizeof EN_B1_142, 0x07A595u},
  {1u, 143u, EN_B1_143, sizeof EN_B1_143, 0x07A5B7u},
  {1u, 144u, EN_B1_144, sizeof EN_B1_144, 0x07A5E7u},
  {1u, 145u, EN_B1_145, sizeof EN_B1_145, 0x07A618u},
  {1u, 146u, EN_B1_146, sizeof EN_B1_146, 0x07A63Cu},
  {1u, 147u, EN_B1_147, sizeof EN_B1_147, 0x07A64Du},
  {1u, 148u, EN_B1_148, sizeof EN_B1_148, 0x07A66Eu},
  {1u, 149u, EN_B1_149, sizeof EN_B1_149, 0x07A6A0u},
  {1u, 150u, EN_B1_150, sizeof EN_B1_150, 0x07A6C4u},
  {1u, 151u, EN_B1_151, sizeof EN_B1_151, 0x07A6ECu},
  {1u, 152u, EN_B1_152, sizeof EN_B1_152, 0x07A70Cu},
  {1u, 153u, EN_B1_153, sizeof EN_B1_153, 0x07A71Cu},
  {1u, 154u, EN_B1_154, sizeof EN_B1_154, 0x07A735u},
  {1u, 155u, EN_B1_155, sizeof EN_B1_155, 0x07A75Eu},
  {1u, 156u, EN_B1_156, sizeof EN_B1_156, 0x07A788u},
  {1u, 157u, EN_B1_157, sizeof EN_B1_157, 0x07A7ABu},
  {1u, 158u, EN_B1_158, sizeof EN_B1_158, 0x07A7D3u},
  {1u, 159u, EN_B1_159, sizeof EN_B1_159, 0x07A7F5u},
  {1u, 160u, EN_B1_160, sizeof EN_B1_160, 0x07A825u},
  {1u, 161u, EN_B1_161, sizeof EN_B1_161, 0x07A842u},
  {1u, 162u, EN_B1_162, sizeof EN_B1_162, 0x07A85Au},
  {1u, 163u, EN_B1_163, sizeof EN_B1_163, 0x07A875u},
  {1u, 164u, EN_B1_164, sizeof EN_B1_164, 0x07A892u},
  {1u, 165u, EN_B1_165, sizeof EN_B1_165, 0x07A8AEu},
  {1u, 166u, EN_B1_166, sizeof EN_B1_166, 0x07A8C9u},
  {1u, 167u, EN_B1_167, sizeof EN_B1_167, 0x07A8EAu},
  {1u, 168u, EN_B1_168, sizeof EN_B1_168, 0x07A90Bu},
  {1u, 169u, EN_B1_169, sizeof EN_B1_169, 0x07A92Cu},
  {1u, 170u, EN_B1_170, sizeof EN_B1_170, 0x07A945u},
  {1u, 171u, EN_B1_171, sizeof EN_B1_171, 0x07A95Du},
  {1u, 172u, EN_B1_172, sizeof EN_B1_172, 0x07A96Fu},
  {1u, 173u, EN_B1_173, sizeof EN_B1_173, 0x07A986u},
  {1u, 174u, EN_B1_174, sizeof EN_B1_174, 0x07A9A7u},
  {1u, 175u, EN_B1_174, sizeof EN_B1_174, 0x07A9A7u},
  {1u, 176u, EN_B1_174, sizeof EN_B1_174, 0x07A9A7u},
  {1u, 177u, EN_B1_174, sizeof EN_B1_174, 0x07A9A7u},
  {1u, 178u, EN_B1_174, sizeof EN_B1_174, 0x07A9A7u},
  {1u, 179u, EN_B1_174, sizeof EN_B1_174, 0x07A9A7u},
  {1u, 180u, EN_B1_174, sizeof EN_B1_174, 0x07A9A7u},
  {1u, 181u, EN_B1_174, sizeof EN_B1_174, 0x07A9BFu},
  {1u, 182u, EN_B1_182, sizeof EN_B1_182, 0x07A9DDu},
  {1u, 183u, EN_B1_183, sizeof EN_B1_183, 0x07A9F0u},
  {1u, 184u, EN_B1_184, sizeof EN_B1_184, 0x07AA02u},
  {1u, 185u, EN_B1_185, sizeof EN_B1_185, 0x07AA28u},
  {1u, 186u, EN_B1_186, sizeof EN_B1_186, 0x07AA43u},
  {1u, 187u, EN_B1_187, sizeof EN_B1_187, 0x07AA61u},
  {1u, 188u, EN_B1_188, sizeof EN_B1_188, 0x07AA7Cu},
  {1u, 189u, EN_B1_189, sizeof EN_B1_189, 0x07AA98u},
  {1u, 190u, EN_B1_190, sizeof EN_B1_190, 0x07AAB7u},
  {1u, 191u, EN_B1_191, sizeof EN_B1_191, 0x07AAC5u},
  {1u, 192u, EN_B1_192, sizeof EN_B1_192, 0x07AAE4u},
  {1u, 193u, EN_B1_193, sizeof EN_B1_193, 0x07AAFEu},
  {1u, 194u, EN_B1_194, sizeof EN_B1_194, 0x07AB0Au},
  {1u, 195u, EN_B1_195, sizeof EN_B1_195, 0x07AB24u},
  {1u, 196u, EN_B1_196, sizeof EN_B1_196, 0x07AB24u},
  {1u, 197u, EN_B1_197, sizeof EN_B1_197, 0x07AB41u},
  {1u, 198u, EN_B1_198, sizeof EN_B1_198, 0x07AB6Fu},
  {1u, 199u, EN_B1_199, sizeof EN_B1_199, 0x07AB6Fu},
  {1u, 200u, EN_B1_200, sizeof EN_B1_200, 0x07AB6Fu},
  {1u, 201u, EN_B1_201, sizeof EN_B1_201, 0x07AB6Fu},
  {1u, 202u, EN_B1_202, sizeof EN_B1_202, 0x07AB6Fu},
  {1u, 203u, EN_B1_203, sizeof EN_B1_203, 0x07AB8Au},
  {1u, 204u, EN_B1_204, sizeof EN_B1_204, 0x07ABC1u},
  {1u, 205u, EN_B1_205, sizeof EN_B1_205, 0x07ABFAu},
  {1u, 206u, EN_B1_206, sizeof EN_B1_206, 0x07AC29u},
  {1u, 207u, EN_B1_207, sizeof EN_B1_207, 0x07AC55u},
  {1u, 208u, EN_B1_208, sizeof EN_B1_208, 0x07AC7Fu},
  {1u, 209u, EN_B1_209, sizeof EN_B1_209, 0x07ACB0u},
  {1u, 210u, EN_B1_210, sizeof EN_B1_210, 0x07ACCEu},
  {1u, 211u, EN_B1_211, sizeof EN_B1_211, 0x07AD02u},
  {1u, 212u, EN_B1_212, sizeof EN_B1_212, 0x07AD31u},
  {1u, 213u, EN_B1_213, sizeof EN_B1_213, 0x07AD50u},
  {1u, 214u, EN_B1_214, sizeof EN_B1_214, 0x07AD7Du},
  {1u, 215u, EN_B1_215, sizeof EN_B1_215, 0x07AD98u},
  {1u, 216u, EN_B1_216, sizeof EN_B1_216, 0x07ADB3u},
  {1u, 217u, EN_B1_217, sizeof EN_B1_217, 0x07ADCAu},
  {1u, 218u, EN_B1_218, sizeof EN_B1_218, 0x07ADEBu},
  {1u, 219u, EN_B1_219, sizeof EN_B1_219, 0x07ADFCu},
  {1u, 220u, EN_B1_220, sizeof EN_B1_220, 0x07AE1Cu},
  {1u, 221u, EN_B1_221, sizeof EN_B1_221, 0x07AE27u},
  {1u, 222u, EN_B1_222, sizeof EN_B1_222, 0x07AE35u},
  {1u, 223u, EN_B1_223, sizeof EN_B1_223, 0x07AE42u},
  {1u, 224u, EN_B1_224, sizeof EN_B1_224, 0x07AE5Eu},
  {1u, 225u, EN_B1_225, sizeof EN_B1_225, 0x07AE71u},
  {1u, 226u, EN_B1_226, sizeof EN_B1_226, 0x07AE7Cu},
  {1u, 227u, EN_B1_227, sizeof EN_B1_227, 0x07AEB0u},
  {1u, 228u, EN_B1_228, sizeof EN_B1_228, 0x07AED8u},
  {1u, 229u, EN_B1_229, sizeof EN_B1_229, 0x07AF07u},
  {1u, 230u, EN_B1_230, sizeof EN_B1_230, 0x07AF2Au},
  {1u, 231u, EN_B1_231, sizeof EN_B1_231, 0x079FB8u},
  {1u, 232u, EN_B1_232, sizeof EN_B1_232, 0x07AF4Fu},
  {1u, 233u, EN_B1_233, sizeof EN_B1_233, 0x07AF62u},
  {1u, 234u, EN_B1_234, sizeof EN_B1_234, 0x07AF77u},
  {1u, 235u, EN_B1_235, sizeof EN_B1_235, 0x07AF8Au},
  {1u, 236u, EN_B1_236, sizeof EN_B1_236, 0x07AF9Au},
  {1u, 237u, EN_B1_237, sizeof EN_B1_237, 0x07AFB8u},
  {1u, 238u, EN_B1_238, sizeof EN_B1_238, 0x07AFD4u},
  {1u, 239u, EN_B1_239, sizeof EN_B1_239, 0x07AFF1u},
  {1u, 240u, EN_B1_240, sizeof EN_B1_240, 0x07B00Au},
  {1u, 241u, EN_B1_241, sizeof EN_B1_241, 0x07B03Cu},
  {1u, 242u, EN_B1_242, sizeof EN_B1_242, 0x07B062u},
  {1u, 243u, EN_B1_243, sizeof EN_B1_243, 0x07B088u},
  {1u, 244u, EN_B1_244, sizeof EN_B1_244, 0x07B0D2u},
  {1u, 245u, EN_B1_245, sizeof EN_B1_245, 0x07B108u},
  {1u, 246u, EN_B1_246, sizeof EN_B1_246, 0x07B12Du},
  {1u, 247u, EN_B1_247, sizeof EN_B1_247, 0x07B171u},
  {1u, 248u, EN_B1_248, sizeof EN_B1_248, 0x07B17Du},
  {1u, 249u, EN_B1_249, sizeof EN_B1_249, 0x07B1C0u},
  {1u, 250u, EN_B1_250, sizeof EN_B1_250, 0x07B1FAu},
  {1u, 251u, EN_B1_251, sizeof EN_B1_251, 0x07B224u},
  {1u, 252u, EN_B1_252, sizeof EN_B1_252, 0x07B255u},
  {1u, 253u, EN_B1_253, sizeof EN_B1_253, 0x07B273u},
  {1u, 254u, EN_B1_254, sizeof EN_B1_254, 0x07B29Cu},
  {1u, 255u, EN_B1_255, sizeof EN_B1_255, 0x07B2D1u},
  {1u, 256u, EN_B1_256, sizeof EN_B1_256, 0x07B308u},
  {1u, 257u, EN_B1_257, sizeof EN_B1_257, 0x07B33Du},
  {1u, 258u, EN_B1_258, sizeof EN_B1_258, 0x07B387u},
  {1u, 259u, EN_B1_259, sizeof EN_B1_259, 0x07B3BBu},
  {1u, 260u, EN_B1_260, sizeof EN_B1_260, 0x07B3D1u},
  {1u, 261u, EN_B1_261, sizeof EN_B1_261, 0x07B402u},
  {1u, 262u, EN_B1_262, sizeof EN_B1_262, 0x07B438u},
  {1u, 263u, EN_B1_263, sizeof EN_B1_263, 0x07B46Du},
  {1u, 264u, EN_B1_264, sizeof EN_B1_264, 0x07B49Bu},
  {1u, 265u, EN_B1_265, sizeof EN_B1_265, 0x07B4B7u},
  {1u, 266u, EN_B1_266, sizeof EN_B1_266, 0x07B4DBu},
  {1u, 267u, EN_B1_267, sizeof EN_B1_267, 0x07B504u},
  {1u, 268u, EN_B1_268, sizeof EN_B1_268, 0x07B52Bu},
  {1u, 269u, EN_B1_269, sizeof EN_B1_269, 0x07B540u},
  {1u, 270u, EN_B1_270, sizeof EN_B1_270, 0x07B567u},
  {1u, 271u, EN_B1_271, sizeof EN_B1_271, 0x07B59Cu},
  {1u, 272u, EN_B1_272, sizeof EN_B1_272, 0x07B5BCu},
  {1u, 273u, EN_B1_273, sizeof EN_B1_273, 0x07B5F5u},
  {1u, 274u, EN_B1_274, sizeof EN_B1_274, 0x07B62Eu},
  {1u, 275u, EN_B1_275, sizeof EN_B1_275, 0x07B66Eu},
  {1u, 276u, EN_B1_276, sizeof EN_B1_276, 0x07B6A2u},
  {1u, 277u, EN_B1_277, sizeof EN_B1_277, 0x07B6E3u},
  {1u, 278u, EN_B1_278, sizeof EN_B1_278, 0x07B706u},
  {1u, 279u, EN_B1_279, sizeof EN_B1_279, 0x07B747u},
  {1u, 280u, EN_B1_280, sizeof EN_B1_280, 0x07B777u},
  {1u, 281u, EN_B1_281, sizeof EN_B1_281, 0x07B7BAu},
  {1u, 282u, EN_B1_282, sizeof EN_B1_282, 0x07B7D4u},
  {1u, 283u, EN_B1_283, sizeof EN_B1_283, 0x07B7F2u},
  {1u, 284u, EN_B1_284, sizeof EN_B1_284, 0x07B810u},
  {1u, 285u, EN_B1_285, sizeof EN_B1_285, 0x07B833u},
  {1u, 286u, EN_B1_286, sizeof EN_B1_286, 0x07B84Eu},
  {1u, 287u, EN_B1_287, sizeof EN_B1_287, 0x07B858u},
  {1u, 288u, EN_B1_288, sizeof EN_B1_288, 0x07B872u},
  {1u, 289u, EN_B1_289, sizeof EN_B1_289, 0x07B884u},
  {1u, 290u, EN_B1_290, sizeof EN_B1_290, 0x07B8A5u},
  {1u, 291u, EN_B1_291, sizeof EN_B1_291, 0x07B8BEu},
  {1u, 292u, EN_B1_292, sizeof EN_B1_292, 0x07B8E3u},
  {1u, 293u, EN_B1_293, sizeof EN_B1_293, 0x07B948u},
  {1u, 294u, EN_B1_294, sizeof EN_B1_294, 0x07B948u},
  {1u, 295u, EN_B1_295, sizeof EN_B1_295, 0x07B968u},
  {1u, 296u, EN_B1_295, sizeof EN_B1_295, 0x07B968u},
  {1u, 297u, EN_B1_295, sizeof EN_B1_295, 0x07B968u},
  {1u, 298u, EN_B1_295, sizeof EN_B1_295, 0x07B968u},
  {1u, 299u, EN_B1_295, sizeof EN_B1_295, 0x07B968u},
  {1u, 300u, EN_B1_295, sizeof EN_B1_295, 0x07B968u},
  {1u, 301u, EN_B1_295, sizeof EN_B1_295, 0x07B968u},
  {1u, 302u, EN_B1_295, sizeof EN_B1_295, 0x07B968u},
  {1u, 303u, EN_B1_295, sizeof EN_B1_295, 0x07B968u},
  {1u, 304u, EN_B1_295, sizeof EN_B1_295, 0x07B968u},
  {1u, 305u, EN_B1_295, sizeof EN_B1_295, 0x07B968u},
  {1u, 306u, EN_B1_295, sizeof EN_B1_295, 0x07B968u},
  {1u, 307u, EN_B1_295, sizeof EN_B1_295, 0x07B968u},
  {1u, 308u, EN_B1_295, sizeof EN_B1_295, 0x07B992u},
  {1u, 309u, EN_B1_295, sizeof EN_B1_295, 0x07B9B4u},
  {1u, 310u, EN_B1_310, sizeof EN_B1_310, 0x07B9E5u},
  {1u, 311u, EN_B1_311, sizeof EN_B1_311, 0x07BA24u},
  {1u, 312u, EN_B1_312, sizeof EN_B1_312, 0x07BA4Eu},
  {1u, 313u, EN_B1_313, sizeof EN_B1_313, 0x07BA76u},
  {1u, 314u, EN_B1_314, sizeof EN_B1_314, 0x07BA91u},
  {1u, 315u, EN_B1_315, sizeof EN_B1_315, 0x07BAC9u},
  {1u, 316u, EN_B1_316, sizeof EN_B1_316, 0x07BAE6u},
  {1u, 317u, EN_B1_317, sizeof EN_B1_317, 0x07BB05u},
  {1u, 318u, EN_B1_318, sizeof EN_B1_318, 0x07BB25u},
  {1u, 319u, EN_B1_319, sizeof EN_B1_319, 0x07BB41u},
  {1u, 320u, EN_B1_320, sizeof EN_B1_320, 0x07BB68u},
  {1u, 321u, EN_B1_320, sizeof EN_B1_320, 0x07BB68u},
  {1u, 322u, EN_B1_320, sizeof EN_B1_320, 0x07BB68u},
  {1u, 323u, EN_B1_320, sizeof EN_B1_320, 0x07BB68u},
  {1u, 324u, EN_B1_320, sizeof EN_B1_320, 0x07BB68u},
  {1u, 325u, EN_B1_320, sizeof EN_B1_320, 0x07BB68u},
  {1u, 326u, EN_B1_320, sizeof EN_B1_320, 0x07BB68u},
  {1u, 327u, EN_B1_327, sizeof EN_B1_327, 0x07BB73u},
  {1u, 328u, EN_B1_328, sizeof EN_B1_328, 0x07BBAEu},
  {1u, 329u, EN_B1_329, sizeof EN_B1_329, 0x07BBC2u},
  {1u, 330u, EN_B1_330, sizeof EN_B1_330, 0x07BBDCu},
  {1u, 331u, EN_B1_331, sizeof EN_B1_331, 0x07BBEDu},
  {1u, 332u, EN_B1_332, sizeof EN_B1_332, 0x07BC08u},
  {1u, 333u, EN_B1_333, sizeof EN_B1_333, 0x07BC30u},
  {1u, 334u, EN_B1_334, sizeof EN_B1_334, 0x07BC43u},
  {1u, 335u, EN_B1_335, sizeof EN_B1_335, 0x07BC52u},
  {1u, 336u, EN_B1_336, sizeof EN_B1_336, 0x07BC7Bu},
  {1u, 337u, EN_B1_337, sizeof EN_B1_337, 0x07BC8Du},
  {3u, 0u, EN_B3_0, sizeof EN_B3_0, 0x07BC9Du},
  {3u, 1u, EN_B3_1, sizeof EN_B3_1, 0x07BCD8u},
  {3u, 2u, EN_B3_2, sizeof EN_B3_2, 0x07BD12u},
  {3u, 3u, EN_B3_3, sizeof EN_B3_3, 0x07BD3Au},
  {3u, 4u, EN_B3_4, sizeof EN_B3_4, 0x07BD55u},
  {3u, 5u, EN_B3_5, sizeof EN_B3_5, 0x07BD93u},
  {3u, 6u, EN_B3_6, sizeof EN_B3_6, 0x07BDCFu},
  {3u, 7u, EN_B3_7, sizeof EN_B3_7, 0x07BE66u},
  {3u, 8u, EN_B3_8, sizeof EN_B3_8, 0x07BE7Fu},
  {3u, 9u, EN_B3_9, sizeof EN_B3_9, 0x07BE97u},
  {3u, 10u, EN_B3_10, sizeof EN_B3_10, 0x07BED8u},
  {3u, 11u, EN_B3_11, sizeof EN_B3_11, 0x07BEE7u},
  {3u, 12u, EN_B3_12, sizeof EN_B3_12, 0x07BF08u},
  {3u, 13u, EN_B3_13, sizeof EN_B3_13, 0x07BF18u},
  {3u, 14u, EN_B3_14, sizeof EN_B3_14, 0x07BF3Au},
  {3u, 15u, EN_B3_15, sizeof EN_B3_15, 0x07BF4Bu},
  {3u, 16u, EN_B3_16, sizeof EN_B3_16, 0x07BF71u},
  {3u, 17u, EN_B3_17, sizeof EN_B3_17, 0x07BF7Du},
  {3u, 18u, EN_B3_18, sizeof EN_B3_18, 0x07BF7Du},
  {3u, 19u, EN_B3_19, sizeof EN_B3_19, 0x07BFC1u},
  {3u, 20u, EN_B3_20, sizeof EN_B3_20, 0x07BFD0u},
  {3u, 21u, EN_B3_21, sizeof EN_B3_21, 0x07C00Cu},
  {3u, 22u, EN_B3_22, sizeof EN_B3_22, 0x07C047u},
  {3u, 23u, EN_B3_23, sizeof EN_B3_23, 0x07C078u},
  {3u, 24u, EN_B3_24, sizeof EN_B3_24, 0x07C099u},
  {3u, 25u, EN_B3_24, sizeof EN_B3_24, 0x07C099u},
  {3u, 26u, EN_B3_24, sizeof EN_B3_24, 0x07C099u},
  {3u, 27u, EN_B3_24, sizeof EN_B3_24, 0x07C099u},
  {3u, 28u, EN_B3_24, sizeof EN_B3_24, 0x07C099u},
  {3u, 29u, EN_B3_24, sizeof EN_B3_24, 0x07C099u},
  {3u, 30u, EN_B3_30, sizeof EN_B3_30, 0x07C0C7u},
  {3u, 31u, EN_B3_31, sizeof EN_B3_31, 0x07C103u},
  {3u, 32u, EN_B3_32, sizeof EN_B3_32, 0x07C12Bu},
  {3u, 33u, EN_B3_33, sizeof EN_B3_33, 0x07C12Bu},
  {3u, 34u, EN_B3_34, sizeof EN_B3_34, 0x07C12Bu},
  {3u, 35u, EN_B3_35, sizeof EN_B3_35, 0x07C156u},
  {3u, 36u, EN_B3_36, sizeof EN_B3_36, 0x07C156u},
  {3u, 37u, EN_B3_37, sizeof EN_B3_37, 0x07C156u},
  {3u, 38u, EN_B3_38, sizeof EN_B3_38, 0x07C19Bu},
  {3u, 39u, EN_B3_39, sizeof EN_B3_39, 0x07C1AFu},
  {3u, 40u, EN_B3_40, sizeof EN_B3_40, 0x07C1DBu},
  {3u, 41u, EN_B3_41, sizeof EN_B3_41, 0x07C1EBu},
  {3u, 42u, EN_B3_42, sizeof EN_B3_42, 0x07C1EFu},
  {3u, 43u, EN_B3_43, sizeof EN_B3_43, 0x07C21Du},
  {3u, 44u, EN_B3_44, sizeof EN_B3_44, 0x07C260u},
  {3u, 45u, EN_B3_45, sizeof EN_B3_45, 0x07C274u},
  {3u, 46u, EN_B3_46, sizeof EN_B3_46, 0x07C28Du},
  {3u, 47u, EN_B3_47, sizeof EN_B3_47, 0x07C2D1u},
  {3u, 48u, EN_B3_48, sizeof EN_B3_48, 0x07C2E6u},
  {3u, 49u, EN_B3_49, sizeof EN_B3_49, 0x07C2FCu},
  {3u, 50u, EN_B3_50, sizeof EN_B3_50, 0x07C315u},
  {3u, 51u, EN_B3_51, sizeof EN_B3_51, 0x07C343u},
  {3u, 52u, EN_B3_52, sizeof EN_B3_52, 0x07C35Bu},
  {3u, 53u, EN_B3_53, sizeof EN_B3_53, 0x07C396u},
  {3u, 54u, EN_B3_54, sizeof EN_B3_54, 0x07C396u},
  {3u, 55u, EN_B3_55, sizeof EN_B3_55, 0x07C3BDu},
  {3u, 56u, EN_B3_56, sizeof EN_B3_56, 0x07C3F3u},
  {3u, 57u, EN_B3_57, sizeof EN_B3_57, 0x07C416u},
  {3u, 58u, EN_B3_58, sizeof EN_B3_58, 0x07C443u},
  {3u, 59u, EN_B3_59, sizeof EN_B3_59, 0x07C466u},
  {3u, 60u, EN_B3_60, sizeof EN_B3_60, 0x07C493u},
  {3u, 61u, EN_B3_61, sizeof EN_B3_61, 0x07C4D2u},
  {3u, 62u, EN_B3_62, sizeof EN_B3_62, 0x07C4ECu},
  {3u, 63u, EN_B3_63, sizeof EN_B3_63, 0x07C52Fu},
  {3u, 64u, EN_B3_64, sizeof EN_B3_64, 0x07C56Cu},
  {3u, 65u, EN_B3_65, sizeof EN_B3_65, 0x07C5A7u},
  {3u, 66u, EN_B3_66, sizeof EN_B3_66, 0x07C5CCu},
  {3u, 67u, EN_B3_67, sizeof EN_B3_67, 0x07C5EFu},
  {3u, 68u, EN_B3_68, sizeof EN_B3_68, 0x07C5EFu},
  {3u, 69u, EN_B3_69, sizeof EN_B3_69, 0x07C5EFu},
  {3u, 70u, EN_B3_70, sizeof EN_B3_70, 0x07C61Cu},
  {3u, 71u, EN_B3_71, sizeof EN_B3_71, 0x07C654u},
  {3u, 72u, EN_B3_72, sizeof EN_B3_72, 0x07C696u},
  {3u, 73u, EN_B3_73, sizeof EN_B3_73, 0x07C6CBu},
  {3u, 74u, EN_B3_74, sizeof EN_B3_74, 0x07C704u},
  {3u, 75u, EN_B3_75, sizeof EN_B3_75, 0x07C73Du},
  {3u, 76u, EN_B3_76, sizeof EN_B3_76, 0x07C778u},
  {3u, 77u, EN_B3_77, sizeof EN_B3_77, 0x07C7ADu},
  {3u, 78u, EN_B3_78, sizeof EN_B3_78, 0x07C7C9u},
  {3u, 79u, EN_B3_79, sizeof EN_B3_79, 0x07C7E7u},
  {3u, 80u, EN_B3_80, sizeof EN_B3_80, 0x07C817u},
  {3u, 81u, EN_B3_81, sizeof EN_B3_81, 0x07C82Du},
  {3u, 82u, EN_B3_82, sizeof EN_B3_82, 0x07C85Fu},
  {3u, 83u, EN_B3_83, sizeof EN_B3_83, 0x07C873u},
  {3u, 84u, EN_B3_84, sizeof EN_B3_84, 0x07C873u},
  {3u, 85u, EN_B3_85, sizeof EN_B3_85, 0x07C8B4u},
  {3u, 86u, EN_B3_86, sizeof EN_B3_86, 0x07C8F2u},
  {3u, 87u, EN_B3_87, sizeof EN_B3_87, 0x07C934u},
  {3u, 88u, EN_B3_88, sizeof EN_B3_88, 0x07C96Fu},
  {3u, 89u, EN_B3_89, sizeof EN_B3_89, 0x07C99Fu},
  {3u, 90u, EN_B3_90, sizeof EN_B3_90, 0x07C9E8u},
  {3u, 91u, EN_B3_91, sizeof EN_B3_91, 0x07CA25u},
  {3u, 92u, EN_B3_92, sizeof EN_B3_92, 0x07CA63u},
  {3u, 93u, EN_B3_93, sizeof EN_B3_93, 0x07CA63u},
  {3u, 94u, EN_B3_94, sizeof EN_B3_94, 0x07CAA7u},
  {3u, 95u, EN_B3_95, sizeof EN_B3_95, 0x07CACCu},
  {3u, 96u, EN_B3_96, sizeof EN_B3_96, 0x07CB10u},
  {3u, 97u, EN_B3_97, sizeof EN_B3_97, 0x07CB3Eu},
  {3u, 98u, EN_B3_98, sizeof EN_B3_98, 0x07CB66u},
  {3u, 99u, EN_B3_99, sizeof EN_B3_99, 0x07CBA6u},
  {3u, 100u, EN_B3_100, sizeof EN_B3_100, 0x07CBD0u},
  {3u, 101u, EN_B3_101, sizeof EN_B3_101, 0x07CBFCu},
  {3u, 102u, EN_B3_102, sizeof EN_B3_102, 0x07CC46u},
  {3u, 103u, EN_B3_103, sizeof EN_B3_103, 0x07CC64u},
  {3u, 104u, EN_B3_104, sizeof EN_B3_104, 0x07CC89u},
  {3u, 105u, EN_B3_105, sizeof EN_B3_105, 0x07CC89u},
  {3u, 106u, EN_B3_105, sizeof EN_B3_105, 0x07CC89u},
  {3u, 107u, EN_B3_105, sizeof EN_B3_105, 0x07CC89u},
  {3u, 108u, EN_B3_105, sizeof EN_B3_105, 0x07CC89u},
  {3u, 109u, EN_B3_105, sizeof EN_B3_105, 0x07CC89u},
  {3u, 110u, EN_B3_105, sizeof EN_B3_105, 0x07CC89u},
  {3u, 111u, EN_B3_105, sizeof EN_B3_105, 0x07CC89u},
  {3u, 112u, EN_B3_105, sizeof EN_B3_105, 0x07CC89u},
  {3u, 113u, EN_B3_105, sizeof EN_B3_105, 0x07CC89u},
  {3u, 114u, EN_B3_105, sizeof EN_B3_105, 0x07CC89u},
  {3u, 115u, EN_B3_105, sizeof EN_B3_105, 0x07CC89u},
  {3u, 116u, EN_B3_105, sizeof EN_B3_105, 0x07CC89u},
  {3u, 117u, EN_B3_105, sizeof EN_B3_105, 0x07CC89u},
  {3u, 118u, EN_B3_118, sizeof EN_B3_118, 0x07CCB9u},
  {3u, 119u, EN_B3_119, sizeof EN_B3_119, 0x07CCF8u},
  {3u, 120u, EN_B3_120, sizeof EN_B3_120, 0x07CD1Bu},
  {3u, 121u, EN_B3_121, sizeof EN_B3_121, 0x07CD48u},
  {3u, 122u, EN_B3_122, sizeof EN_B3_122, 0x07CD6Fu},
  {3u, 123u, EN_B3_123, sizeof EN_B3_123, 0x07CDA0u},
  {3u, 124u, EN_B3_124, sizeof EN_B3_124, 0x07CDA0u},
  {3u, 125u, EN_B3_125, sizeof EN_B3_125, 0x07CDEBu},
  {3u, 126u, EN_B3_126, sizeof EN_B3_126, 0x07CE2Fu},
  {3u, 127u, EN_B3_127, sizeof EN_B3_127, 0x07CE47u},
  {3u, 128u, EN_B3_128, sizeof EN_B3_128, 0x07CE72u},
  {3u, 129u, EN_B3_129, sizeof EN_B3_129, 0x07CEACu},
  {3u, 130u, EN_B3_130, sizeof EN_B3_130, 0x07CEC5u},
  {3u, 131u, EN_B3_131, sizeof EN_B3_131, 0x07CEDEu},
  {3u, 132u, EN_B3_132, sizeof EN_B3_132, 0x07CEDEu},
  {3u, 133u, EN_B3_133, sizeof EN_B3_133, 0x07CF1Cu},
  {3u, 134u, EN_B3_134, sizeof EN_B3_134, 0x07CF4Du},
  {3u, 135u, EN_B3_135, sizeof EN_B3_135, 0x07CF8Bu},
  {3u, 136u, EN_B3_136, sizeof EN_B3_136, 0x07CFA2u},
  {3u, 137u, EN_B3_137, sizeof EN_B3_137, 0x07CFA2u},
  {3u, 138u, EN_B3_138, sizeof EN_B3_138, 0x07CFE0u},
  {3u, 139u, EN_B3_139, sizeof EN_B3_139, 0x07D008u},
  {3u, 140u, EN_B3_140, sizeof EN_B3_140, 0x07D033u},
  {3u, 141u, EN_B3_141, sizeof EN_B3_141, 0x07D03Eu},
  {3u, 142u, EN_B3_142, sizeof EN_B3_142, 0x07D061u},
  {3u, 143u, EN_B3_143, sizeof EN_B3_143, 0x07D0A3u},
  {3u, 144u, EN_B3_144, sizeof EN_B3_144, 0x07D0DEu},
  {3u, 145u, EN_B3_145, sizeof EN_B3_145, 0x07D116u},
  {3u, 146u, EN_B3_146, sizeof EN_B3_146, 0x07D12Eu},
  {3u, 147u, EN_B3_147, sizeof EN_B3_147, 0x07D15Eu},
  {3u, 148u, EN_B3_148, sizeof EN_B3_148, 0x07D15Eu},
  {3u, 149u, EN_B3_149, sizeof EN_B3_149, 0x07D1A3u},
  {3u, 150u, EN_B3_150, sizeof EN_B3_150, 0x07D1A3u},
  {3u, 151u, EN_B3_151, sizeof EN_B3_151, 0x07D1B2u},
  {3u, 152u, EN_B3_152, sizeof EN_B3_152, 0x07D1D0u},
  {3u, 153u, EN_B3_153, sizeof EN_B3_153, 0x07D1F6u},
  {3u, 154u, EN_B3_154, sizeof EN_B3_154, 0x07D23Au},
  {3u, 155u, EN_B3_155, sizeof EN_B3_155, 0x07D277u},
  {3u, 156u, EN_B3_156, sizeof EN_B3_156, 0x07D2BBu},
  {3u, 157u, EN_B3_157, sizeof EN_B3_157, 0x07D2ECu},
  {3u, 158u, EN_B3_158, sizeof EN_B3_158, 0x07D32Du},
  {3u, 159u, EN_B3_159, sizeof EN_B3_159, 0x07D342u},
  {3u, 160u, EN_B3_160, sizeof EN_B3_160, 0x07D342u},
  {3u, 161u, EN_B3_161, sizeof EN_B3_161, 0x07D354u},
  {3u, 162u, EN_B3_162, sizeof EN_B3_162, 0x07D367u},
  {3u, 163u, EN_B3_163, sizeof EN_B3_163, 0x07D379u},
  {3u, 164u, EN_B3_164, sizeof EN_B3_164, 0x07D38Bu},
  {3u, 165u, EN_B3_165, sizeof EN_B3_165, 0x07D39Eu},
  {3u, 166u, EN_B3_166, sizeof EN_B3_166, 0x07D3B2u},
  {4u, 0u, EN_B4_0, sizeof EN_B4_0, 0x07D3BCu},
  {4u, 1u, EN_B4_1, sizeof EN_B4_1, 0x07D40Bu},
  {4u, 2u, EN_B4_2, sizeof EN_B4_2, 0x07D45Eu},
  {4u, 3u, EN_B4_3, sizeof EN_B4_3, 0x07D4B8u},
  {4u, 4u, EN_B4_4, sizeof EN_B4_4, 0x07D50Eu},
  {4u, 5u, EN_B4_5, sizeof EN_B4_5, 0x07D581u},
  {4u, 6u, EN_B4_6, sizeof EN_B4_6, 0x07D5B2u},
  {4u, 7u, EN_B4_7, sizeof EN_B4_7, 0x07D5FBu},
  {4u, 8u, EN_B4_8, sizeof EN_B4_8, 0x07D636u},
  {5u, 0u, EN_B5_0, sizeof EN_B5_0, 0x07D3BCu},
  {5u, 1u, EN_B5_1, sizeof EN_B5_1, 0x07D40Bu},
  {6u, 0u, EN_B6_0, sizeof EN_B6_0, 0x07D3BCu},
  {6u, 1u, EN_B6_1, sizeof EN_B6_1, 0x07D40Bu},
  {7u, 0u, EN_B7_0, sizeof EN_B7_0, 0x07D690u},
  {7u, 1u, EN_B7_1, sizeof EN_B7_1, 0x07D6DFu},
  {7u, 2u, EN_B7_2, sizeof EN_B7_2, 0x07D6F6u},
  {7u, 3u, EN_B7_3, sizeof EN_B7_3, 0x07D711u},
  {7u, 4u, EN_B7_4, sizeof EN_B7_4, 0x07D735u},
  {7u, 5u, EN_B7_5, sizeof EN_B7_5, 0x07D74Bu},
  {7u, 6u, EN_B7_6, sizeof EN_B7_6, 0x07D76Fu},
  {7u, 7u, EN_B7_7, sizeof EN_B7_7, 0x07D786u},
  {7u, 8u, EN_B7_8, sizeof EN_B7_8, 0x0793AEu},
};

#endif /* DBZ_TEXT_EN_BANKS_INC */
