/* Auto-generated EN main-script tables (Klepto 1.02 reference bytes).
 * DO NOT EDIT BY HAND — regenerate:
 *   python3 tools/extract_script_strings.py --klepto --c-inc src/text_en_scripts.inc
 * Policy: offline IPS apply for research extract only; product never patches ROM.
 * Bank sel = $0733 index 2 → 06:8000. Skips empty / len>$0800 (overlay max).
 */
#ifndef DBZ_TEXT_EN_SCRIPTS_INC
#define DBZ_TEXT_EN_SCRIPTS_INC

static const uint8_t EN_SCRIPT_0[] = {
  0xf4, 0x6a, 0x7e, 0xed, 0x1b, 0x1b, 0x0a, 0x01, 0x18, 0x55, 0x09, 0x17,
  0x7b, 0x01, 0xed, 0x1b, 0x17, 0x55, 0x7c, 0x7f, 0xfe, 0xff, 0xf4, 0x6a,
  0x7e, 0x45, 0x1b, 0x55, 0x01, 0x05, 0x1a, 0x0a, 0x01, 0x8b, 0x15, 0x09,
  0x09, 0x1b, 0x18, 0x1b, 0xff, 0x01, 0x19, 0x05, 0x17, 0x0c, 0x01, 0x05,
  0x01, 0x0e, 0x1b, 0x1b, 0x0a, 0x01, 0x54, 0x0c, 0x05, 0x19, 0x7c, 0x7f,
  0xff, 0xff
};

static const uint8_t EN_SCRIPT_1[] = {
  0xf4, 0x6b, 0x7e, 0xed, 0x1b, 0x11, 0x05, 0x1a, 0x42, 0x53, 0x01, 0x11,
  0x05, 0x54, 0x01, 0x11, 0x05, 0x0a, 0x01, 0x05, 0xff, 0x01, 0xea, 0x52,
  0x05, 0x0e, 0x1b, 0x1a, 0x01, 0x8c, 0x05, 0x18, 0x18, 0x01, 0x15, 0x1a,
  0x01, 0x15, 0x54, 0x3f, 0xff, 0x01, 0x45, 0x1b, 0x55, 0x01, 0x09, 0x05,
  0x1a, 0x01, 0x55, 0x53, 0x0c, 0x01, 0x54, 0x11, 0x0c, 0xff, 0x01, 0xea,
  0x52, 0x05, 0x0e, 0x1b, 0x1a, 0x01, 0x06, 0x05, 0x0a, 0x05, 0x52, 0x01,
  0x54, 0x1b, 0xff, 0x01, 0x0d, 0x15, 0x1a, 0x0a, 0x01, 0x11, 0x15, 0x19,
  0x3f, 0x7f, 0xff, 0xff
};

static const uint8_t EN_SCRIPT_2[] = {
  0xf4, 0x0a, 0x7e, 0x8e, 0x42, 0x0a, 0x01, 0x1b, 0x0d, 0x0d, 0x0c, 0x52,
  0x01, 0x54, 0x1b, 0x01, 0x11, 0x0c, 0x18, 0x1d, 0x7b, 0xff, 0x01, 0x07,
  0x55, 0x54, 0x01, 0x8e, 0x42, 0x19, 0x01, 0x1a, 0x1b, 0x54, 0x01, 0x53,
  0x54, 0x52, 0x1b, 0x1a, 0x0e, 0xff, 0x01, 0x0c, 0x1a, 0x1b, 0x55, 0x0e,
  0x11, 0x40, 0x7f, 0xfe, 0xff, 0xf4, 0x0a, 0x7e, 0xea, 0x1b, 0x1a, 0x42,
  0x54, 0x01, 0x0a, 0x15, 0x0c, 0x7b, 0x01, 0xed, 0x1b, 0x17, 0x55, 0x3f,
  0x7f, 0xff, 0xff
};

static const uint8_t EN_SCRIPT_3[] = {
  0xf4, 0x0a, 0x7e, 0x45, 0x1b, 0x55, 0x01, 0x54, 0x1b, 0x1b, 0x7b, 0x01,
  0x8b, 0x15, 0x09, 0x09, 0x1b, 0x18, 0x1b, 0x3f, 0x7f, 0xff, 0xff
};

static const uint8_t EN_SCRIPT_4[] = {
  0xf4, 0x01, 0x7e, 0x8a, 0x19, 0x7c, 0x7f, 0xff, 0xff
};

static const uint8_t EN_SCRIPT_5[] = {
  0xf4, 0x01, 0x7e, 0x47, 0x11, 0x0c, 0x01, 0x14, 0x05, 0x07, 0x05, 0x15,
  0x19, 0x0c, 0x1a, 0x3f, 0x7f, 0xfe, 0xff, 0xf4, 0x6c, 0x7e, 0x8c, 0x0c,
  0x01, 0x09, 0x05, 0x52, 0x0c, 0x0d, 0x55, 0x18, 0x3f, 0x7f, 0xfe, 0xff,
  0xf4, 0x04, 0x7e, 0xed, 0x06, 0x06, 0x01, 0xed, 0x06, 0x06, 0x40, 0x3f,
  0x7f, 0xfe, 0xff, 0xf4, 0x01, 0x7e, 0x8e, 0x42, 0x18, 0x18, 0x01, 0x0a,
  0x0c, 0x05, 0x18, 0x01, 0x57, 0x15, 0x54, 0x11, 0xff, 0x01, 0x54, 0x11,
  0x0c, 0x19, 0x3f, 0x7f, 0xff, 0xff
};

static const uint8_t EN_SCRIPT_6[] = {
  0xf4, 0x6c, 0x7e, 0x47, 0x11, 0x05, 0x1a, 0x17, 0x01, 0x5b, 0x1b, 0x55,
  0x01, 0x0d, 0x52, 0x15, 0x0c, 0x1a, 0x0a, 0x53, 0x7c, 0xff, 0x01, 0x47,
  0x11, 0x0c, 0x53, 0x0c, 0x01, 0x19, 0x1b, 0x1a, 0x53, 0x54, 0x0c, 0x52,
  0x53, 0x01, 0x17, 0x1a, 0x0c, 0x57, 0xff, 0x01, 0x5b, 0x1b, 0x55, 0x01,
  0x57, 0x1b, 0x55, 0x18, 0x0a, 0x01, 0x09, 0x1b, 0x19, 0x0c, 0x7c, 0x7f,
  0xff, 0xff
};

static const uint8_t EN_SCRIPT_7[] = {
  0xf4, 0x6c, 0x7e, 0x47, 0x11, 0x0c, 0x5b, 0x01, 0x53, 0x0c, 0x54, 0x01,
  0x05, 0x01, 0x54, 0x52, 0x05, 0x1d, 0x7c, 0xff, 0xf4, 0x6c, 0x7e, 0x8c,
  0x55, 0x54, 0x01, 0x15, 0x54, 0x01, 0x53, 0x0c, 0x0c, 0x19, 0x53, 0x01,
  0x54, 0x11, 0x0c, 0x5b, 0xff, 0x01, 0x11, 0x05, 0x56, 0x0c, 0x01, 0x55,
  0x1a, 0x0a, 0x0c, 0x52, 0x0c, 0x53, 0x54, 0x15, 0x19, 0x05, 0x54, 0x0c,
  0x0a, 0xff, 0x01, 0x5b, 0x1b, 0x55, 0x7c, 0x7f, 0xff, 0xff
};

static const uint8_t EN_SCRIPT_8[] = {
  0xf4, 0x00, 0x7e, 0x8e, 0x01, 0x11, 0x05, 0x56, 0x0c, 0x01, 0x19, 0x05,
  0x0a, 0x0c, 0xff, 0x01, 0x09, 0x1b, 0x1a, 0x53, 0x15, 0x0a, 0x0c, 0x52,
  0x05, 0x07, 0x18, 0x0c, 0x01, 0x1d, 0x52, 0x1b, 0x0e, 0x52, 0x0c, 0x53,
  0x53, 0xff, 0x01, 0x53, 0x15, 0x1a, 0x09, 0x0c, 0x01, 0x8e, 0x01, 0x18,
  0x0c, 0x0d, 0x54, 0x7c, 0x7f, 0xff, 0xff
};

static const uint8_t EN_SCRIPT_9[] = {
  0xf4, 0x00, 0x7e, 0x8e, 0x01, 0x05, 0x19, 0x01, 0x52, 0x0c, 0x05, 0x0a,
  0x5b, 0x01, 0x54, 0x1b, 0xff, 0x01, 0x0d, 0x05, 0x09, 0x0c, 0x01, 0x19,
  0x5b, 0x01, 0x0c, 0x1a, 0x0c, 0x19, 0x15, 0x0c, 0x53, 0x7c, 0xff, 0x01,
  0x8a, 0x1b, 0x18, 0x0a, 0x01, 0x1b, 0x1a, 0x7b, 0x01, 0xed, 0x5a, 0x11,
  0x05, 0x1a, 0x3f, 0xff, 0x01, 0x8e, 0x42, 0x19, 0x01, 0x09, 0x1b, 0x19,
  0x15, 0x1a, 0x0e, 0x3f, 0x7f, 0xff, 0xff
};

static const uint8_t EN_SCRIPT_10[] = {
  0xf4, 0x34, 0x7e, 0x8e, 0x01, 0x57, 0x15, 0x18, 0x18, 0x01, 0x54, 0x52,
  0x05, 0x15, 0x1a, 0xff, 0x01, 0x5b, 0x1b, 0x55, 0x01, 0x54, 0x1b, 0x01,
  0x55, 0x53, 0x0c, 0x01, 0x54, 0x11, 0x0c, 0xff, 0x01, 0x54, 0x0c, 0x09,
  0x11, 0x1a, 0x15, 0x51, 0x55, 0x0c, 0x40, 0x7f, 0xfe, 0xff, 0xf4, 0x34,
  0x7e, 0x8d, 0x05, 0x15, 0x1b, 0x55, 0x17, 0x0c, 0x1a, 0x3f, 0x7f, 0xff,
  0xff
};

static const uint8_t EN_SCRIPT_11[] = {
  0xf4, 0x00, 0x7e, 0x8e, 0x01, 0x54, 0x11, 0x15, 0x1a, 0x17, 0x01, 0x57,
  0x0c, 0x42, 0x52, 0x0c, 0xff, 0x01, 0x52, 0x0c, 0x05, 0x0a, 0x5b, 0x7c,
  0x7f, 0xfe, 0xff, 0xf4, 0x01, 0x7e, 0x8a, 0x0c, 0x52, 0x0c, 0x01, 0x57,
  0x0c, 0x01, 0x09, 0x1b, 0x19, 0x0c, 0x7b, 0xff, 0x01, 0x06, 0x05, 0x0a,
  0x15, 0x54, 0x5c, 0x3f, 0x7f, 0xff, 0xff
};

static const uint8_t EN_SCRIPT_12[] = {
  0xf4, 0x00, 0x7e, 0x8e, 0x01, 0x54, 0x11, 0x15, 0x1a, 0x17, 0x01, 0x57,
  0x0c, 0x42, 0x52, 0x0c, 0xff, 0x01, 0x52, 0x0c, 0x05, 0x0a, 0x5b, 0x7c,
  0x7f, 0xfe, 0xff, 0xf4, 0x01, 0x7e, 0x8a, 0x0c, 0x52, 0x0c, 0x01, 0x57,
  0x0c, 0x01, 0x09, 0x1b, 0x19, 0x0c, 0x7b, 0xff, 0x01, 0x06, 0x05, 0x0a,
  0x15, 0x54, 0x5c, 0x3f, 0x7f, 0xff, 0xff
};

static const uint8_t EN_SCRIPT_13[] = {
  0xf4, 0x61, 0x7e, 0x8a, 0x0c, 0x55, 0x40, 0xeb, 0x19, 0x15, 0x3f, 0xcc,
  0x7f, 0xfe, 0xff, 0xf4, 0x09, 0x7e, 0xea, 0x1b, 0x1a, 0x42, 0x54, 0x01,
  0x07, 0x0c, 0x01, 0x05, 0x0d, 0x52, 0x05, 0x15, 0x0a, 0x7c, 0xff, 0x01,
  0x10, 0x0c, 0x42, 0x52, 0x0c, 0x01, 0x0d, 0x52, 0x15, 0x0c, 0x1a, 0x0a,
  0x53, 0x01, 0x05, 0x1a, 0x0a, 0xff, 0x01, 0x57, 0x0c, 0x42, 0x52, 0x0c,
  0x01, 0x11, 0x0c, 0x52, 0x0c, 0x01, 0x54, 0x1b, 0x01, 0x11, 0x0c, 0x18,
  0x1d, 0x7c, 0x7f, 0xff, 0xff
};

static const uint8_t EN_SCRIPT_14[] = {
  0xf4, 0x61, 0x7e, 0x8a, 0x0c, 0x55, 0x40, 0xeb, 0x19, 0x15, 0x3f, 0xcc,
  0x7f, 0xfe, 0xff, 0xf4, 0x09, 0x7e, 0xea, 0x1b, 0x1a, 0x42, 0x54, 0x01,
  0x07, 0x0c, 0x01, 0x05, 0x0d, 0x52, 0x05, 0x15, 0x0a, 0x7c, 0xff, 0x01,
  0x10, 0x0c, 0x42, 0x52, 0x0c, 0x01, 0x0d, 0x52, 0x15, 0x0c, 0x1a, 0x0a,
  0x53, 0x01, 0x05, 0x1a, 0x0a, 0xff, 0x01, 0x57, 0x0c, 0x42, 0x52, 0x0c,
  0x01, 0x11, 0x0c, 0x52, 0x0c, 0x01, 0x54, 0x1b, 0x01, 0x11, 0x0c, 0x18,
  0x1d, 0x7c, 0x7f, 0xff, 0xff
};

static const uint8_t EN_SCRIPT_15[] = {
  0xf4, 0x00, 0x7e, 0xed, 0x15, 0x56, 0x0c, 0x01, 0x19, 0x0c, 0x01, 0x07,
  0x05, 0x09, 0x17, 0x01, 0x19, 0x5b, 0xff, 0x01, 0x53, 0x1b, 0x1a, 0x7b,
  0x01, 0x06, 0x05, 0x0a, 0x15, 0x54, 0x5c, 0x3f, 0x7f, 0xff, 0xff
};

static const uint8_t EN_SCRIPT_16[] = {
  0xf4, 0x00, 0x7e, 0xed, 0x15, 0x56, 0x0c, 0x01, 0x19, 0x0c, 0x01, 0x07,
  0x05, 0x09, 0x17, 0x01, 0x19, 0x5b, 0x01, 0x53, 0x1b, 0x1a, 0x7b, 0xff,
  0x01, 0x06, 0x05, 0x0a, 0x15, 0x54, 0x5c, 0x3f, 0x7f, 0xff, 0xff
};

static const uint8_t EN_SCRIPT_17[] = {
  0xf4, 0x00, 0x7e, 0xed, 0x15, 0x56, 0x0c, 0x01, 0x19, 0x0c, 0x01, 0x07,
  0x05, 0x09, 0x17, 0x01, 0x19, 0x5b, 0x01, 0x53, 0x1b, 0x1a, 0x7b, 0xff,
  0x01, 0x06, 0x05, 0x0a, 0x15, 0x54, 0x5c, 0x3f, 0x7f, 0xff, 0xff
};

static const uint8_t EN_SCRIPT_18[] = {
  0xf4, 0x00, 0x7e, 0xed, 0x15, 0x56, 0x0c, 0x01, 0x19, 0x0c, 0x01, 0x07,
  0x05, 0x09, 0x17, 0x01, 0x19, 0x5b, 0x01, 0x53, 0x1b, 0x1a, 0x7b, 0xff,
  0x01, 0x06, 0x05, 0x0a, 0x15, 0x54, 0x5c, 0x3f, 0x7f, 0xff, 0xff
};

static const uint8_t EN_SCRIPT_19[] = {
  0xf4, 0x00, 0x7e, 0xed, 0x15, 0x56, 0x0c, 0x01, 0x19, 0x0c, 0x01, 0x07,
  0x05, 0x09, 0x17, 0x01, 0x19, 0x5b, 0x01, 0x53, 0x1b, 0x1a, 0x7b, 0xff,
  0x01, 0x06, 0x05, 0x0a, 0x15, 0x54, 0x5c, 0x3f, 0x7f, 0xff, 0xff
};

static const uint8_t EN_SCRIPT_20[] = {
  0xf4, 0x00, 0x7e, 0xed, 0x15, 0x56, 0x0c, 0x01, 0x19, 0x0c, 0x01, 0x07,
  0x05, 0x09, 0x17, 0x01, 0x19, 0x5b, 0x01, 0x53, 0x1b, 0x1a, 0x7b, 0xff,
  0x01, 0x06, 0x05, 0x0a, 0x15, 0x54, 0x5c, 0x3f, 0x7f, 0xff, 0xff
};

static const uint8_t EN_SCRIPT_21[] = {
  0xf4, 0x00, 0x7e, 0x8e, 0x01, 0x57, 0x1b, 0x1a, 0x42, 0x54, 0x01, 0x11,
  0x55, 0x52, 0x54, 0x01, 0x05, 0x1a, 0x5b, 0xff, 0x01, 0x15, 0x1a, 0x1a,
  0x1b, 0x09, 0x0c, 0x1a, 0x54, 0x53, 0x3f, 0x7f, 0xff, 0xff
};

static const uint8_t EN_SCRIPT_22[] = {
  0xf4, 0x00, 0x7e, 0x10, 0x11, 0x05, 0x54, 0x42, 0x53, 0x01, 0x54, 0x11,
  0x15, 0x53, 0x3f, 0x3e, 0xff, 0x01, 0xe8, 0x1a, 0x01, 0x15, 0x19, 0x1d,
  0x1b, 0x53, 0x54, 0x0c, 0x52, 0x3f, 0x3e, 0x7f, 0xff, 0xff
};

static const uint8_t EN_SCRIPT_43[] = {
  0xf4, 0x6d, 0x7e, 0x8a, 0x15, 0x01, 0x0d, 0x52, 0x15, 0x0c, 0x1a, 0x0a,
  0x53, 0x3f, 0xff, 0x01, 0x8e, 0x42, 0x19, 0x01, 0x07, 0x0c, 0x11, 0x15,
  0x1a, 0x0a, 0x01, 0x5b, 0x1b, 0x55, 0x01, 0x05, 0x18, 0x18, 0xff, 0x01,
  0x54, 0x11, 0x0c, 0x01, 0x57, 0x05, 0x5b, 0x7c, 0x7f, 0xfe, 0xff, 0xf4,
  0x6d, 0x7e, 0x8e, 0x54, 0x42, 0x53, 0x01, 0x05, 0x01, 0x1d, 0x15, 0x54,
  0x5b, 0x01, 0x8e, 0xff, 0x01, 0x09, 0x05, 0x1a, 0x42, 0x54, 0x01, 0x0d,
  0x15, 0x0e, 0x11, 0x54, 0x7b, 0x01, 0x1b, 0x52, 0x01, 0x8e, 0xff, 0x01,
  0x57, 0x1b, 0x55, 0x18, 0x0a, 0x01, 0x11, 0x05, 0x56, 0x0c, 0x01, 0x11,
  0x0c, 0x18, 0x1d, 0x0c, 0x0a, 0xff, 0x01, 0x5b, 0x1b, 0x55, 0x7c, 0x01,
  0xed, 0x1b, 0x1b, 0x0a, 0x01, 0x18, 0x55, 0x09, 0x17, 0x7c, 0x7f, 0xff,
  0xff
};

static const uint8_t EN_SCRIPT_44[] = {
  0xf4, 0xef, 0x7e, 0x07, 0x5b, 0x0c, 0x01, 0x07, 0x5b, 0x0c, 0x3f, 0x7f,
  0xff, 0xff
};

static const uint8_t EN_SCRIPT_45[] = {
  0xf4, 0x76, 0x7e, 0x8e, 0x42, 0x56, 0x0c, 0x01, 0x07, 0x0c, 0x0c, 0x1a,
  0x01, 0x18, 0x1b, 0x1b, 0x17, 0x15, 0x1a, 0x0e, 0xff, 0x01, 0x0d, 0x1b,
  0x52, 0x01, 0x53, 0x1b, 0x19, 0x0c, 0x01, 0x1d, 0x15, 0x09, 0x54, 0x55,
  0x52, 0x0c, 0x53, 0xff, 0x01, 0x1b, 0x0d, 0x01, 0xee, 0x05, 0x55, 0x1a,
  0x09, 0x11, 0x3f, 0x7f, 0xff, 0xff
};

static const uint8_t EN_SCRIPT_46[] = {
  0xf4, 0x76, 0x7e, 0x8a, 0x0c, 0x5b, 0x40, 0x01, 0x15, 0x53, 0x01, 0x54,
  0x11, 0x05, 0x54, 0xff, 0x01, 0x05, 0x01, 0xee, 0x05, 0x55, 0x1a, 0x09,
  0x11, 0x01, 0x09, 0x05, 0x52, 0x0a, 0x3f, 0x3e, 0xff, 0x01, 0x8e, 0x42,
  0x18, 0x18, 0x01, 0x54, 0x52, 0x05, 0x0a, 0x0c, 0x01, 0x5b, 0x1b, 0x55,
  0xff, 0x01, 0x53, 0x1b, 0x19, 0x0c, 0x54, 0x11, 0x15, 0x1a, 0x0e, 0x01,
  0x0d, 0x1b, 0x52, 0x01, 0x15, 0x54, 0x7b, 0x01, 0x1b, 0x17, 0x3e, 0x7f,
  0xff, 0xff
};

static const uint8_t EN_SCRIPT_47[] = {
  0xf4, 0x76, 0x7e, 0x8a, 0x0c, 0x52, 0x0c, 0x3f, 0x01, 0x47, 0x05, 0x17,
  0x0c, 0xff, 0x01, 0x54, 0x11, 0x15, 0x53, 0x01, 0x57, 0x15, 0x54, 0x11,
  0x01, 0x5b, 0x1b, 0x55, 0x7c, 0x7f, 0xff, 0xff
};

static const uint8_t EN_SCRIPT_48[] = {
  0xf4, 0x01, 0x7e, 0x47, 0x11, 0x0c, 0x01, 0x14, 0x05, 0x15, 0x5b, 0x05,
  0x1a, 0x53, 0x01, 0x05, 0x52, 0x0c, 0xff, 0x01, 0x09, 0x18, 0x1b, 0x53,
  0x0c, 0x01, 0x07, 0x5b, 0x7c, 0x01, 0xea, 0x1b, 0x01, 0x1a, 0x1b, 0x54,
  0x01, 0x07, 0x0c, 0xff, 0x01, 0x05, 0x0d, 0x52, 0x05, 0x15, 0x0a, 0x7b,
  0x01, 0xed, 0x1b, 0x11, 0x05, 0x1a, 0x7c, 0x7f, 0xfe, 0xff, 0xf4, 0x09,
  0x7e, 0x10, 0x0c, 0x01, 0x11, 0x05, 0x56, 0x0c, 0x01, 0x19, 0x05, 0x0a,
  0x0c, 0x01, 0x0c, 0x1a, 0x1b, 0x55, 0x0e, 0x11, 0xff, 0x01, 0x1d, 0x52,
  0x1b, 0x0e, 0x52, 0x0c, 0x53, 0x53, 0x7c, 0x7f, 0xff, 0xff
};

static const uint8_t EN_SCRIPT_49[] = {
  0xf4, 0x01, 0x7e, 0x47, 0x11, 0x0c, 0x01, 0x14, 0x05, 0x15, 0x5b, 0x05,
  0x1a, 0x53, 0x01, 0x05, 0x52, 0x0c, 0xff, 0x01, 0x09, 0x18, 0x1b, 0x53,
  0x0c, 0x01, 0x07, 0x5b, 0x7c, 0x01, 0xea, 0x1b, 0x01, 0x1a, 0x1b, 0x54,
  0x01, 0x07, 0x0c, 0xff, 0x01, 0x05, 0x0d, 0x52, 0x05, 0x15, 0x0a, 0x7b,
  0x01, 0xed, 0x1b, 0x11, 0x05, 0x1a, 0x7c, 0x7f, 0xfe, 0xff, 0xf4, 0x09,
  0x7e, 0x10, 0x0c, 0x01, 0x11, 0x05, 0x56, 0x0c, 0x01, 0x19, 0x05, 0x0a,
  0x0c, 0x01, 0x0c, 0x1a, 0x1b, 0x55, 0x0e, 0x11, 0xff, 0x01, 0x1d, 0x52,
  0x1b, 0x0e, 0x52, 0x0c, 0x53, 0x53, 0x7c, 0x7f, 0xff, 0xff
};

static const uint8_t EN_SCRIPT_50[] = {
  0xf4, 0x01, 0x7e, 0x45, 0x1b, 0x55, 0x42, 0x52, 0x0c, 0x01, 0x52, 0x15,
  0x0e, 0x11, 0x54, 0x7c, 0xff, 0x01, 0x10, 0x0c, 0x42, 0x0a, 0x01, 0x53,
  0x54, 0x05, 0x1a, 0x0a, 0x01, 0x05, 0xff, 0x01, 0x07, 0x0c, 0x54, 0x54,
  0x0c, 0x52, 0x01, 0x09, 0x11, 0x05, 0x1a, 0x09, 0x0c, 0xff, 0x01, 0x57,
  0x15, 0x54, 0x11, 0x01, 0x19, 0x1b, 0x52, 0x0c, 0x01, 0x1d, 0x0c, 0x1b,
  0x1d, 0x18, 0x0c, 0x7c, 0x7f, 0xff, 0xff
};

static const uint8_t EN_SCRIPT_51[] = {
  0xf4, 0x09, 0x7e, 0x10, 0x05, 0x15, 0x54, 0x3f, 0x01, 0x14, 0x1b, 0x19,
  0x0c, 0x1b, 0x1a, 0x0c, 0x01, 0x15, 0x53, 0xff, 0x01, 0x09, 0x1b, 0x19,
  0x15, 0x1a, 0x0e, 0x3f, 0x01, 0x8e, 0x01, 0x53, 0x0c, 0x1a, 0x53, 0x0c,
  0x01, 0x05, 0x1a, 0xff, 0x01, 0x15, 0x1a, 0x09, 0x52, 0x0c, 0x0a, 0x15,
  0x07, 0x18, 0x0c, 0x01, 0x1d, 0x1b, 0x57, 0x0c, 0x52, 0x3f, 0x7f, 0xff,
  0xff
};

static const uint8_t EN_SCRIPT_52[] = {
  0xf4, 0x01, 0x7e, 0xe9, 0x05, 0x1a, 0x01, 0x15, 0x54, 0x01, 0x07, 0x0c,
  0x40, 0xff, 0x01, 0x15, 0x54, 0x42, 0x53, 0x01, 0xed, 0x1b, 0x17, 0x55,
  0x3f, 0x7f, 0xfe, 0xff, 0xf4, 0x01, 0x7e, 0x8e, 0x01, 0x1a, 0x0c, 0x56,
  0x0c, 0x52, 0x01, 0x54, 0x11, 0x1b, 0x55, 0x0e, 0x11, 0x54, 0x01, 0x8e,
  0x42, 0x0a, 0xff, 0x01, 0x07, 0x0c, 0x01, 0x11, 0x05, 0x1d, 0x1d, 0x5b,
  0x01, 0x54, 0x1b, 0x01, 0x53, 0x0c, 0x0c, 0xff, 0x01, 0x11, 0x15, 0x19,
  0x3f, 0x7f, 0xff, 0xff
};

static const uint8_t EN_SCRIPT_53[] = {
  0xf4, 0x0e, 0x7e, 0x7c, 0x7f, 0xfe, 0xff, 0xff
};

static const uint8_t EN_SCRIPT_54[] = {
  0xf4, 0x0e, 0x7e, 0x7c, 0x7f, 0xff, 0xff
};

static const uint8_t EN_SCRIPT_55[] = {
  0xf4, 0x0f, 0x7e, 0x14, 0x1b, 0x52, 0x52, 0x5b, 0x7b, 0x01, 0x8e, 0x01,
  0x11, 0x05, 0x0a, 0x01, 0x54, 0x1b, 0xff, 0x01, 0x17, 0x15, 0x18, 0x18,
  0x01, 0x11, 0x15, 0x19, 0x7c, 0x7f, 0xfe, 0xff, 0xf4, 0x0f, 0x7e, 0x8e,
  0x01, 0x0a, 0x1b, 0x1a, 0x42, 0x54, 0x01, 0x1a, 0x0c, 0x0c, 0x0a, 0x01,
  0x05, 0x01, 0xff, 0x01, 0x57, 0x1b, 0x52, 0x54, 0x11, 0x18, 0x0c, 0x53,
  0x53, 0x01, 0x14, 0x05, 0x15, 0x5b, 0x05, 0x1a, 0x7c, 0x7f, 0xff, 0xff
};

static const uint8_t EN_SCRIPT_56[] = {
  0xf4, 0x0f, 0x7e, 0x50, 0x05, 0x1d, 0x1d, 0x05, 0x3f, 0xff, 0x01, 0xea,
  0x0c, 0x05, 0x18, 0x01, 0x57, 0x15, 0x54, 0x11, 0x01, 0x54, 0x11, 0x0c,
  0x19, 0x7c, 0x7f, 0xfe, 0xff, 0xf4, 0x0e, 0x7e, 0x47, 0x11, 0x0c, 0x5b,
  0x42, 0x52, 0x0c, 0x01, 0x1a, 0x1b, 0x54, 0xff, 0x01, 0x53, 0x54, 0x52,
  0x1b, 0x1a, 0x0e, 0x01, 0x0c, 0x1a, 0x1b, 0x55, 0x0e, 0x11, 0x7c, 0x7f,
  0xff, 0xff
};

static const uint8_t EN_SCRIPT_57[] = {
  0xf4, 0x0e, 0x7e, 0x5a, 0x1a, 0x0c, 0x01, 0x14, 0x05, 0x15, 0x07, 0x05,
  0x19, 0x05, 0x1a, 0x01, 0x57, 0x15, 0x18, 0x18, 0xff, 0x01, 0x07, 0x0c,
  0x01, 0x0c, 0x1a, 0x1b, 0x55, 0x0e, 0x11, 0x7c, 0x7f, 0xfe, 0xff, 0xf4,
  0x0e, 0x50, 0x05, 0x1d, 0x1d, 0x05, 0x01, 0x1d, 0x18, 0x05, 0x1a, 0x54,
  0x0c, 0x0a, 0xff, 0x01, 0x05, 0x01, 0x53, 0x0c, 0x0c, 0x0a, 0x7c, 0xff,
  0xff
};

static const uint8_t EN_SCRIPT_58[] = {
  0xf4, 0x0f, 0x7e, 0x7c, 0x7f, 0xff, 0xff
};

static const uint8_t EN_SCRIPT_59[] = {
  0xf4, 0x7b, 0x7e, 0x5a, 0x11, 0x3f, 0x01, 0x45, 0x1b, 0x55, 0x42, 0x56,
  0x0c, 0x01, 0x07, 0x52, 0x1b, 0x55, 0x0e, 0x11, 0x54, 0x01, 0x19, 0x0c,
  0xff, 0x01, 0x53, 0x1b, 0x19, 0x0c, 0x54, 0x11, 0x15, 0x1a, 0x0e, 0x01,
  0x54, 0x1b, 0x01, 0x0c, 0x05, 0x54, 0x7c, 0xfe, 0xff, 0x01, 0x47, 0x11,
  0x05, 0x1a, 0x17, 0x01, 0x5b, 0x1b, 0x55, 0x3f, 0x7f, 0xff, 0xff
};

static const uint8_t EN_SCRIPT_60[] = {
  0xf4, 0x0f, 0x7e, 0xe8, 0x01, 0x53, 0x0c, 0x09, 0x1b, 0x1a, 0x0a, 0x43,
  0x09, 0x18, 0x05, 0x53, 0x53, 0xff, 0x01, 0x14, 0x05, 0x15, 0x5b, 0x05,
  0x1a, 0x01, 0x09, 0x05, 0x1a, 0x01, 0x1a, 0x0c, 0x56, 0x0c, 0x52, 0xff,
  0x01, 0x07, 0x0c, 0x05, 0x54, 0x01, 0x05, 0x01, 0x14, 0x05, 0x15, 0x5b,
  0x05, 0x1a, 0xff, 0x01, 0x0c, 0x18, 0x15, 0x54, 0x0c, 0x3f, 0x01, 0x45,
  0x1b, 0x55, 0x01, 0x57, 0x15, 0x18, 0x18, 0x01, 0x0a, 0x15, 0x0c, 0xff,
  0x01, 0x11, 0x0c, 0x52, 0x0c, 0x7b, 0x01, 0x8d, 0x05, 0x17, 0x05, 0x52,
  0x1b, 0x54, 0x54, 0x1b, 0x3f, 0x7f, 0xff, 0xff
};

static const uint8_t EN_SCRIPT_61[] = {
  0xf4, 0x0f, 0x7e, 0xea, 0x1b, 0x1a, 0x42, 0x54, 0x01, 0x0c, 0x56, 0x0c,
  0x1a, 0x01, 0x54, 0x52, 0x5b, 0xff, 0x01, 0x54, 0x1b, 0x01, 0x52, 0x55,
  0x1a, 0x3f, 0x7f, 0xfe, 0xff, 0xf4, 0x00, 0x7e, 0xec, 0x15, 0x1a, 0x0c,
  0x7b, 0x01, 0xef, 0x0c, 0x0e, 0x0c, 0x54, 0x05, 0x7c, 0xff, 0x01, 0x10,
  0x0c, 0x01, 0x57, 0x15, 0x18, 0x18, 0x01, 0x0d, 0x15, 0x0e, 0x11, 0x54,
  0x7b, 0x01, 0x07, 0x55, 0x54, 0xff, 0x01, 0x1a, 0x1b, 0x54, 0x01, 0x1a,
  0x1b, 0x54, 0x01, 0x11, 0x0c, 0x52, 0x0c, 0x7c, 0x7f, 0xff, 0xff
};

static const uint8_t EN_SCRIPT_62[] = {
  0xf4, 0x0f, 0x7e, 0xec, 0x15, 0x1a, 0x0c, 0x7c, 0xff, 0x01, 0xe9, 0x11,
  0x1b, 0x1b, 0x53, 0x0c, 0x01, 0x54, 0x11, 0x0c, 0x01, 0x1d, 0x18, 0x05,
  0x09, 0x0c, 0x7c, 0x7f, 0xfe, 0xff, 0xf4, 0x00, 0x7e, 0x47, 0x11, 0x05,
  0x1a, 0x17, 0x01, 0x5b, 0x1b, 0x55, 0x7c, 0xff, 0x01, 0x50, 0x1b, 0x57,
  0x01, 0x0d, 0x1b, 0x18, 0x18, 0x1b, 0x57, 0x01, 0x19, 0x0c, 0x3f, 0x7f,
  0xff, 0xff
};

static const uint8_t EN_SCRIPT_63[] = {
  0xf4, 0x09, 0x7e, 0x0f, 0x5b, 0x01, 0x0d, 0x05, 0x54, 0x11, 0x0c, 0x52,
  0x01, 0x1a, 0x0c, 0x0c, 0x0a, 0x53, 0xff, 0x01, 0x11, 0x0c, 0x18, 0x1d,
  0x3f, 0x7f, 0xff, 0xff
};

static const uint8_t EN_SCRIPT_64[] = {
  0xf4, 0x09, 0x7e, 0x8a, 0x15, 0x7b, 0x01, 0x0a, 0x05, 0x0a, 0x40, 0x7f,
  0xff, 0xff
};

static const uint8_t EN_SCRIPT_65[] = {
  0xf4, 0x0f, 0x7e, 0x7c, 0x7f, 0xff, 0xff
};

static const uint8_t EN_SCRIPT_66[] = {
  0xf4, 0x7b, 0x7e, 0x8a, 0x0c, 0x18, 0x18, 0x1b, 0x7b, 0x01, 0x0e, 0x55,
  0x5b, 0x53, 0x3f, 0xff, 0x01, 0x8e, 0x42, 0x19, 0x01, 0x1a, 0x1b, 0x54,
  0x01, 0x53, 0x09, 0x05, 0x52, 0x0c, 0x0a, 0x01, 0x1b, 0x0d, 0xff, 0x01,
  0x54, 0x11, 0x0c, 0x01, 0x14, 0x05, 0x15, 0x5b, 0x05, 0x1a, 0x53, 0x40,
  0x7f, 0xff, 0xff
};

static const uint8_t EN_SCRIPT_67[] = {
  0xf4, 0x7b, 0x7e, 0x8c, 0x55, 0x54, 0x7b, 0x01, 0x8e, 0x01, 0x05, 0x19,
  0xff, 0x01, 0x0d, 0x05, 0x19, 0x15, 0x53, 0x11, 0x0c, 0x0a, 0x3f, 0x7f,
  0xff, 0xff
};

static const uint8_t EN_SCRIPT_68[] = {
  0xf4, 0x7b, 0x7e, 0x8e, 0x42, 0x18, 0x18, 0x01, 0x11, 0x0c, 0x18, 0x1d,
  0x01, 0x5b, 0x1b, 0x55, 0xff, 0x01, 0x0d, 0x15, 0x0e, 0x11, 0x54, 0x01,
  0x54, 0x11, 0x0c, 0x19, 0x01, 0x05, 0x0d, 0x54, 0x0c, 0x52, 0x01, 0x8e,
  0xff, 0x01, 0x0c, 0x05, 0x54, 0x3f, 0x7f, 0xff, 0xff
};

static const uint8_t EN_SCRIPT_69[] = {
  0xf4, 0x7b, 0x7e, 0xe8, 0x11, 0x3f, 0x01, 0x45, 0x1b, 0x55, 0x01, 0x07,
  0x52, 0x1b, 0x55, 0x0e, 0x11, 0x54, 0xff, 0x01, 0x19, 0x0c, 0x01, 0x53,
  0x1b, 0x19, 0x0c, 0x01, 0x0d, 0x1b, 0x1b, 0x0a, 0x3f, 0x7f, 0xfe, 0xff,
  0xf4, 0x7b, 0x7e, 0x47, 0x11, 0x05, 0x1a, 0x17, 0x53, 0x01, 0x05, 0x01,
  0x18, 0x1b, 0x54, 0x3f, 0x7f, 0xff, 0xff
};

static const uint8_t EN_SCRIPT_70[] = {
  0xf4, 0x7b, 0x7e, 0xe8, 0x11, 0x3f, 0x01, 0x45, 0x1b, 0x55, 0x01, 0x07,
  0x52, 0x1b, 0x55, 0x0e, 0x11, 0x54, 0xff, 0x01, 0x19, 0x0c, 0x01, 0x53,
  0x1b, 0x19, 0x0c, 0x01, 0x0d, 0x1b, 0x1b, 0x0a, 0x3f, 0x7f, 0xfe, 0xff,
  0xf4, 0x7b, 0x7e, 0x47, 0x11, 0x05, 0x1a, 0x17, 0x53, 0x01, 0x05, 0x01,
  0x18, 0x1b, 0x54, 0x3f, 0x7f, 0xff, 0xff
};

static const uint8_t EN_SCRIPT_71[] = {
  0xf4, 0x7b, 0x7e, 0x0b, 0x11, 0x11, 0x40, 0xff, 0x01, 0x8e, 0x42, 0x18,
  0x18, 0x01, 0x16, 0x1b, 0x15, 0x1a, 0x01, 0x5b, 0x1b, 0x55, 0xff, 0x01,
  0x18, 0x05, 0x54, 0x0c, 0x52, 0x7b, 0x01, 0x1b, 0x17, 0x3e, 0x7f, 0xff,
  0xff
};

static const uint8_t EN_SCRIPT_72[] = {
  0xf4, 0x74, 0x7e, 0x10, 0x11, 0x05, 0x54, 0x01, 0x09, 0x05, 0x1a, 0x01,
  0x8e, 0x01, 0x0a, 0x1b, 0xff, 0x01, 0x0d, 0x1b, 0x52, 0x01, 0x5b, 0x1b,
  0x55, 0x3e, 0x7f, 0x01, 0xff, 0x01, 0x01, 0x01, 0x01, 0x01, 0x01, 0x01,
  0x01, 0x01, 0x01, 0x01, 0x01, 0x01, 0x01, 0x01, 0x01, 0x8c, 0x0b, 0x45,
  0x01, 0x01, 0xff, 0x01, 0x01, 0x01, 0x01, 0x01, 0x01, 0x01, 0x01, 0x01,
  0x01, 0x01, 0x01, 0x01, 0x01, 0x01, 0x01, 0x14, 0xeb, 0xee, 0xee, 0xfd,
  0xff, 0xff
};

static const uint8_t EN_SCRIPT_73[] = {
  0xf4, 0x74, 0x7e, 0x10, 0x11, 0x05, 0x54, 0x01, 0x0a, 0x1b, 0x01, 0x5b,
  0x1b, 0x55, 0x01, 0x57, 0x05, 0x1a, 0x54, 0x3e, 0x7f, 0xfd, 0xff, 0xff
};

static const uint8_t EN_SCRIPT_74[] = {
  0xf4, 0x74, 0x7e, 0x47, 0x11, 0x05, 0x54, 0x42, 0x18, 0x18, 0x01, 0x07,
  0x0c, 0xff, 0x01, 0xf8, 0x01, 0x13, 0x0c, 0x1a, 0x15, 0x7c, 0x7f, 0xff,
  0xff
};

static const uint8_t EN_SCRIPT_75[] = {
  0xf4, 0x74, 0x7e, 0x45, 0x1b, 0x55, 0x01, 0x09, 0x05, 0x1a, 0x42, 0x54,
  0x01, 0x09, 0x05, 0x52, 0x52, 0x5b, 0xff, 0x01, 0x05, 0x1a, 0x5b, 0x01,
  0x19, 0x1b, 0x52, 0x0c, 0x7c, 0x7f, 0xff, 0xff
};

static const uint8_t EN_SCRIPT_76[] = {
  0xf4, 0x74, 0x7e, 0x47, 0x11, 0x05, 0x1a, 0x17, 0x01, 0x5b, 0x1b, 0x55,
  0x3f, 0x7f, 0xff, 0xff
};

static const uint8_t EN_SCRIPT_77[] = {
  0xf4, 0x74, 0x7e, 0x45, 0x1b, 0x55, 0x01, 0x0a, 0x1b, 0x1a, 0x42, 0x54,
  0x01, 0x11, 0x05, 0x56, 0x0c, 0xff, 0x01, 0x0c, 0x1a, 0x1b, 0x55, 0x0e,
  0x11, 0x01, 0x19, 0x1b, 0x1a, 0x0c, 0x5b, 0x40, 0x7f, 0xff, 0xff
};

static const uint8_t EN_SCRIPT_78[] = {
  0xf4, 0x74, 0x7e, 0x45, 0x1b, 0x55, 0x01, 0x11, 0x05, 0x56, 0x0c, 0x01,
  0x1a, 0x1b, 0x54, 0x11, 0x15, 0x1a, 0x0e, 0xff, 0x01, 0x54, 0x1b, 0x01,
  0x53, 0x0c, 0x18, 0x18, 0x3f, 0x7f, 0xff, 0xff
};

static const uint8_t EN_SCRIPT_79[] = {
  0xf4, 0x74, 0x7e, 0xe8, 0x1a, 0x5b, 0x54, 0x11, 0x15, 0x1a, 0x0e, 0x01,
  0x0c, 0x18, 0x53, 0x0c, 0x3e, 0x7f, 0xff, 0x01, 0xff, 0x01, 0x01, 0x01,
  0x01, 0x01, 0x01, 0x01, 0x01, 0x01, 0x01, 0x01, 0x01, 0x45, 0xeb, 0x14,
  0xff, 0x01, 0x01, 0x01, 0x01, 0x01, 0x01, 0x01, 0x01, 0x01, 0x01, 0x01,
  0x01, 0x50, 0x5a, 0x01, 0xfd, 0xff, 0xff
};

static const uint8_t EN_SCRIPT_80[] = {
  0xf4, 0x74, 0x7e, 0x8a, 0x05, 0x56, 0x0c, 0x01, 0x05, 0x01, 0x0e, 0x1b,
  0x1b, 0x0a, 0x01, 0x0a, 0x05, 0x5b, 0x3f, 0x7f, 0xff, 0xff
};

static const uint8_t EN_SCRIPT_81[] = {
  0xf4, 0x09, 0x7e, 0x10, 0x11, 0x0c, 0x57, 0x3f, 0x01, 0x10, 0x0c, 0x42,
  0x52, 0x0c, 0x01, 0x53, 0x05, 0x0d, 0x0c, 0x7c, 0xff, 0x01, 0x8c, 0x55,
  0x54, 0x01, 0x8c, 0x55, 0x18, 0x19, 0x05, 0x01, 0x19, 0x05, 0x5b, 0x01,
  0x07, 0x0c, 0xff, 0x01, 0x15, 0x1a, 0x01, 0x0a, 0x05, 0x1a, 0x0e, 0x0c,
  0x52, 0x3f, 0x7f, 0xff, 0xff
};

static const uint8_t EN_SCRIPT_82[] = {
  0xf4, 0x0e, 0x7e, 0xee, 0x15, 0x17, 0x0c, 0x01, 0x54, 0x11, 0x0c, 0x01,
  0x1b, 0x1a, 0x0c, 0x53, 0xff, 0x01, 0x07, 0x0c, 0x0d, 0x1b, 0x52, 0x0c,
  0x40, 0x7f, 0xfe, 0xff, 0xf4, 0x09, 0x7e, 0x0f, 0x5a, 0x1a, 0x53, 0x54,
  0x0c, 0x52, 0x3f, 0x01, 0x45, 0x1b, 0x55, 0xff, 0x01, 0x57, 0x15, 0x18,
  0x18, 0x01, 0x0a, 0x15, 0x0c, 0x3f, 0x7f, 0xff, 0xff
};

static const uint8_t EN_SCRIPT_83[] = {
  0xf4, 0x6b, 0x7e, 0x06, 0x0c, 0x53, 0x54, 0x01, 0x11, 0x0c, 0x52, 0x0c,
  0x01, 0x05, 0xff, 0x01, 0x57, 0x11, 0x15, 0x18, 0x0c, 0x7c, 0x7f, 0xff,
  0xff
};

static const uint8_t EN_SCRIPT_84[] = {
  0xf4, 0x6b, 0x7e, 0x06, 0x0c, 0x53, 0x54, 0x01, 0x11, 0x0c, 0x52, 0x0c,
  0x01, 0x05, 0xff, 0x01, 0x57, 0x11, 0x15, 0x18, 0x0c, 0x7c, 0x7f, 0xff,
  0xff
};

static const uint8_t EN_SCRIPT_85[] = {
  0xf4, 0x6b, 0x7e, 0x14, 0x1b, 0x01, 0x18, 0x1b, 0x1a, 0x0e, 0x3f, 0xff,
  0x01, 0xed, 0x1b, 0x1b, 0x0a, 0x01, 0x18, 0x55, 0x09, 0x17, 0x3f, 0x7f,
  0xff, 0xff
};

static const uint8_t EN_SCRIPT_86[] = {
  0xf4, 0x34, 0x7e, 0x45, 0x1b, 0x55, 0x01, 0x09, 0x05, 0x1a, 0x01, 0x0c,
  0x05, 0x54, 0xff, 0x01, 0x05, 0x1a, 0x0a, 0x01, 0x52, 0x0c, 0x53, 0x54,
  0x01, 0x11, 0x0c, 0x52, 0x0c, 0x7c, 0x7f, 0xff, 0xff
};

static const uint8_t EN_SCRIPT_87[] = {
  0xf4, 0x34, 0x7e, 0xed, 0x1b, 0x01, 0x54, 0x52, 0x05, 0x15, 0x1a, 0x01,
  0x53, 0x1b, 0x19, 0x0c, 0xff, 0x01, 0x19, 0x1b, 0x52, 0x0c, 0x7c, 0x7f,
  0xff, 0xff
};

static const uint8_t EN_SCRIPT_88[] = {
  0xf4, 0x01, 0x7e, 0x8e, 0x01, 0x57, 0x15, 0x18, 0x18, 0x01, 0x54, 0x05,
  0x17, 0x0c, 0xff, 0x01, 0xed, 0x1b, 0x11, 0x05, 0x1a, 0x01, 0x54, 0x1b,
  0x01, 0x54, 0x52, 0x05, 0x15, 0x1a, 0x7c, 0x7f, 0xfe, 0xff, 0xf4, 0x6b,
  0x7e, 0x45, 0x1b, 0x55, 0x42, 0x52, 0x0c, 0x01, 0x17, 0x15, 0x0a, 0x0a,
  0x15, 0x1a, 0x0e, 0x3f, 0x3e, 0x7f, 0xff, 0xff
};

static const uint8_t EN_SCRIPT_89[] = {
  0xf4, 0x01, 0x7e, 0x8a, 0x0c, 0x01, 0x11, 0x05, 0x53, 0x01, 0x0c, 0x1a,
  0x1b, 0x52, 0x19, 0x1b, 0x55, 0x53, 0xff, 0x01, 0x1d, 0x1b, 0x54, 0x0c,
  0x1a, 0x54, 0x15, 0x05, 0x18, 0x7c, 0xff, 0x01, 0x8a, 0x0c, 0x01, 0x19,
  0x05, 0x5b, 0x01, 0x07, 0x0c, 0x01, 0x1b, 0x55, 0x52, 0xff, 0x01, 0x0e,
  0x52, 0x0c, 0x05, 0x54, 0x0c, 0x53, 0x54, 0x01, 0x05, 0x53, 0x53, 0x0c,
  0x54, 0x7c, 0x7f, 0xff, 0xff
};

static const uint8_t EN_SCRIPT_90[] = {
  0xf4, 0x6a, 0x7e, 0x50, 0x1b, 0x3f, 0x01, 0xea, 0x1b, 0x1a, 0x42, 0x54,
  0x01, 0x54, 0x1b, 0x55, 0x09, 0x11, 0xff, 0x01, 0x11, 0x15, 0x19, 0x3f,
  0x7f, 0xfe, 0xff, 0xf4, 0x01, 0x7e, 0x50, 0x1b, 0x01, 0x54, 0x15, 0x19,
  0x0c, 0x3f, 0xff, 0x01, 0xec, 0x15, 0x1a, 0x0a, 0x01, 0x54, 0x11, 0x0c,
  0x01, 0xea, 0x52, 0x05, 0x0e, 0x1b, 0x1a, 0xff, 0x01, 0x8c, 0x05, 0x18,
  0x18, 0x53, 0x01, 0x05, 0x1a, 0x0a, 0x01, 0x52, 0x0c, 0x54, 0x55, 0x52,
  0x1a, 0x01, 0x15, 0x1a, 0xff, 0x01, 0x1b, 0x1a, 0x0c, 0x01, 0x5b, 0x0c,
  0x05, 0x52, 0x7c, 0x7f, 0xff, 0xff
};

static const uint8_t EN_SCRIPT_91[] = {
  0xf4, 0x6b, 0x7e, 0x8a, 0x0c, 0x42, 0x53, 0x01, 0x52, 0x15, 0x0e, 0x11,
  0x54, 0x40, 0x7f, 0xfe, 0xff, 0x01, 0xf4, 0x0a, 0x7e, 0x8e, 0x42, 0x19,
  0x01, 0x0e, 0x1b, 0x15, 0x1a, 0x0e, 0x01, 0x54, 0x1b, 0x01, 0x54, 0x52,
  0x05, 0x15, 0x1a, 0xff, 0x01, 0x54, 0x1b, 0x1b, 0x7c, 0x7f, 0xfe, 0xff,
  0xf4, 0x6a, 0x7e, 0x8e, 0x42, 0x19, 0x01, 0x0e, 0x1b, 0x15, 0x1a, 0x0e,
  0x01, 0x11, 0x1b, 0x19, 0x0c, 0x7c, 0xff, 0x01, 0x8e, 0x01, 0x1a, 0x0c,
  0x0c, 0x0a, 0x01, 0x54, 0x1b, 0x01, 0x06, 0xeb, 0x14, 0x47, 0x3f, 0x7f,
  0xff, 0xff
};

static const uint8_t EN_SCRIPT_92[] = {
  0xf4, 0x0e, 0x7e, 0x06, 0x05, 0x0a, 0x15, 0x54, 0x5c, 0x01, 0x15, 0x53,
  0x01, 0x0a, 0x0c, 0x05, 0x0a, 0x40, 0x7f, 0xfe, 0xff, 0xf4, 0x0f, 0x7e,
  0x8a, 0x1b, 0x57, 0x01, 0x1d, 0x05, 0x54, 0x11, 0x0c, 0x54, 0x15, 0x09,
  0x3f, 0xff, 0x01, 0x8c, 0x0c, 0x05, 0x54, 0x0c, 0x1a, 0x01, 0x07, 0x5b,
  0x01, 0x54, 0x11, 0x0c, 0x01, 0x1b, 0x54, 0x11, 0x0c, 0x52, 0xff, 0x01,
  0x57, 0x0c, 0x05, 0x17, 0x18, 0x15, 0x1a, 0x0e, 0x53, 0x7c, 0x7f, 0xfe,
  0xff, 0xf4, 0x0e, 0x7e, 0x10, 0x11, 0x05, 0x54, 0x01, 0x0a, 0x1b, 0x01,
  0x57, 0x0c, 0x01, 0x0a, 0x1b, 0xff, 0x01, 0x1a, 0x1b, 0x57, 0x3e, 0x01,
  0xed, 0x1b, 0x01, 0x54, 0x1b, 0x01, 0xeb, 0x05, 0x52, 0x54, 0x11, 0x3e,
  0x7f, 0xff, 0xff
};

static const uint8_t EN_SCRIPT_93[] = {
  0xf4, 0x0f, 0x7e, 0x8a, 0x19, 0x19, 0x40, 0x01, 0x8e, 0x01, 0x11, 0x0c,
  0x05, 0x52, 0x0a, 0x01, 0x54, 0x11, 0x0c, 0x53, 0x0c, 0xff, 0x01, 0xea,
  0x52, 0x05, 0x0e, 0x1b, 0x1a, 0x01, 0x8c, 0x05, 0x18, 0x18, 0x53, 0x01,
  0x09, 0x05, 0x1a, 0xff, 0x01, 0x0e, 0x52, 0x05, 0x1a, 0x54, 0x01, 0x05,
  0x01, 0x57, 0x15, 0x53, 0x11, 0x7c, 0x7f, 0xfe, 0xff, 0xf4, 0x0e, 0x7e,
  0x06, 0x0c, 0x56, 0x15, 0x56, 0x0c, 0x01, 0x06, 0x05, 0x0a, 0x15, 0x54,
  0x5c, 0x3e, 0x7f, 0xff, 0xff
};

static const uint8_t EN_SCRIPT_94[] = {
  0xf4, 0x0f, 0x7e, 0xe8, 0x52, 0x0c, 0x01, 0x5b, 0x1b, 0x55, 0x01, 0x17,
  0x15, 0x0a, 0x0a, 0x15, 0x1a, 0x0e, 0x3e, 0xff, 0x01, 0x50, 0x1b, 0x3f,
  0x01, 0x10, 0x0c, 0x01, 0x57, 0x15, 0x18, 0x18, 0x01, 0x05, 0x53, 0x17,
  0x01, 0x0d, 0x1b, 0x52, 0xff, 0x01, 0x0c, 0x54, 0x0c, 0x52, 0x1a, 0x05,
  0x18, 0x01, 0x18, 0x15, 0x0d, 0x0c, 0x3f, 0x7f, 0xfe, 0xff, 0xf4, 0x0e,
  0x7e, 0x8b, 0x0c, 0x52, 0x0d, 0x0c, 0x09, 0x54, 0x3f, 0x7f, 0xfe, 0xff,
  0xf4, 0x0f, 0x7e, 0x14, 0x18, 0x0c, 0x0c, 0x1d, 0x01, 0x1a, 0x1b, 0x57,
  0x7c, 0xff, 0x01, 0x10, 0x0c, 0x01, 0x57, 0x15, 0x18, 0x18, 0x01, 0x05,
  0x57, 0x05, 0x17, 0x0c, 0x01, 0x15, 0x1a, 0xff, 0x01, 0x1b, 0x1a, 0x0c,
  0x01, 0x5b, 0x0c, 0x05, 0x52, 0x7c, 0x7f, 0xff, 0xff
};

static const uint8_t EN_SCRIPT_95[] = {
  0xf4, 0x0e, 0x7e, 0x14, 0x1b, 0x7b, 0x01, 0x54, 0x11, 0x15, 0x53, 0x01,
  0x15, 0x53, 0xff, 0x01, 0xeb, 0x05, 0x52, 0x54, 0x11, 0x40, 0x7f, 0xfe,
  0xff, 0xf4, 0x0f, 0x7e, 0xee, 0x0c, 0x54, 0x42, 0x53, 0x01, 0x0d, 0x15,
  0x1a, 0x0a, 0x01, 0x54, 0x11, 0x0c, 0xff, 0x01, 0x1b, 0x1a, 0x0c, 0x01,
  0x57, 0x11, 0x1b, 0x01, 0x17, 0x15, 0x18, 0x18, 0x0c, 0x0a, 0xff, 0x01,
  0x06, 0x05, 0x0a, 0x15, 0x54, 0x5c, 0x3f, 0xff, 0x01, 0x8b, 0x0c, 0x52,
  0x11, 0x05, 0x1d, 0x53, 0x01, 0x11, 0x0c, 0x01, 0x11, 0x05, 0x53, 0x01,
  0x05, 0xff, 0x01, 0xea, 0x52, 0x05, 0x0e, 0x1b, 0x1a, 0x01, 0x8c, 0x05,
  0x18, 0x18, 0x7c, 0x7f, 0xff, 0xff
};

static const uint8_t EN_SCRIPT_96[] = {
  0xf4, 0x0e, 0x7e, 0x5a, 0x17, 0x05, 0x5b, 0x7c, 0x7f, 0xfe, 0xff, 0xf4,
  0x0e, 0x7e, 0x14, 0x54, 0x52, 0x05, 0x1a, 0x0e, 0x0c, 0x3f, 0xff, 0x01,
  0x0f, 0x5b, 0x01, 0x53, 0x09, 0x1b, 0x55, 0x54, 0x0c, 0x52, 0x01, 0x53,
  0x11, 0x1b, 0x57, 0x53, 0xff, 0x01, 0x18, 0x0c, 0x56, 0x0c, 0x18, 0x53,
  0x01, 0x1b, 0x56, 0x0c, 0x52, 0x01, 0x81, 0x80, 0x80, 0x80, 0xff, 0x01,
  0x53, 0x54, 0x52, 0x1b, 0x1a, 0x0e, 0x3f, 0xfe, 0xff, 0xf4, 0x0f, 0x7e,
  0xea, 0x1b, 0x01, 0x1a, 0x1b, 0x54, 0x01, 0x57, 0x1b, 0x52, 0x52, 0x5b,
  0x7c, 0xff, 0x01, 0x10, 0x0c, 0x01, 0x05, 0x52, 0x0c, 0x01, 0x19, 0x1b,
  0x52, 0x0c, 0xff, 0x01, 0x1d, 0x1b, 0x57, 0x0c, 0x52, 0x0d, 0x55, 0x18,
  0x01, 0x54, 0x11, 0x05, 0x1a, 0xff, 0x01, 0x54, 0x11, 0x0c, 0x19, 0x7c,
  0x7f, 0xff, 0xff
};

static const uint8_t EN_SCRIPT_97[] = {
  0xf4, 0x83, 0x7e, 0x10, 0x11, 0x0c, 0x52, 0x0c, 0x01, 0x15, 0x53, 0x01,
  0x19, 0x5b, 0x01, 0x0a, 0x05, 0x0a, 0x3e, 0x3f, 0xff, 0x01, 0x10, 0xe8,
  0xe8, 0x3f, 0x01, 0x10, 0xe8, 0xe8, 0x8a, 0x3f, 0x3f, 0x7f, 0xfe, 0xff,
  0xf4, 0x01, 0x7e, 0x12, 0x55, 0x15, 0x0c, 0x54, 0x3f, 0xff, 0x01, 0x45,
  0x1b, 0x55, 0x01, 0x05, 0x52, 0x0c, 0x01, 0x0e, 0x1b, 0x15, 0x1a, 0x0e,
  0x01, 0x54, 0x1b, 0xff, 0x01, 0x54, 0x52, 0x5b, 0x01, 0x54, 0x1b, 0x01,
  0x53, 0x55, 0x52, 0x56, 0x15, 0x56, 0x0c, 0x01, 0x11, 0x0c, 0x52, 0x0c,
  0xff, 0x01, 0x05, 0x18, 0x1b, 0x1a, 0x0c, 0x01, 0x0d, 0x1b, 0x52, 0x01,
  0x53, 0x15, 0x58, 0xff, 0x01, 0x19, 0x1b, 0x1a, 0x54, 0x11, 0x53, 0x7c,
  0x7f, 0xff, 0xff
};

static const uint8_t EN_SCRIPT_98[] = {
  0xf4, 0x83, 0x7e, 0x14, 0x15, 0x58, 0x40, 0x01, 0x19, 0x1b, 0x1a, 0x54,
  0x11, 0x53, 0x3f, 0x3e, 0xff, 0x01, 0xe8, 0x18, 0x1b, 0x1a, 0x0c, 0x3e,
  0x7f, 0xfe, 0xff, 0xf4, 0x01, 0x7e, 0x8e, 0x01, 0x57, 0x15, 0x18, 0x18,
  0x01, 0x09, 0x1b, 0x19, 0x0c, 0xff, 0x01, 0x07, 0x05, 0x09, 0x17, 0x01,
  0x57, 0x11, 0x0c, 0x1a, 0x01, 0x5b, 0x1b, 0x55, 0x01, 0x05, 0x52, 0x0c,
  0xff, 0x01, 0x52, 0x0c, 0x05, 0x0a, 0x5b, 0x7c, 0x7f, 0xff, 0xff
};

static const uint8_t EN_SCRIPT_99[] = {
  0xf4, 0x83, 0x7e, 0x50, 0x1b, 0x7b, 0x01, 0x57, 0x05, 0x15, 0x54, 0x3f,
  0xff, 0x01, 0x8e, 0x42, 0x19, 0x01, 0x53, 0x09, 0x05, 0x52, 0x0c, 0x0a,
  0x3f, 0x7f, 0xff, 0xff
};

static const uint8_t EN_SCRIPT_100[] = {
  0xf4, 0x01, 0x7e, 0x14, 0x15, 0x58, 0x01, 0x19, 0x1b, 0x1a, 0x54, 0x11,
  0x53, 0x01, 0x11, 0x05, 0x56, 0x0c, 0xff, 0x01, 0x1d, 0x05, 0x53, 0x53,
  0x0c, 0x0a, 0x7c, 0x01, 0x45, 0x1b, 0x55, 0x01, 0x0a, 0x15, 0x0a, 0xff,
  0x01, 0x53, 0x1b, 0x01, 0x57, 0x0c, 0x18, 0x18, 0x7b, 0x01, 0x05, 0x1a,
  0x0a, 0x01, 0x5b, 0x1b, 0x55, 0xff, 0x01, 0x0a, 0x15, 0x0a, 0x01, 0x1a,
  0x1b, 0x54, 0x01, 0x09, 0x52, 0x5b, 0x7c, 0x7f, 0xff, 0xff
};

static const uint8_t EN_SCRIPT_101[] = {
  0xf4, 0x01, 0x7e, 0x14, 0x15, 0x58, 0x01, 0x19, 0x1b, 0x1a, 0x54, 0x11,
  0x53, 0x01, 0x11, 0x05, 0x56, 0x0c, 0xff, 0x01, 0x1d, 0x05, 0x53, 0x53,
  0x0c, 0x0a, 0x7c, 0x01, 0x45, 0x1b, 0x55, 0x01, 0x0a, 0x15, 0x0a, 0xff,
  0x01, 0x53, 0x1b, 0x01, 0x57, 0x0c, 0x18, 0x18, 0x7b, 0x01, 0x05, 0x1a,
  0x0a, 0x01, 0x5b, 0x1b, 0x55, 0xff, 0x01, 0x0a, 0x15, 0x0a, 0x01, 0x1a,
  0x1b, 0x54, 0x01, 0x09, 0x52, 0x5b, 0x7c, 0x7f, 0xff, 0xff
};

static const uint8_t EN_SCRIPT_102[] = {
  0xf4, 0x01, 0x7e, 0x50, 0x1b, 0x57, 0x7b, 0x01, 0x5b, 0x1b, 0x55, 0x01,
  0x57, 0x15, 0x18, 0x18, 0x01, 0x0d, 0x15, 0x0e, 0x11, 0x54, 0xff, 0x01,
  0x19, 0x0c, 0x3f, 0x7f, 0xff, 0xff
};

static const uint8_t EN_SCRIPT_103[] = {
  0xf4, 0x01, 0x7e, 0x8e, 0x01, 0x11, 0x05, 0x56, 0x0c, 0x01, 0x54, 0x05,
  0x55, 0x0e, 0x11, 0x54, 0x01, 0x5b, 0x1b, 0x55, 0xff, 0x01, 0x05, 0x18,
  0x18, 0x01, 0x8e, 0x01, 0x09, 0x05, 0x1a, 0x7c, 0x7f, 0xfe, 0xff, 0xf4,
  0x09, 0x7e, 0xe8, 0x52, 0x0c, 0x01, 0x5b, 0x1b, 0x55, 0x01, 0x53, 0x55,
  0x52, 0x0c, 0x3e, 0x7f, 0xff, 0xff
};

static const uint8_t EN_SCRIPT_104[] = {
  0xf4, 0x01, 0x7e, 0x47, 0x11, 0x0c, 0x01, 0x14, 0x05, 0x15, 0x5b, 0x05,
  0x1a, 0x53, 0x01, 0x57, 0x15, 0x18, 0x18, 0xff, 0x01, 0x07, 0x0c, 0x01,
  0x11, 0x0c, 0x52, 0x0c, 0x01, 0x53, 0x1b, 0x1b, 0x1a, 0x40, 0x7f, 0xfe,
  0xff, 0xf4, 0x09, 0x7e, 0x47, 0x0c, 0x18, 0x18, 0x01, 0x19, 0x0c, 0x01,
  0x0f, 0x52, 0x7c, 0x8b, 0x15, 0x09, 0x09, 0x1b, 0x18, 0x1b, 0x7b, 0xff,
  0x01, 0x0a, 0x15, 0x0a, 0x01, 0x5b, 0x1b, 0x55, 0x01, 0x1b, 0x1a, 0x09,
  0x0c, 0x01, 0x0d, 0x15, 0x0e, 0x11, 0x54, 0xff, 0x01, 0x19, 0x5b, 0x01,
  0x0d, 0x05, 0x54, 0x11, 0x0c, 0x52, 0x3e, 0x7f, 0xfe, 0xff, 0xf4, 0x01,
  0x7e, 0x45, 0x0c, 0x53, 0x7b, 0x01, 0x05, 0x1a, 0x0a, 0x01, 0x54, 0x11,
  0x0c, 0x01, 0x0d, 0x15, 0x0e, 0x11, 0x54, 0xff, 0x01, 0x15, 0x53, 0x01,
  0x1a, 0x1b, 0x54, 0x01, 0x0d, 0x15, 0x1a, 0x15, 0x53, 0x11, 0x0c, 0x0a,
  0x40, 0x7f, 0xff, 0xff
};

static const uint8_t EN_SCRIPT_105[] = {
  0xf4, 0x34, 0x7e, 0x8e, 0x01, 0x57, 0x05, 0x52, 0x1a, 0x01, 0x5b, 0x1b,
  0x55, 0x7b, 0x01, 0x54, 0x11, 0x15, 0x53, 0xff, 0x01, 0x54, 0x52, 0x05,
  0x15, 0x1a, 0x15, 0x1a, 0x0e, 0x01, 0x57, 0x15, 0x18, 0x18, 0x01, 0x07,
  0x0c, 0xff, 0x01, 0x11, 0x05, 0x52, 0x0a, 0x3f, 0x7f, 0xfe, 0xff, 0xf4,
  0x34, 0x7e, 0x47, 0x11, 0x0c, 0x01, 0x0e, 0x52, 0x05, 0x56, 0x15, 0x54,
  0x5b, 0x01, 0x1b, 0x0d, 0x01, 0x54, 0x11, 0x15, 0x53, 0xff, 0x01, 0x1d,
  0x18, 0x05, 0x1a, 0x0c, 0x54, 0x01, 0x15, 0x53, 0x01, 0x54, 0x0c, 0x1a,
  0xff, 0x01, 0x54, 0x15, 0x19, 0x0c, 0x53, 0x01, 0x19, 0x1b, 0x52, 0x0c,
  0x01, 0x54, 0x11, 0x05, 0x1a, 0xff, 0x01, 0xeb, 0x05, 0x52, 0x54, 0x11,
  0x42, 0x53, 0x7c, 0x7f, 0xff, 0xff
};

static const uint8_t EN_SCRIPT_106[] = {
  0xf4, 0x34, 0x7e, 0xed, 0x1b, 0x1b, 0x0a, 0x7c, 0xff, 0x01, 0xe9, 0x1b,
  0x1a, 0x54, 0x15, 0x1a, 0x55, 0x0c, 0x01, 0x54, 0x11, 0x0c, 0xff, 0x01,
  0x54, 0x52, 0x05, 0x15, 0x1a, 0x15, 0x1a, 0x0e, 0x7c, 0x7f, 0xff, 0xff
};

static const uint8_t EN_SCRIPT_107[] = {
  0xf4, 0x34, 0x7e, 0x8c, 0x52, 0x05, 0x56, 0x1b, 0x7b, 0x01, 0x53, 0x19,
  0x05, 0x18, 0x18, 0x01, 0x1b, 0x1a, 0x0c, 0x7c, 0x7f, 0xfe, 0xff, 0xf4,
  0x00, 0x7e, 0x0f, 0x5b, 0x01, 0x54, 0x11, 0x05, 0x1a, 0x17, 0x53, 0x7c,
  0xff, 0x01, 0x10, 0x11, 0x05, 0x54, 0x01, 0x0a, 0x1b, 0x01, 0x57, 0x0c,
  0x01, 0x0a, 0x1b, 0xff, 0x01, 0x1a, 0x1b, 0x57, 0x3e, 0x7f, 0xfe, 0xff,
  0xf4, 0x34, 0x7e, 0x50, 0x1b, 0x57, 0x7b, 0x01, 0x5b, 0x1b, 0x55, 0x01,
  0x0d, 0x15, 0x0e, 0x11, 0x54, 0xff, 0x01, 0x19, 0x0c, 0x3f, 0x7f, 0xff,
  0xff
};

static const uint8_t EN_SCRIPT_108[] = {
  0xf4, 0x34, 0xff, 0xff
};

static const uint8_t EN_SCRIPT_109[] = {
  0xf4, 0x34, 0xff, 0xff
};

static const uint8_t EN_SCRIPT_110[] = {
  0xf4, 0x34, 0xff, 0xff
};

static const uint8_t EN_SCRIPT_111[] = {
  0xf4, 0x34, 0x7e, 0xe9, 0x1b, 0x1a, 0x0e, 0x52, 0x05, 0x54, 0x55, 0x18,
  0x05, 0x54, 0x15, 0x1b, 0x1a, 0x53, 0x7b, 0xff, 0x01, 0xed, 0x1b, 0x17,
  0x55, 0x7c, 0xff, 0x01, 0x45, 0x1b, 0x55, 0x42, 0x52, 0x0c, 0x01, 0x05,
  0x18, 0x18, 0x01, 0x53, 0x0c, 0x54, 0x7c, 0xff, 0x01, 0x40, 0xea, 0x05,
  0x19, 0x1a, 0x3f, 0x7f, 0xfe, 0xff, 0xf4, 0x00, 0x7e, 0x10, 0x11, 0x05,
  0x54, 0x01, 0x15, 0x53, 0x01, 0x15, 0x54, 0x3e, 0x7f, 0xfe, 0xff, 0xf4,
  0x34, 0x7e, 0x8e, 0x01, 0x09, 0x05, 0x1a, 0x1a, 0x1b, 0x54, 0x01, 0x53,
  0x0c, 0x1a, 0x0a, 0x01, 0x5b, 0x1b, 0x55, 0xff, 0x01, 0x07, 0x05, 0x09,
  0x17, 0x01, 0x54, 0x1b, 0x01, 0xeb, 0x05, 0x52, 0x54, 0x11, 0x7c, 0xff,
  0x01, 0x45, 0x1b, 0x55, 0x01, 0x19, 0x55, 0x53, 0x54, 0x01, 0x0e, 0x1b,
  0x01, 0x07, 0x05, 0x09, 0x17, 0xff, 0x01, 0x56, 0x15, 0x05, 0x01, 0x54,
  0x11, 0x0c, 0x01, 0x14, 0x0c, 0x52, 0x1d, 0x0c, 0x1a, 0x54, 0xff, 0x01,
  0x06, 0x1b, 0x05, 0x0a, 0x7c, 0x7f, 0xff, 0xff
};

static const uint8_t EN_SCRIPT_112[] = {
  0xf4, 0x00, 0x7e, 0x8a, 0x55, 0x11, 0x3e, 0xff, 0x01, 0x8c, 0x55, 0x54,
  0x01, 0x54, 0x11, 0x0c, 0x01, 0x14, 0x05, 0x15, 0x5b, 0x05, 0x1a, 0x53,
  0xff, 0x01, 0x05, 0x52, 0x52, 0x15, 0x56, 0x0c, 0x01, 0x54, 0x1b, 0x19,
  0x1b, 0x52, 0x52, 0x1b, 0x57, 0x3f, 0x7f, 0xfe, 0xff, 0xf4, 0x34, 0x7e,
  0x8a, 0x0c, 0x5b, 0x7b, 0x01, 0x09, 0x05, 0x18, 0x19, 0x01, 0x0a, 0x1b,
  0x57, 0x1a, 0xff, 0x01, 0x07, 0x1b, 0x5b, 0x3f, 0xff, 0x01, 0xeb, 0x56,
  0x0c, 0x52, 0x5b, 0x1b, 0x1a, 0x0c, 0x01, 0x19, 0x05, 0x17, 0x0c, 0x53,
  0xff, 0x01, 0x19, 0x15, 0x53, 0x54, 0x05, 0x17, 0x0c, 0x53, 0x3f, 0x7f,
  0xfe, 0xff, 0xf4, 0x34, 0x7e, 0xe8, 0x53, 0x17, 0x01, 0x5b, 0x1b, 0x55,
  0x52, 0x01, 0x0d, 0x52, 0x15, 0x0c, 0x1a, 0x0a, 0x53, 0xff, 0x01, 0x54,
  0x1b, 0x01, 0x52, 0x0c, 0x53, 0x55, 0x52, 0x52, 0x0c, 0x09, 0x54, 0x01,
  0x5b, 0x1b, 0x55, 0x7c, 0x7f, 0xff, 0xff
};

static const uint8_t EN_SCRIPT_113[] = {
  0xf4, 0x34, 0x7e, 0x8e, 0x54, 0x42, 0x53, 0x01, 0x5b, 0x1b, 0x55, 0x52,
  0x01, 0x54, 0x55, 0x52, 0x1a, 0xff, 0x01, 0x54, 0x1b, 0x01, 0x54, 0x52,
  0x05, 0x15, 0x1a, 0x3f, 0x7f, 0xfe, 0xff, 0xf4, 0x34, 0x7e, 0xee, 0x0c,
  0x05, 0x52, 0x1a, 0x01, 0x54, 0x1b, 0x01, 0x19, 0x05, 0x53, 0x54, 0x0c,
  0x52, 0xff, 0x01, 0x54, 0x11, 0x0c, 0x01, 0x0e, 0x52, 0x05, 0x56, 0x15,
  0x54, 0x5b, 0x3f, 0x7f, 0xff, 0xff
};

static const uint8_t EN_SCRIPT_114[] = {
  0xf4, 0x34, 0xff, 0xff
};

static const uint8_t EN_SCRIPT_115[] = {
  0xf4, 0x34, 0x7e, 0x47, 0x11, 0x0c, 0x52, 0x0c, 0x01, 0x8b, 0x15, 0x09,
  0x09, 0x1b, 0x18, 0x1b, 0x7c, 0xff, 0x01, 0x45, 0x1b, 0x55, 0x52, 0x01,
  0x54, 0x52, 0x05, 0x15, 0x1a, 0x15, 0x1a, 0x0e, 0x01, 0x15, 0x53, 0xff,
  0x01, 0x0d, 0x15, 0x1a, 0x05, 0x18, 0x18, 0x5b, 0x01, 0x09, 0x1b, 0x19,
  0x1d, 0x18, 0x0c, 0x54, 0x0c, 0x7b, 0xff, 0x01, 0x07, 0x55, 0x54, 0x40,
  0x7f, 0xff, 0xff
};

static const uint8_t EN_SCRIPT_116[] = {
  0xf4, 0x34, 0x7e, 0x8e, 0x01, 0x11, 0x05, 0x56, 0x0c, 0x01, 0x05, 0x01,
  0x18, 0x15, 0x54, 0x54, 0x18, 0x0c, 0xff, 0x01, 0x53, 0x55, 0x52, 0x1d,
  0x52, 0x15, 0x53, 0x0c, 0x40, 0x7f, 0xfe, 0xff, 0xf4, 0x34, 0x7e, 0x45,
  0x1b, 0x55, 0x01, 0x57, 0x15, 0x18, 0x18, 0x01, 0x1a, 0x1b, 0x57, 0xff,
  0x01, 0x0d, 0x15, 0x0e, 0x11, 0x54, 0x01, 0x50, 0x05, 0x1d, 0x1d, 0x05,
  0x01, 0x05, 0x1a, 0x0a, 0xff, 0x01, 0x06, 0x05, 0x0a, 0x15, 0x54, 0x5c,
  0x3f, 0x7f, 0xff, 0xff
};

static const uint8_t EN_SCRIPT_117[] = {
  0xf4, 0x34, 0x7e, 0xed, 0x1b, 0x1b, 0x0a, 0x01, 0x16, 0x1b, 0x07, 0x3f,
  0x01, 0x45, 0x1b, 0x55, 0xff, 0x01, 0x0d, 0x1b, 0x55, 0x0e, 0x11, 0x54,
  0x01, 0x56, 0x0c, 0x52, 0x5b, 0x01, 0x57, 0x0c, 0x18, 0x18, 0xff, 0x01,
  0x8b, 0x15, 0x09, 0x09, 0x1b, 0x18, 0x1b, 0x7c, 0x7f, 0xff, 0xff
};

static const uint8_t EN_SCRIPT_118[] = {
  0xf4, 0x0f, 0x7e, 0x8e, 0x01, 0x0a, 0x15, 0x0a, 0x01, 0x1a, 0x1b, 0x54,
  0x01, 0x54, 0x11, 0x15, 0x1a, 0x17, 0x01, 0x1b, 0x0d, 0xff, 0x01, 0x18,
  0x0c, 0x05, 0x56, 0x15, 0x1a, 0x0e, 0x01, 0x15, 0x1a, 0x01, 0x53, 0x55,
  0x09, 0x11, 0x01, 0x05, 0xff, 0x01, 0x57, 0x05, 0x5b, 0x40, 0x7f, 0xff,
  0xff
};

static const uint8_t EN_SCRIPT_119[] = {
  0xf4, 0x0f, 0x7e, 0xe9, 0x55, 0x52, 0x53, 0x0c, 0x0a, 0x01, 0x15, 0x1a,
  0x53, 0x0c, 0x09, 0x54, 0x53, 0x3f, 0xff, 0x01, 0x50, 0x0c, 0x58, 0x54,
  0x01, 0x54, 0x15, 0x19, 0x0c, 0x01, 0x54, 0x11, 0x0c, 0x52, 0x0c, 0xff,
  0x01, 0x57, 0x15, 0x18, 0x18, 0x01, 0x07, 0x0c, 0x01, 0x1a, 0x1b, 0xff,
  0x01, 0x19, 0x15, 0x52, 0x05, 0x09, 0x18, 0x0c, 0x3f, 0x7d, 0x7f, 0xff,
  0xff
};

static const uint8_t EN_SCRIPT_120[] = {
  0xf4, 0x0f, 0x7e, 0xeb, 0x1a, 0x16, 0x1b, 0x5b, 0x01, 0x54, 0x11, 0x0c,
  0x01, 0x54, 0x15, 0x19, 0x0c, 0xff, 0x01, 0x5b, 0x1b, 0x55, 0x01, 0x11,
  0x05, 0x56, 0x0c, 0x01, 0x18, 0x0c, 0x0d, 0x54, 0xff, 0x01, 0x07, 0x0c,
  0x0d, 0x1b, 0x52, 0x0c, 0x01, 0x19, 0x5b, 0x01, 0x52, 0x0c, 0x54, 0x55,
  0x52, 0x1a, 0x7c, 0x7f, 0xff, 0xff
};

static const uint8_t EN_SCRIPT_121[] = {
  0xf4, 0x34, 0x7e, 0x45, 0x1b, 0x55, 0x01, 0x11, 0x05, 0x56, 0x0c, 0x01,
  0x57, 0x1b, 0x1a, 0x40, 0xff, 0x01, 0x07, 0x55, 0x54, 0x7b, 0x01, 0xef,
  0x0c, 0x0e, 0x0c, 0x54, 0x05, 0x01, 0x15, 0x53, 0x01, 0x57, 0x0c, 0x05,
  0x17, 0xff, 0x01, 0x09, 0x1b, 0x19, 0x1d, 0x05, 0x52, 0x0c, 0x0a, 0x01,
  0x54, 0x1b, 0x01, 0x54, 0x11, 0x0c, 0xff, 0x01, 0x0c, 0x1a, 0x0c, 0x19,
  0x5b, 0x01, 0x5b, 0x1b, 0x55, 0x01, 0x19, 0x55, 0x53, 0x54, 0xff, 0x01,
  0x0d, 0x05, 0x09, 0x0c, 0x7c, 0x7f, 0xff, 0xff
};

static const uint8_t EN_SCRIPT_122[] = {
  0xf4, 0x74, 0x7e, 0x10, 0x11, 0x05, 0x54, 0x01, 0x57, 0x15, 0x18, 0x18,
  0x01, 0x5b, 0x1b, 0x55, 0xff, 0x01, 0x53, 0x0c, 0x18, 0x18, 0x3e, 0x7f,
  0xfd, 0xff, 0xff
};

static const uint8_t EN_SCRIPT_123[] = {
  0xf4, 0x74, 0x7e, 0x10, 0x11, 0x05, 0x54, 0x01, 0x57, 0x15, 0x18, 0x18,
  0x01, 0x5b, 0x1b, 0x55, 0xff, 0x01, 0x53, 0x0c, 0x18, 0x18, 0x3e, 0x7f,
  0xfd, 0xff, 0xff
};

static const uint8_t EN_SCRIPT_124[] = {
  0xf4, 0x74, 0x7e, 0x10, 0x11, 0x05, 0x54, 0x01, 0x57, 0x15, 0x18, 0x18,
  0x01, 0x5b, 0x1b, 0x55, 0xff, 0x01, 0x53, 0x0c, 0x18, 0x18, 0x3e, 0x7f,
  0xfd, 0xff, 0xff
};

static const uint8_t EN_SCRIPT_125[] = {
  0xf4, 0x74, 0x7e, 0x10, 0x11, 0x05, 0x54, 0x01, 0x57, 0x15, 0x18, 0x18,
  0x01, 0x5b, 0x1b, 0x55, 0xff, 0x01, 0x53, 0x0c, 0x18, 0x18, 0x3e, 0x7f,
  0xfd, 0xff, 0xff
};

static const uint8_t EN_SCRIPT_126[] = {
  0xf4, 0x74, 0x7e, 0x10, 0x11, 0x05, 0x54, 0x01, 0x57, 0x15, 0x18, 0x18,
  0x01, 0x5b, 0x1b, 0x55, 0xff, 0x01, 0x53, 0x0c, 0x18, 0x18, 0x3e, 0x7f,
  0xfd, 0xff, 0xff
};

static const uint8_t EN_SCRIPT_127[] = {
  0xf4, 0x74, 0x7e, 0x10, 0x11, 0x05, 0x54, 0x01, 0x57, 0x15, 0x18, 0x18,
  0x01, 0x5b, 0x1b, 0x55, 0xff, 0x01, 0x53, 0x0c, 0x18, 0x18, 0x3e, 0x7f,
  0xfd, 0xff, 0xff
};

static const uint8_t EN_SCRIPT_128[] = {
  0xf4, 0x74, 0x7e, 0x10, 0x11, 0x05, 0x54, 0x01, 0x57, 0x15, 0x18, 0x18,
  0x01, 0x5b, 0x1b, 0x55, 0xff, 0x01, 0x53, 0x0c, 0x18, 0x18, 0x3e, 0x7f,
  0xfd, 0xff, 0xff
};

static const uint8_t EN_SCRIPT_129[] = {
  0xf4, 0x74, 0x7e, 0x10, 0x11, 0x05, 0x54, 0x01, 0x57, 0x15, 0x18, 0x18,
  0x01, 0x5b, 0x1b, 0x55, 0xff, 0x01, 0x53, 0x0c, 0x18, 0x18, 0x3e, 0x7f,
  0xfd, 0xff, 0xff
};

static const uint8_t EN_SCRIPT_130[] = {
  0xf4, 0x0a, 0x7e, 0x8a, 0x0c, 0x18, 0x18, 0x1b, 0x01, 0x8b, 0x15, 0x09,
  0x09, 0x1b, 0x18, 0x1b, 0x3f, 0xff, 0x01, 0x8e, 0x42, 0x19, 0x01, 0x09,
  0x1b, 0x19, 0x15, 0x1a, 0x0e, 0x01, 0x57, 0x15, 0x54, 0x11, 0xff, 0x01,
  0x5b, 0x1b, 0x55, 0x7c, 0x7f, 0xff, 0xff
};

static const uint8_t EN_SCRIPT_131[] = {
  0xf4, 0x0a, 0x7e, 0x8a, 0x0c, 0x18, 0x18, 0x1b, 0x01, 0x8b, 0x15, 0x09,
  0x09, 0x1b, 0x18, 0x1b, 0x3f, 0xff, 0x01, 0x8e, 0x42, 0x19, 0x01, 0x09,
  0x1b, 0x19, 0x15, 0x1a, 0x0e, 0x01, 0x57, 0x15, 0x54, 0x11, 0xff, 0x01,
  0x5b, 0x1b, 0x55, 0x7c, 0x7f, 0xff, 0xff
};

static const uint8_t EN_SCRIPT_132[] = {
  0xf4, 0x0c, 0x7e, 0x8a, 0x15, 0x3f, 0xff, 0x01, 0x8e, 0x42, 0x19, 0x01,
  0x11, 0x0c, 0x52, 0x0c, 0x01, 0x54, 0x1b, 0x01, 0x11, 0x0c, 0x18, 0x1d,
  0xff, 0x01, 0x5b, 0x1b, 0x55, 0x7c, 0x7f, 0xff, 0xff
};

static const uint8_t EN_SCRIPT_133[] = {
  0xf4, 0x0c, 0x7e, 0x8a, 0x15, 0x3f, 0xff, 0x01, 0x8e, 0x42, 0x19, 0x01,
  0x11, 0x0c, 0x52, 0x0c, 0x01, 0x54, 0x1b, 0x01, 0x11, 0x0c, 0x18, 0x1d,
  0xff, 0x01, 0x5b, 0x1b, 0x55, 0x7c, 0x7f, 0xff, 0xff
};

static const uint8_t EN_SCRIPT_134[] = {
  0xf4, 0x0b, 0x7e, 0x8a, 0x0c, 0x5b, 0x01, 0x8b, 0x15, 0x09, 0x09, 0x1b,
  0x18, 0x1b, 0x3f, 0xff, 0x01, 0xe8, 0x1a, 0x0a, 0x01, 0x5b, 0x1b, 0x55,
  0x42, 0x52, 0x0c, 0x01, 0xed, 0x1b, 0x17, 0x55, 0x42, 0x53, 0xff, 0x01,
  0x53, 0x1b, 0x1a, 0x3e, 0x7f, 0xfe, 0xff, 0xf4, 0x0d, 0x7e, 0x10, 0x0c,
  0x42, 0x56, 0x0c, 0x01, 0x09, 0x1b, 0x19, 0x0c, 0x01, 0x54, 0x1b, 0xff,
  0x01, 0x11, 0x0c, 0x18, 0x1d, 0x7c, 0x7f, 0xff, 0xff
};

static const uint8_t EN_SCRIPT_135[] = {
  0xf4, 0x00, 0x7e, 0x8e, 0x01, 0x11, 0x05, 0x56, 0x0c, 0x01, 0x54, 0x1b,
  0x01, 0x05, 0x0a, 0x16, 0x55, 0x53, 0x54, 0xff, 0x01, 0x54, 0x11, 0x0c,
  0x01, 0x0e, 0x52, 0x05, 0x56, 0x15, 0x54, 0x5b, 0xff, 0x01, 0x07, 0x0c,
  0x0d, 0x1b, 0x52, 0x0c, 0x01, 0x8e, 0x01, 0x09, 0x05, 0x1a, 0xff, 0x01,
  0x54, 0x52, 0x05, 0x15, 0x1a, 0x7c, 0x7f, 0xff, 0xff
};

static const uint8_t EN_SCRIPT_136[] = {
  0xf4, 0x00, 0x7e, 0x8e, 0x01, 0x11, 0x05, 0x56, 0x0c, 0x01, 0x54, 0x1b,
  0x01, 0x05, 0x0a, 0x16, 0x55, 0x53, 0x54, 0xff, 0x01, 0x54, 0x11, 0x0c,
  0x01, 0x0e, 0x52, 0x05, 0x56, 0x15, 0x54, 0x5b, 0xff, 0x01, 0x07, 0x0c,
  0x0d, 0x1b, 0x52, 0x0c, 0x01, 0x8e, 0x01, 0x09, 0x05, 0x1a, 0xff, 0x01,
  0x54, 0x52, 0x05, 0x15, 0x1a, 0x7c, 0x7f, 0xff, 0xff
};

static const uint8_t EN_SCRIPT_137[] = {
  0xf4, 0x00, 0x7e, 0x8e, 0x01, 0x11, 0x05, 0x56, 0x0c, 0x01, 0x54, 0x1b,
  0x01, 0x05, 0x0a, 0x16, 0x55, 0x53, 0x54, 0xff, 0x01, 0x54, 0x11, 0x0c,
  0x01, 0x0e, 0x52, 0x05, 0x56, 0x15, 0x54, 0x5b, 0xff, 0x01, 0x07, 0x0c,
  0x0d, 0x1b, 0x52, 0x0c, 0x01, 0x8e, 0x01, 0x09, 0x05, 0x1a, 0xff, 0x01,
  0x54, 0x52, 0x05, 0x15, 0x1a, 0x7c, 0x7f, 0xff, 0xff
};

static const uint8_t EN_SCRIPT_138[] = {
  0xf4, 0x00, 0x7e, 0x8e, 0x01, 0x11, 0x05, 0x56, 0x0c, 0x01, 0x54, 0x1b,
  0x01, 0x05, 0x0a, 0x16, 0x55, 0x53, 0x54, 0xff, 0x01, 0x54, 0x11, 0x0c,
  0x01, 0x0e, 0x52, 0x05, 0x56, 0x15, 0x54, 0x5b, 0xff, 0x01, 0x07, 0x0c,
  0x0d, 0x1b, 0x52, 0x0c, 0x01, 0x8e, 0x01, 0x09, 0x05, 0x1a, 0xff, 0x01,
  0x54, 0x52, 0x05, 0x15, 0x1a, 0x7c, 0x7f, 0xff, 0xff
};

static const uint8_t EN_SCRIPT_139[] = {
  0xf4, 0x00, 0x7e, 0x8e, 0x01, 0x11, 0x05, 0x56, 0x0c, 0x01, 0x54, 0x1b,
  0x01, 0x05, 0x0a, 0x16, 0x55, 0x53, 0x54, 0xff, 0x01, 0x54, 0x11, 0x0c,
  0x01, 0x0e, 0x52, 0x05, 0x56, 0x15, 0x54, 0x5b, 0xff, 0x01, 0x07, 0x0c,
  0x0d, 0x1b, 0x52, 0x0c, 0x01, 0x8e, 0x01, 0x09, 0x05, 0x1a, 0xff, 0x01,
  0x54, 0x52, 0x05, 0x15, 0x1a, 0x7c, 0x7f, 0xff, 0xff
};

static const uint8_t EN_SCRIPT_140[] = {
  0xf4, 0x00, 0x7e, 0x8e, 0x01, 0x11, 0x05, 0x56, 0x0c, 0x01, 0x54, 0x1b,
  0x01, 0x05, 0x0a, 0x16, 0x55, 0x53, 0x54, 0xff, 0x01, 0x54, 0x11, 0x0c,
  0x01, 0x0e, 0x52, 0x05, 0x56, 0x15, 0x54, 0x5b, 0xff, 0x01, 0x07, 0x0c,
  0x0d, 0x1b, 0x52, 0x0c, 0x01, 0x8e, 0x01, 0x09, 0x05, 0x1a, 0xff, 0x01,
  0x54, 0x52, 0x05, 0x15, 0x1a, 0x7c, 0x7f, 0xff, 0xff
};

static const uint8_t EN_SCRIPT_141[] = {
  0xf4, 0x00, 0x7e, 0x8e, 0x01, 0x11, 0x05, 0x56, 0x0c, 0x01, 0x54, 0x1b,
  0x01, 0x05, 0x0a, 0x16, 0x55, 0x53, 0x54, 0xff, 0x01, 0x54, 0x11, 0x0c,
  0x01, 0x0e, 0x52, 0x05, 0x56, 0x15, 0x54, 0x5b, 0xff, 0x01, 0x07, 0x0c,
  0x0d, 0x1b, 0x52, 0x0c, 0x01, 0x8e, 0x01, 0x09, 0x05, 0x1a, 0xff, 0x01,
  0x54, 0x52, 0x05, 0x15, 0x1a, 0x7c, 0x7f, 0xff, 0xff
};

static const uint8_t EN_SCRIPT_142[] = {
  0xf4, 0x00, 0x7e, 0x8e, 0x01, 0x11, 0x05, 0x56, 0x0c, 0x01, 0x54, 0x1b,
  0x01, 0x05, 0x0a, 0x16, 0x55, 0x53, 0x54, 0xff, 0x01, 0x54, 0x11, 0x0c,
  0x01, 0x0e, 0x52, 0x05, 0x56, 0x15, 0x54, 0x5b, 0xff, 0x01, 0x07, 0x0c,
  0x0d, 0x1b, 0x52, 0x0c, 0x01, 0x8e, 0x01, 0x09, 0x05, 0x1a, 0xff, 0x01,
  0x54, 0x52, 0x05, 0x15, 0x1a, 0x7c, 0x7f, 0xff, 0xff
};

static const uint8_t EN_SCRIPT_143[] = {
  0xf4, 0x00, 0x7e, 0x8e, 0x01, 0x11, 0x05, 0x56, 0x0c, 0x01, 0x54, 0x1b,
  0x01, 0x05, 0x0a, 0x16, 0x55, 0x53, 0x54, 0xff, 0x01, 0x54, 0x11, 0x0c,
  0x01, 0x0e, 0x52, 0x05, 0x56, 0x15, 0x54, 0x5b, 0xff, 0x01, 0x07, 0x0c,
  0x0d, 0x1b, 0x52, 0x0c, 0x01, 0x8e, 0x01, 0x09, 0x05, 0x1a, 0xff, 0x01,
  0x54, 0x52, 0x05, 0x15, 0x1a, 0x7c, 0x7f, 0xff, 0xff
};

static const uint8_t EN_SCRIPT_144[] = {
  0xf4, 0x00, 0x7e, 0x8e, 0x01, 0x11, 0x05, 0x56, 0x0c, 0x01, 0x54, 0x1b,
  0x01, 0x05, 0x0a, 0x16, 0x55, 0x53, 0x54, 0xff, 0x01, 0x54, 0x11, 0x0c,
  0x01, 0x0e, 0x52, 0x05, 0x56, 0x15, 0x54, 0x5b, 0xff, 0x01, 0x07, 0x0c,
  0x0d, 0x1b, 0x52, 0x0c, 0x01, 0x8e, 0x01, 0x09, 0x05, 0x1a, 0xff, 0x01,
  0x54, 0x52, 0x05, 0x15, 0x1a, 0x7c, 0x7f, 0xff, 0xff
};

static const uint8_t EN_SCRIPT_145[] = {
  0xf4, 0x00, 0x7e, 0x8e, 0x01, 0x11, 0x05, 0x56, 0x0c, 0x01, 0x54, 0x1b,
  0x01, 0x05, 0x0a, 0x16, 0x55, 0x53, 0x54, 0xff, 0x01, 0x54, 0x11, 0x0c,
  0x01, 0x0e, 0x52, 0x05, 0x56, 0x15, 0x54, 0x5b, 0xff, 0x01, 0x07, 0x0c,
  0x0d, 0x1b, 0x52, 0x0c, 0x01, 0x8e, 0x01, 0x09, 0x05, 0x1a, 0xff, 0x01,
  0x54, 0x52, 0x05, 0x15, 0x1a, 0x7c, 0x7f, 0xff, 0xff
};

static const uint8_t EN_SCRIPT_146[] = {
  0xf4, 0x00, 0x7e, 0x8e, 0x01, 0x11, 0x05, 0x56, 0x0c, 0x01, 0x54, 0x1b,
  0x01, 0x05, 0x0a, 0x16, 0x55, 0x53, 0x54, 0xff, 0x01, 0x54, 0x11, 0x0c,
  0x01, 0x0e, 0x52, 0x05, 0x56, 0x15, 0x54, 0x5b, 0xff, 0x01, 0x07, 0x0c,
  0x0d, 0x1b, 0x52, 0x0c, 0x01, 0x8e, 0x01, 0x09, 0x05, 0x1a, 0xff, 0x01,
  0x54, 0x52, 0x05, 0x15, 0x1a, 0x7c, 0x7f, 0xff, 0xff
};

static const uint8_t EN_SCRIPT_147[] = {
  0xf4, 0x18, 0x7e, 0x8e, 0x01, 0x0a, 0x1b, 0x1a, 0x42, 0x54, 0x01, 0x17,
  0x1a, 0x1b, 0x57, 0x01, 0x57, 0x11, 0x1b, 0xff, 0x01, 0x5b, 0x1b, 0x55,
  0x01, 0x05, 0x52, 0x0c, 0x7b, 0x01, 0x07, 0x55, 0x54, 0x01, 0x8e, 0x42,
  0x18, 0x18, 0xff, 0x01, 0x07, 0x0c, 0x01, 0x11, 0x05, 0x1d, 0x1d, 0x5b,
  0x01, 0x54, 0x1b, 0x01, 0x17, 0x15, 0x18, 0x18, 0xff, 0x01, 0x5b, 0x1b,
  0x55, 0x3f, 0x7f, 0xff, 0xff
};

static const uint8_t EN_SCRIPT_148[] = {
  0xf4, 0x18, 0x7e, 0x8e, 0x01, 0x0a, 0x1b, 0x1a, 0x42, 0x54, 0x01, 0x17,
  0x1a, 0x1b, 0x57, 0x01, 0x57, 0x11, 0x1b, 0xff, 0x01, 0x5b, 0x1b, 0x55,
  0x01, 0x05, 0x52, 0x0c, 0x7b, 0x01, 0x07, 0x55, 0x54, 0x01, 0x8e, 0x42,
  0x18, 0x18, 0xff, 0x01, 0x07, 0x0c, 0x01, 0x11, 0x05, 0x1d, 0x1d, 0x5b,
  0x01, 0x54, 0x1b, 0x01, 0x17, 0x15, 0x18, 0x18, 0xff, 0x01, 0x5b, 0x1b,
  0x55, 0x3f, 0x7f, 0xff, 0xff
};

static const uint8_t EN_SCRIPT_149[] = {
  0xf4, 0x09, 0x7e, 0x14, 0x1b, 0x19, 0x0c, 0x1b, 0x1a, 0x0c, 0x42, 0x53,
  0x01, 0x11, 0x0c, 0x52, 0x0c, 0x3f, 0x7f, 0xfe, 0xff, 0xf4, 0x54, 0x7e,
  0xea, 0x1b, 0x1a, 0x42, 0x54, 0x01, 0x11, 0x55, 0x52, 0x54, 0x01, 0x19,
  0x0c, 0x7b, 0xff, 0x01, 0x1d, 0x18, 0x0c, 0x05, 0x53, 0x0c, 0x3f, 0x7f,
  0xfe, 0xff, 0xf4, 0x09, 0x7e, 0xed, 0x0c, 0x54, 0x01, 0x1b, 0x55, 0x54,
  0x7c, 0x7f, 0xff, 0xff
};

static const uint8_t EN_SCRIPT_150[] = {
  0xf4, 0x09, 0x7e, 0x14, 0x1b, 0x19, 0x0c, 0x1b, 0x1a, 0x0c, 0x42, 0x53,
  0x01, 0x11, 0x0c, 0x52, 0x0c, 0x3f, 0x7f, 0xfe, 0xff, 0xf4, 0x54, 0x7e,
  0xea, 0x1b, 0x1a, 0x42, 0x54, 0x01, 0x11, 0x55, 0x52, 0x54, 0x01, 0x19,
  0x0c, 0x7b, 0xff, 0x01, 0x1d, 0x18, 0x0c, 0x05, 0x53, 0x0c, 0x3f, 0x7f,
  0xfe, 0xff, 0xf4, 0x09, 0x7e, 0xed, 0x0c, 0x54, 0x01, 0x1b, 0x55, 0x54,
  0x7c, 0x7f, 0xff, 0xff
};

static const uint8_t EN_SCRIPT_151[] = {
  0xf4, 0x09, 0x7e, 0x10, 0x11, 0x05, 0x54, 0x42, 0x53, 0x01, 0x5b, 0x1b,
  0x55, 0x52, 0x01, 0x1a, 0x05, 0x19, 0x0c, 0x3e, 0x7f, 0xfe, 0xff, 0xf4,
  0x54, 0x7e, 0xeb, 0x19, 0x15, 0x40, 0x7f, 0xfe, 0xff, 0xf4, 0x09, 0x7e,
  0x10, 0x11, 0x05, 0x54, 0x01, 0x57, 0x0c, 0x52, 0x0c, 0x01, 0x5b, 0x1b,
  0x55, 0x01, 0x0a, 0x1b, 0x15, 0x1a, 0x0e, 0xff, 0x01, 0x15, 0x1a, 0x01,
  0x54, 0x11, 0x0c, 0x52, 0x0c, 0x3e, 0x7f, 0xff, 0xff, 0xff
};

static const uint8_t EN_SCRIPT_152[] = {
  0xf4, 0x54, 0x7e, 0x0f, 0x5b, 0x01, 0x56, 0x15, 0x18, 0x18, 0x05, 0x0e,
  0x0c, 0x01, 0x15, 0x53, 0xff, 0x01, 0x07, 0x0c, 0x15, 0x1a, 0x0e, 0x01,
  0x05, 0x54, 0x54, 0x05, 0x09, 0x17, 0x0c, 0x0a, 0x3f, 0xff, 0x01, 0x8e,
  0x01, 0x11, 0x15, 0x0a, 0x01, 0x15, 0x1a, 0x01, 0x11, 0x0c, 0x52, 0x0c,
  0x7c, 0xff, 0x01, 0x8b, 0x18, 0x0c, 0x05, 0x53, 0x0c, 0x01, 0x11, 0x0c,
  0x18, 0x1d, 0x01, 0x54, 0x11, 0x0c, 0x19, 0x3f, 0x7f, 0xfe, 0xff, 0xf4,
  0x09, 0x7e, 0x10, 0x11, 0x0c, 0x52, 0x0c, 0x01, 0x05, 0x52, 0x0c, 0x01,
  0x54, 0x11, 0x0c, 0x5b, 0x3e, 0x7f, 0xff, 0xff, 0xff
};

static const uint8_t EN_SCRIPT_153[] = {
  0xf4, 0x54, 0x7e, 0x04, 0x55, 0x53, 0x54, 0x01, 0x1a, 0x1b, 0x52, 0x54,
  0x11, 0x01, 0x1b, 0x0d, 0xff, 0x01, 0x11, 0x0c, 0x52, 0x0c, 0x7c, 0x7f,
  0xff, 0xff
};

static const uint8_t EN_SCRIPT_154[] = {
  0xf4, 0x23, 0x7e, 0x10, 0x11, 0x05, 0x54, 0x01, 0x0a, 0x1b, 0x01, 0x5b,
  0x1b, 0x55, 0x01, 0x57, 0x05, 0x1a, 0x54, 0x3e, 0x7f, 0xfe, 0xff, 0xf4,
  0x09, 0x7e, 0x8e, 0x40, 0x01, 0x8e, 0x01, 0x1a, 0x0c, 0x0c, 0x0a, 0xff,
  0x01, 0x5b, 0x1b, 0x55, 0x52, 0x01, 0xea, 0x52, 0x05, 0x0e, 0x1b, 0x1a,
  0x01, 0x8c, 0x05, 0x18, 0x18, 0x3f, 0x7f, 0xfe, 0xff, 0xf4, 0x24, 0x7e,
  0x50, 0x1b, 0x01, 0x57, 0x05, 0x5b, 0x3f, 0x7f, 0xff, 0xff
};

static const uint8_t EN_SCRIPT_155[] = {
  0xf4, 0x23, 0x7e, 0x45, 0x1b, 0x55, 0x42, 0x52, 0x0c, 0x01, 0x05, 0x18,
  0x18, 0x15, 0x0c, 0x53, 0x01, 0x1b, 0x0d, 0xff, 0x01, 0x54, 0x11, 0x05,
  0x54, 0x01, 0x19, 0x1b, 0x1a, 0x53, 0x54, 0x0c, 0x52, 0x01, 0x57, 0x11,
  0x1b, 0x42, 0x53, 0xff, 0x01, 0x0a, 0x0c, 0x53, 0x54, 0x52, 0x1b, 0x5b,
  0x15, 0x1a, 0x0e, 0x01, 0x1b, 0x55, 0x52, 0xff, 0x01, 0x1d, 0x0c, 0x1b,
  0x1d, 0x18, 0x0c, 0x3f, 0xff, 0x01, 0x8b, 0x52, 0x0c, 0x1d, 0x05, 0x52,
  0x0c, 0x01, 0x54, 0x1b, 0x01, 0x0d, 0x15, 0x0e, 0x11, 0x54, 0x3f, 0x7f,
  0xff, 0xff
};

static const uint8_t EN_SCRIPT_156[] = {
  0xf4, 0x23, 0xff, 0xff
};

static const uint8_t EN_SCRIPT_157[] = {
  0xf4, 0x61, 0xff, 0xff
};

static const uint8_t EN_SCRIPT_158[] = {
  0xf4, 0x23, 0x7e, 0xe8, 0x52, 0x0c, 0x01, 0x5b, 0x1b, 0x55, 0x01, 0x1b,
  0x17, 0x3e, 0x7f, 0xfe, 0xff, 0xf4, 0x61, 0x7e, 0x8e, 0x42, 0x19, 0x01,
  0x0d, 0x15, 0x1a, 0x0c, 0x7c, 0x7f, 0xff, 0xff
};

static const uint8_t EN_SCRIPT_159[] = {
  0xf4, 0x24, 0x7e, 0x10, 0x05, 0x53, 0x01, 0x15, 0x54, 0x01, 0x5b, 0x1b,
  0x55, 0x01, 0x57, 0x11, 0x1b, 0xff, 0x01, 0x53, 0x05, 0x56, 0x0c, 0x0a,
  0x01, 0x55, 0x53, 0x3e, 0x7f, 0xfe, 0xff, 0xf4, 0x09, 0x7e, 0x45, 0x0c,
  0x53, 0x01, 0x05, 0x1a, 0x0a, 0x01, 0x57, 0x0c, 0x01, 0x1a, 0x0c, 0x0c,
  0x0a, 0xff, 0x01, 0x5b, 0x1b, 0x55, 0x52, 0x01, 0xea, 0x52, 0x05, 0x0e,
  0x1b, 0x1a, 0x01, 0x8c, 0x05, 0x18, 0x18, 0x7c, 0x7f, 0xfe, 0xff, 0xf4,
  0x24, 0x7e, 0x47, 0x11, 0x05, 0x1a, 0x17, 0x53, 0x01, 0x54, 0x1b, 0x01,
  0x5b, 0x1b, 0x55, 0x7b, 0xff, 0x01, 0x15, 0x54, 0x01, 0x15, 0x53, 0x01,
  0x53, 0x05, 0x0d, 0x0c, 0x7c, 0xff, 0x01, 0x5a, 0x1a, 0x0c, 0x01, 0x19,
  0x1b, 0x19, 0x0c, 0x1a, 0x54, 0x7b, 0xff, 0x01, 0x1d, 0x18, 0x0c, 0x05,
  0x53, 0x0c, 0x7c, 0x7f, 0xff, 0xff
};

static const uint8_t EN_SCRIPT_160[] = {
  0xf4, 0x24, 0x7e, 0x10, 0x0c, 0x01, 0x54, 0x05, 0x18, 0x17, 0x0c, 0x0a,
  0x40, 0xff, 0x01, 0x05, 0x1a, 0x0a, 0x01, 0x15, 0x54, 0x42, 0x53, 0x01,
  0x1b, 0x17, 0x7c, 0x7f, 0xfe, 0xff, 0xf4, 0x09, 0x7e, 0x47, 0x11, 0x05,
  0x1a, 0x17, 0x01, 0x5b, 0x1b, 0x55, 0x40, 0x7f, 0xfe, 0xff, 0xf4, 0x24,
  0x7e, 0x8c, 0x55, 0x54, 0x7b, 0x01, 0x57, 0x0c, 0x42, 0x56, 0x0c, 0xff,
  0x01, 0x0a, 0x0c, 0x09, 0x15, 0x0a, 0x0c, 0x0a, 0x01, 0x54, 0x1b, 0x01,
  0x09, 0x1b, 0x19, 0x0c, 0xff, 0x01, 0x57, 0x15, 0x54, 0x11, 0x01, 0x5b,
  0x1b, 0x55, 0x7c, 0x7f, 0xff, 0xff
};

static const uint8_t EN_SCRIPT_161[] = {
  0xf4, 0x35, 0x7e, 0x47, 0x0c, 0x18, 0x18, 0x01, 0x19, 0x0c, 0x01, 0x57,
  0x11, 0x0c, 0x52, 0x0c, 0xff, 0x01, 0x54, 0x11, 0x0c, 0x01, 0xea, 0x52,
  0x05, 0x0e, 0x1b, 0x1a, 0x01, 0x8c, 0x05, 0x18, 0x18, 0x01, 0x15, 0x53,
  0x7b, 0xff, 0x01, 0x1b, 0x52, 0x01, 0x5b, 0x1b, 0x55, 0x01, 0x57, 0x15,
  0x18, 0x18, 0x01, 0x0a, 0x15, 0x0c, 0x3f, 0x7f, 0xff, 0xff
};

static const uint8_t EN_SCRIPT_162[] = {
  0xf4, 0x91, 0x7e, 0x8e, 0x40, 0x01, 0x11, 0x05, 0x56, 0x0c, 0x01, 0x1a,
  0x1b, 0x54, 0x11, 0x15, 0x1a, 0x0e, 0xff, 0x01, 0x54, 0x1b, 0x01, 0x53,
  0x05, 0x5b, 0x40, 0x7d, 0x7f, 0xfe, 0xff, 0xf4, 0x35, 0x7e, 0x8b, 0x0d,
  0x0d, 0x40, 0xff, 0x01, 0x57, 0x0c, 0x42, 0x18, 0x18, 0x01, 0x53, 0x0c,
  0x0c, 0x01, 0x05, 0x07, 0x1b, 0x55, 0x54, 0xff, 0x01, 0x54, 0x11, 0x05,
  0x54, 0x7c, 0x7f, 0xff, 0xff
};

static const uint8_t EN_SCRIPT_163[] = {
  0xf4, 0x35, 0x7e, 0xea, 0x1b, 0x0a, 0x1b, 0x52, 0x15, 0x05, 0x7b, 0x01,
  0x54, 0x05, 0x17, 0x0c, 0x01, 0x09, 0x05, 0x52, 0x0c, 0xff, 0x01, 0x1b,
  0x0d, 0x01, 0x54, 0x11, 0x0c, 0x53, 0x0c, 0x01, 0x50, 0x05, 0x19, 0x0c,
  0x17, 0xff, 0x01, 0x57, 0x05, 0x52, 0x52, 0x15, 0x1b, 0x52, 0x53, 0x7c,
  0x7f, 0xfe, 0xff, 0xf4, 0x1b, 0x7e, 0x45, 0x0c, 0x53, 0x7b, 0x01, 0x19,
  0x05, 0x53, 0x54, 0x0c, 0x52, 0x7c, 0x7f, 0xff, 0xff
};

static const uint8_t EN_SCRIPT_164[] = {
  0xf4, 0x35, 0x7e, 0x47, 0x11, 0x0c, 0x53, 0x0c, 0x01, 0x1d, 0x0c, 0x1b,
  0x1d, 0x18, 0x0c, 0xff, 0x01, 0x05, 0x52, 0x0c, 0x01, 0x57, 0x0c, 0x05,
  0x17, 0x3f, 0x7f, 0xfe, 0xff, 0xf4, 0x91, 0x7e, 0x45, 0x1b, 0x55, 0x01,
  0x19, 0x1b, 0x1a, 0x53, 0x54, 0x0c, 0x52, 0x3f, 0xfe, 0xff, 0xf4, 0x35,
  0x7e, 0x8c, 0x52, 0x15, 0x1a, 0x0e, 0x01, 0x19, 0x0c, 0x01, 0x54, 0x11,
  0x0c, 0xff, 0x01, 0xea, 0x52, 0x05, 0x0e, 0x1b, 0x1a, 0x01, 0x8c, 0x05,
  0x18, 0x18, 0x01, 0x1b, 0x52, 0x01, 0x8e, 0xff, 0x01, 0x57, 0x15, 0x18,
  0x18, 0x01, 0x17, 0x15, 0x18, 0x18, 0x01, 0x54, 0x11, 0x0c, 0xff, 0x01,
  0x09, 0x11, 0x15, 0x18, 0x0a, 0x52, 0x0c, 0x1a, 0x7c, 0x7f, 0xff, 0xff
};

static const uint8_t EN_SCRIPT_165[] = {
  0xf4, 0x91, 0x7e, 0x5a, 0x17, 0x05, 0x5b, 0x7b, 0x01, 0x1b, 0x17, 0x05,
  0x5b, 0x40, 0xff, 0x01, 0x04, 0x55, 0x53, 0x54, 0x01, 0x0a, 0x1b, 0x1a,
  0x42, 0x54, 0x01, 0x11, 0x55, 0x52, 0x54, 0xff, 0x01, 0x54, 0x11, 0x0c,
  0x01, 0x17, 0x15, 0x0a, 0x53, 0x7c, 0x7f, 0xfe, 0xff, 0xf4, 0x35, 0x7e,
  0x5a, 0x0d, 0x01, 0x09, 0x1b, 0x55, 0x52, 0x53, 0x0c, 0x7c, 0x7f, 0xfe,
  0xff, 0xf4, 0x91, 0x7e, 0x10, 0x05, 0x15, 0x54, 0x40, 0x7f, 0xff, 0xff
};

static const uint8_t EN_SCRIPT_166[] = {
  0xf4, 0x35, 0x7e, 0xe9, 0x1b, 0x19, 0x0c, 0x01, 0x1b, 0x1a, 0x7b, 0xff,
  0x01, 0x11, 0x55, 0x52, 0x52, 0x5b, 0x01, 0x55, 0x1d, 0x3f, 0x7f, 0xfe,
  0xff, 0xf4, 0x91, 0x7e, 0x8a, 0x0c, 0x52, 0x0c, 0x7c, 0x01, 0x50, 0x1b,
  0x57, 0x01, 0x0e, 0x1b, 0x7c, 0x7f, 0xfe, 0xff, 0xf4, 0x35, 0x7e, 0x8a,
  0x05, 0x01, 0x11, 0x05, 0x3f, 0xff, 0x01, 0x50, 0x1b, 0x57, 0x01, 0x0a,
  0x15, 0x0c, 0x3f, 0x7f, 0xff, 0xff
};

static const uint8_t EN_SCRIPT_167[] = {
  0xf4, 0x91, 0x7e, 0xe8, 0x05, 0x52, 0x0e, 0x11, 0x3f, 0x7f, 0xfe, 0xff,
  0xf4, 0x1b, 0x7e, 0x14, 0x11, 0x1b, 0x55, 0x18, 0x0a, 0x01, 0x8e, 0x01,
  0x17, 0x15, 0x18, 0x18, 0x01, 0x54, 0x11, 0x0c, 0xff, 0x01, 0x09, 0x11,
  0x15, 0x18, 0x0a, 0x52, 0x0c, 0x1a, 0x3e, 0x7f, 0xfe, 0xff, 0xf4, 0x35,
  0x7e, 0x5a, 0x0d, 0x01, 0x09, 0x1b, 0x55, 0x52, 0x53, 0x0c, 0x7c, 0x7f,
  0xfe, 0xff, 0xf4, 0x1b, 0x7e, 0x8e, 0x42, 0x18, 0x18, 0x01, 0x53, 0x54,
  0x05, 0x52, 0x54, 0x01, 0x57, 0x15, 0x54, 0x11, 0xff, 0x01, 0x11, 0x15,
  0x19, 0x7c, 0x7f, 0xff, 0xff
};

static const uint8_t EN_SCRIPT_168[] = {
  0xf4, 0x1b, 0x7e, 0x10, 0x11, 0x05, 0x54, 0x01, 0x54, 0x11, 0x0c, 0x3f,
  0x3e, 0x7f, 0xfe, 0xff, 0xf4, 0x35, 0x7e, 0xe9, 0x05, 0x54, 0x09, 0x11,
  0x01, 0x54, 0x11, 0x0c, 0x19, 0x7b, 0xff, 0x01, 0x51, 0x55, 0x15, 0x09,
  0x17, 0x3f, 0x7f, 0xfe, 0xff, 0xf4, 0x1b, 0x7e, 0xe8, 0x53, 0x01, 0x5b,
  0x1b, 0x55, 0x01, 0x09, 0x1b, 0x19, 0x19, 0x05, 0x1a, 0x0a, 0x3f, 0x7f,
  0xff, 0xff
};

static const uint8_t EN_SCRIPT_169[] = {
  0xf4, 0x09, 0xff, 0xff
};

static const uint8_t EN_SCRIPT_170[] = {
  0xf4, 0x09, 0xff, 0xff
};

static const uint8_t EN_SCRIPT_171[] = {
  0xf4, 0x92, 0xff, 0xff
};

static const uint8_t EN_SCRIPT_172[] = {
  0xf4, 0x92, 0xff, 0xff
};

static const uint8_t EN_SCRIPT_173[] = {
  0xf4, 0x35, 0xff, 0xff
};

static const uint8_t EN_SCRIPT_174[] = {
  0xf4, 0x0c, 0x7e, 0x8c, 0x55, 0x18, 0x19, 0x05, 0x05, 0x05, 0x05, 0x3e,
  0x7f, 0xff, 0xff
};

static const uint8_t EN_SCRIPT_175[] = {
  0xf4, 0x09, 0x7e, 0x8a, 0x0c, 0x5b, 0x01, 0x54, 0x11, 0x0c, 0x52, 0x0c,
  0x3f, 0xff, 0x01, 0x47, 0x11, 0x15, 0x53, 0x01, 0x15, 0x53, 0x01, 0x0f,
  0x52, 0x53, 0x7c, 0x8c, 0x55, 0x18, 0x19, 0x05, 0x3f, 0x7f, 0xfe, 0xff,
  0xf4, 0x6b, 0x7e, 0x8b, 0x11, 0x0c, 0x57, 0x3f, 0xff, 0x01, 0x8e, 0x01,
  0x11, 0x05, 0x0a, 0x01, 0x05, 0x01, 0x07, 0x05, 0x0a, 0xff, 0x01, 0x0d,
  0x0c, 0x0c, 0x18, 0x15, 0x1a, 0x0e, 0x7c, 0x7f, 0xff, 0xff
};

static const uint8_t EN_SCRIPT_176[] = {
  0xf4, 0x6c, 0x7e, 0x8e, 0x01, 0x54, 0x11, 0x15, 0x1a, 0x17, 0x01, 0xed,
  0x1b, 0x11, 0x05, 0x1a, 0x01, 0x15, 0x53, 0xff, 0x01, 0x07, 0x0c, 0x15,
  0x1a, 0x0e, 0x01, 0x11, 0x0c, 0x18, 0x0a, 0x01, 0x11, 0x1b, 0x53, 0x54,
  0x05, 0x0e, 0x0c, 0xff, 0x01, 0x15, 0x1a, 0x01, 0x05, 0x01, 0x09, 0x05,
  0x53, 0x1d, 0x55, 0x18, 0x0c, 0x7c, 0xff, 0x01, 0xed, 0x1b, 0x1b, 0x0a,
  0x01, 0x18, 0x55, 0x09, 0x17, 0x3f, 0x7f, 0xff, 0xff
};

static const uint8_t EN_SCRIPT_177[] = {
  0xf4, 0x0f, 0x7e, 0x8e, 0x54, 0x42, 0x53, 0x01, 0x07, 0x0c, 0x0c, 0x1a,
  0x01, 0x05, 0x01, 0x18, 0x1b, 0x1a, 0x0e, 0xff, 0x01, 0x54, 0x15, 0x19,
  0x0c, 0x7b, 0x01, 0x13, 0x05, 0x52, 0x07, 0x1b, 0x1a, 0x7c, 0x7f, 0xfe,
  0xff, 0xf4, 0x1e, 0x7e, 0xef, 0x0c, 0x0e, 0x0c, 0x54, 0x05, 0x3f, 0xff,
  0x01, 0xea, 0x15, 0x52, 0x54, 0x5b, 0x01, 0x54, 0x52, 0x05, 0x15, 0x54,
  0x1b, 0x52, 0x3f, 0x7f, 0xfe, 0xff, 0xf4, 0x0f, 0x7e, 0xea, 0x1b, 0x0a,
  0x1b, 0x52, 0x15, 0x05, 0x01, 0x15, 0x53, 0x01, 0x0a, 0x0c, 0x05, 0x0a,
  0x7c, 0xff, 0x01, 0xe8, 0x52, 0x0c, 0x01, 0x5b, 0x1b, 0x55, 0x01, 0x53,
  0x55, 0x52, 0x1d, 0x52, 0x15, 0x53, 0x0c, 0x0a, 0x3e, 0x7f, 0xff, 0xff
};

static const uint8_t EN_SCRIPT_178[] = {
  0xf4, 0x1e, 0x7e, 0x10, 0x40, 0x01, 0x57, 0x11, 0x05, 0x54, 0x3e, 0xff,
  0x01, 0x45, 0x1b, 0x55, 0x01, 0x18, 0x15, 0x0c, 0x3f, 0x7f, 0xfe, 0xff,
  0xf4, 0x0f, 0x7e, 0x50, 0x1b, 0x7c, 0x01, 0x8e, 0x01, 0x57, 0x15, 0x18,
  0x18, 0x01, 0x53, 0x11, 0x1b, 0x57, 0xff, 0x01, 0x5b, 0x1b, 0x55, 0x01,
  0x19, 0x5b, 0x01, 0x1a, 0x0c, 0x57, 0x01, 0x1d, 0x1b, 0x57, 0x0c, 0x52,
  0x7c, 0x7f, 0xfe, 0xff, 0xf4, 0x1e, 0x7e, 0x45, 0x1b, 0x55, 0x42, 0x52,
  0x0c, 0x01, 0x07, 0x18, 0x55, 0x0d, 0x0d, 0x15, 0x1a, 0x0e, 0x3f, 0x7f,
  0xff, 0xff
};

static const uint8_t EN_SCRIPT_179[] = {
  0xf4, 0x09, 0x7e, 0x10, 0x11, 0x05, 0x54, 0x42, 0x53, 0x01, 0x5b, 0x1b,
  0x55, 0x52, 0x01, 0x1a, 0x05, 0x19, 0x0c, 0x3e, 0xff, 0xf4, 0x61, 0x7e,
  0xea, 0x0c, 0x1a, 0x0a, 0x0c, 0x7c, 0xff, 0x01, 0x10, 0x11, 0x1b, 0x01,
  0x05, 0x52, 0x0c, 0x01, 0x5b, 0x1b, 0x55, 0x3e, 0x7f, 0xff, 0xff
};

static const uint8_t EN_SCRIPT_180[] = {
  0xf4, 0x09, 0x7e, 0x8e, 0x42, 0x19, 0x01, 0xed, 0x1b, 0x11, 0x05, 0x1a,
  0x7c, 0xff, 0x01, 0x10, 0x0c, 0x42, 0x52, 0x0c, 0x01, 0x18, 0x1b, 0x1b,
  0x17, 0x15, 0x1a, 0x0e, 0x01, 0x0d, 0x1b, 0x52, 0xff, 0x01, 0x54, 0x11,
  0x0c, 0x01, 0xea, 0x52, 0x05, 0x0e, 0x1b, 0x1a, 0x01, 0x8c, 0x05, 0x18,
  0x18, 0xff, 0x01, 0x54, 0x1b, 0x01, 0x52, 0x0c, 0x56, 0x15, 0x56, 0x0c,
  0x01, 0x1b, 0x55, 0x52, 0xff, 0x01, 0x0d, 0x52, 0x15, 0x0c, 0x1a, 0x0a,
  0x53, 0x7c, 0x7f, 0xfe, 0xff, 0xf4, 0x61, 0x7e, 0xee, 0x15, 0x53, 0x54,
  0x0c, 0x1a, 0x7b, 0x01, 0x8e, 0x42, 0x18, 0x18, 0xff, 0x01, 0x54, 0x05,
  0x17, 0x0c, 0x01, 0x5b, 0x1b, 0x55, 0x01, 0x54, 0x1b, 0x01, 0x1b, 0x55,
  0x52, 0xff, 0x01, 0xec, 0x05, 0x54, 0x11, 0x0c, 0x52, 0x7c, 0x7f, 0xff,
  0xff
};

static const uint8_t EN_SCRIPT_181[] = {
  0xf4, 0x6b, 0x7e, 0x8a, 0x55, 0x52, 0x52, 0x5b, 0x7b, 0x01, 0x8e, 0x42,
  0x19, 0xff, 0x01, 0x53, 0x09, 0x05, 0x52, 0x0c, 0x0a, 0x7c, 0x7f, 0xfe,
  0xff, 0xf4, 0x09, 0x7e, 0x10, 0x0c, 0x42, 0x18, 0x18, 0x01, 0x07, 0x0c,
  0x01, 0x07, 0x05, 0x09, 0x17, 0xff, 0x01, 0x53, 0x1b, 0x1b, 0x1a, 0x7b,
  0x01, 0x8c, 0x55, 0x18, 0x19, 0x05, 0x7c, 0x7f, 0xfe, 0xff, 0xf4, 0x61,
  0x7e, 0x45, 0x0c, 0x53, 0x7c, 0x7f, 0xff, 0xff
};

static const uint8_t EN_SCRIPT_182[] = {
  0xf4, 0x23, 0x7e, 0x5a, 0x55, 0x52, 0x01, 0x1d, 0x05, 0x54, 0x11, 0x53,
  0x01, 0x19, 0x55, 0x53, 0x54, 0xff, 0x01, 0x53, 0x0c, 0x1d, 0x05, 0x52,
  0x05, 0x54, 0x0c, 0x7c, 0x7f, 0xfe, 0xff, 0xf4, 0x23, 0x7e, 0xed, 0x1b,
  0x1b, 0x0a, 0x01, 0x18, 0x55, 0x09, 0x17, 0x01, 0x15, 0x1a, 0xff, 0x01,
  0x54, 0x11, 0x0c, 0x01, 0x0d, 0x55, 0x54, 0x55, 0x52, 0x0c, 0x7c, 0x7f,
  0xff, 0xff
};

static const uint8_t EN_SCRIPT_183[] = {
  0xf4, 0x0f, 0x7e, 0x45, 0x1b, 0x55, 0x01, 0x0d, 0x1b, 0x55, 0x1a, 0x0a,
  0x01, 0x85, 0x01, 0x1b, 0x0d, 0x01, 0x54, 0x11, 0x0c, 0xff, 0x01, 0xea,
  0x52, 0x05, 0x0e, 0x1b, 0x1a, 0x07, 0x05, 0x18, 0x18, 0x53, 0x40, 0x7f,
  0xfe, 0xff, 0xf4, 0x0f, 0x7e, 0x8e, 0x42, 0x18, 0x18, 0x01, 0x11, 0x0c,
  0x18, 0x1d, 0x01, 0x5b, 0x1b, 0x55, 0xff, 0x01, 0x0d, 0x15, 0x1a, 0x0a,
  0x01, 0x54, 0x11, 0x0c, 0x01, 0x1b, 0x54, 0x11, 0x0c, 0x52, 0x53, 0x7b,
  0x01, 0x07, 0x55, 0x54, 0x40, 0x7f, 0xff, 0xff
};

static const uint8_t EN_SCRIPT_184[] = {
  0xf4, 0x09, 0x7e, 0x10, 0x0c, 0x42, 0x52, 0x0c, 0x01, 0x05, 0x18, 0x19,
  0x1b, 0x53, 0x54, 0x01, 0x0a, 0x1b, 0x1a, 0x0c, 0x7c, 0x7f, 0xfe, 0xff,
  0xf4, 0x0f, 0x7e, 0x14, 0x11, 0x0c, 0x42, 0x53, 0x01, 0x1b, 0x1a, 0x01,
  0x50, 0x05, 0x19, 0x0c, 0x17, 0x01, 0x54, 0x1b, 0x1b, 0x3f, 0x3e, 0x7f,
  0xfe, 0xff, 0xf4, 0x6b, 0x7e, 0x10, 0x11, 0x05, 0x54, 0x3e, 0x01, 0xef,
  0x0c, 0x0e, 0x0c, 0x54, 0x05, 0x3f, 0x7f, 0xff, 0xff
};

static const uint8_t EN_SCRIPT_185[] = {
  0xf4, 0x09, 0x7e, 0x5a, 0x11, 0x01, 0x1a, 0x1b, 0x3f, 0x7f, 0xfe, 0xff,
  0xf4, 0x31, 0x7e, 0x8a, 0x05, 0x01, 0x11, 0x05, 0x01, 0x11, 0x05, 0x3f,
  0xff, 0x01, 0xed, 0x15, 0x56, 0x0c, 0x01, 0x55, 0x53, 0x01, 0x54, 0x11,
  0x0c, 0x01, 0xea, 0x52, 0x05, 0x0e, 0x1b, 0x1a, 0xff, 0x01, 0x8c, 0x05,
  0x18, 0x18, 0x3f, 0x7f, 0xff, 0xff
};

static const uint8_t EN_SCRIPT_186[] = {
  0xf4, 0x28, 0x7e, 0xef, 0x0c, 0x0e, 0x0c, 0x54, 0x05, 0x01, 0x15, 0x53,
  0x01, 0x19, 0x15, 0x1a, 0x0c, 0x3f, 0x7f, 0xfe, 0xff, 0xf4, 0x25, 0x7e,
  0x8e, 0x42, 0x18, 0x18, 0x01, 0x0a, 0x0c, 0x05, 0x18, 0x01, 0x57, 0x15,
  0x54, 0x11, 0xff, 0x01, 0x54, 0x11, 0x0c, 0x01, 0x17, 0x15, 0x0a, 0x3f,
  0x7f, 0xff, 0xff
};

static const uint8_t EN_SCRIPT_187[] = {
  0xf4, 0x31, 0x7e, 0x0f, 0x05, 0x53, 0x54, 0x0c, 0x52, 0x01, 0xec, 0x52,
  0x15, 0x0c, 0x5c, 0x05, 0xff, 0x01, 0x57, 0x15, 0x18, 0x18, 0x01, 0x07,
  0x0c, 0x01, 0x11, 0x05, 0x1d, 0x1d, 0x5b, 0x3f, 0x7f, 0xfe, 0xff, 0xf4,
  0x09, 0x7e, 0x10, 0x05, 0x05, 0x05, 0x11, 0x11, 0x3f, 0x7f, 0xfe, 0xff,
  0xf4, 0x31, 0x7e, 0xed, 0x15, 0x56, 0x0c, 0x01, 0x55, 0x53, 0x01, 0x54,
  0x11, 0x0c, 0xff, 0x01, 0xea, 0x52, 0x05, 0x0e, 0x1b, 0x1a, 0x01, 0x8c,
  0x05, 0x18, 0x18, 0x53, 0x3f, 0x7f, 0xfe, 0xff, 0xf4, 0x0f, 0x7e, 0xe9,
  0x1b, 0x19, 0x0c, 0x01, 0x0e, 0x0c, 0x54, 0x01, 0x54, 0x11, 0x0c, 0x19,
  0x3f, 0x7f, 0xff, 0xff
};

static const uint8_t EN_SCRIPT_188[] = {
  0xf4, 0x0f, 0x7e, 0x8a, 0x0c, 0x5b, 0x3f, 0x01, 0x14, 0x1b, 0x7b, 0x01,
  0x5b, 0x1b, 0x55, 0x42, 0x52, 0x0c, 0xff, 0x01, 0x11, 0x0c, 0x52, 0x0c,
  0x40, 0x7f, 0xfe, 0xff, 0xf4, 0x09, 0x7e, 0xef, 0x0c, 0x0e, 0x0c, 0x54,
  0x05, 0x3f, 0x01, 0x45, 0x1b, 0x55, 0x42, 0x52, 0x0c, 0x01, 0x1b, 0x1a,
  0x01, 0x50, 0x05, 0x19, 0x0c, 0x17, 0x3e, 0x7f, 0xfe, 0xff, 0xf4, 0x0f,
  0x7e, 0x8e, 0x01, 0x53, 0x0c, 0x0c, 0x01, 0x5b, 0x1b, 0x55, 0x01, 0x0d,
  0x1b, 0x55, 0x1a, 0x0a, 0xff, 0x01, 0x54, 0x11, 0x0c, 0x01, 0xea, 0x52,
  0x05, 0x0e, 0x1b, 0x1a, 0x01, 0x8c, 0x05, 0x18, 0x18, 0x7c, 0xff, 0x01,
  0x47, 0x11, 0x05, 0x1a, 0x17, 0x53, 0x01, 0x0d, 0x1b, 0x52, 0x01, 0x5b,
  0x1b, 0x55, 0x52, 0xff, 0x01, 0x0c, 0x0d, 0x0d, 0x1b, 0x52, 0x54, 0x7c,
  0x7f, 0xfe, 0xff, 0xf4, 0x09, 0x7e, 0x50, 0x1b, 0x01, 0x57, 0x05, 0x5b,
  0x3f, 0x7f, 0xfe, 0xff, 0xf4, 0x0f, 0x7e, 0xed, 0x15, 0x56, 0x0c, 0x01,
  0x54, 0x11, 0x0c, 0x19, 0x01, 0x54, 0x1b, 0x01, 0x19, 0x0c, 0xff, 0x01,
  0x1a, 0x1b, 0x57, 0x3f, 0x7f, 0xff, 0xff
};

static const uint8_t EN_SCRIPT_189[] = {
  0xf4, 0x09, 0x7e, 0x8a, 0x55, 0x11, 0x3e, 0x01, 0x47, 0x11, 0x0c, 0x5b,
  0x01, 0x11, 0x05, 0x56, 0x0c, 0xff, 0x01, 0x1b, 0x55, 0x52, 0x01, 0xea,
  0x52, 0x05, 0x0e, 0x1b, 0x1a, 0x01, 0x8c, 0x05, 0x18, 0x18, 0x01, 0x1a,
  0x1b, 0x57, 0x3f, 0x7f, 0xfe, 0xff, 0xf4, 0x31, 0x7e, 0x8a, 0x05, 0x11,
  0x05, 0x3f, 0xff, 0x01, 0x8a, 0x05, 0x56, 0x0c, 0x01, 0x5b, 0x1b, 0x55,
  0x01, 0x1a, 0x1b, 0x54, 0x01, 0x53, 0x0c, 0x0c, 0x1a, 0xff, 0x01, 0xed,
  0x55, 0x18, 0x0a, 0x1b, 0x42, 0x53, 0x01, 0x53, 0x17, 0x15, 0x18, 0x18,
  0x53, 0x3e, 0x7f, 0xff, 0xff
};

static const uint8_t EN_SCRIPT_190[] = {
  0xf4, 0x31, 0x7e, 0x14, 0x11, 0x1b, 0x57, 0x01, 0x54, 0x11, 0x0c, 0x19,
  0x01, 0x54, 0x11, 0x0c, 0xff, 0x01, 0x1d, 0x1b, 0x57, 0x0c, 0x52, 0x01,
  0x1b, 0x0d, 0x01, 0x54, 0x11, 0x0c, 0xff, 0x01, 0xed, 0x15, 0x1a, 0x5b,
  0x55, 0x01, 0x0d, 0x1b, 0x52, 0x09, 0x0c, 0x3f, 0x7f, 0xfe, 0xff, 0xf4,
  0x07, 0x7e, 0x10, 0x05, 0x15, 0x54, 0x40, 0xff, 0x01, 0x53, 0x54, 0x05,
  0x5b, 0x01, 0x11, 0x0c, 0x52, 0x0c, 0x7c, 0x7f, 0xff, 0xff
};

static const uint8_t EN_SCRIPT_191[] = {
  0xf4, 0x00, 0x5a, 0x11, 0x7b, 0x01, 0x15, 0x54, 0x01, 0x11, 0x55, 0x52,
  0x54, 0x53, 0x40, 0x7f, 0xfe, 0xff, 0xf4, 0x09, 0x7e, 0x8e, 0x42, 0x18,
  0x18, 0x01, 0x54, 0x05, 0x17, 0x0c, 0x01, 0x09, 0x05, 0x52, 0x0c, 0x01,
  0x1b, 0x0d, 0xff, 0x01, 0x5b, 0x1b, 0x55, 0x01, 0x07, 0x05, 0x09, 0x17,
  0x01, 0x05, 0x54, 0x01, 0x54, 0x11, 0x0c, 0xff, 0x01, 0x53, 0x11, 0x15,
  0x1d, 0x7c, 0x01, 0x01, 0xee, 0x0c, 0x54, 0x42, 0x53, 0x01, 0x0e, 0x1b,
  0x3f, 0x7f, 0xff, 0xff
};

static const uint8_t EN_SCRIPT_192[] = {
  0xf4, 0x09, 0x7e, 0x8e, 0x54, 0x42, 0x53, 0x01, 0x1b, 0x17, 0x05, 0x5b,
  0x40, 0x7f, 0xfe, 0xff, 0xf4, 0x00, 0x47, 0x11, 0x05, 0x1a, 0x17, 0x53,
  0x7b, 0x01, 0xed, 0x1b, 0x11, 0x05, 0x1a, 0x7c, 0x7f, 0xff, 0xff
};

static const uint8_t EN_SCRIPT_193[] = {
  0xf4, 0x6f, 0x7e, 0x10, 0x0c, 0x18, 0x09, 0x1b, 0x19, 0x0c, 0x7c, 0x01,
  0x47, 0x11, 0x05, 0x1a, 0x17, 0x01, 0x5b, 0x1b, 0x55, 0xff, 0x01, 0x0d,
  0x1b, 0x52, 0x01, 0x53, 0x05, 0x56, 0x15, 0x1a, 0x0e, 0x01, 0x54, 0x11,
  0x0c, 0xff, 0x01, 0x09, 0x11, 0x15, 0x18, 0x0a, 0x52, 0x0c, 0x1a, 0x7c,
  0x01, 0x8a, 0x1b, 0x57, 0x01, 0x09, 0x05, 0x1a, 0xff, 0x01, 0x8e, 0x01,
  0x52, 0x0c, 0x1d, 0x05, 0x5b, 0x01, 0x5b, 0x1b, 0x55, 0x3e, 0xfe, 0xff,
  0xf4, 0x09, 0x7e, 0x10, 0x0c, 0x01, 0x1a, 0x0c, 0x0c, 0x0a, 0x01, 0x5b,
  0x1b, 0x55, 0x52, 0xff, 0x01, 0xea, 0x52, 0x05, 0x0e, 0x1b, 0x1a, 0x01,
  0x8c, 0x05, 0x18, 0x18, 0x7c, 0xff, 0xff
};

static const uint8_t EN_SCRIPT_194[] = {
  0xf4, 0x6f, 0x7e, 0xe9, 0x1b, 0x19, 0x0c, 0x01, 0x11, 0x0c, 0x52, 0x0c,
  0x7b, 0xff, 0x01, 0x1d, 0x18, 0x0c, 0x05, 0x53, 0x0c, 0x7c, 0x7f, 0xfe,
  0xff, 0xf4, 0x6f, 0x7e, 0x8e, 0x01, 0x57, 0x1b, 0x55, 0x18, 0x0a, 0x01,
  0x18, 0x15, 0x17, 0x0c, 0x01, 0x54, 0x1b, 0xff, 0x01, 0x52, 0x0c, 0x05,
  0x0a, 0x01, 0x5b, 0x1b, 0x55, 0x52, 0x01, 0x1d, 0x05, 0x53, 0x54, 0x7c,
  0x7f, 0xff, 0xff
};

static const uint8_t EN_SCRIPT_195[] = {
  0xf4, 0x6f, 0x7e, 0x45, 0x1b, 0x55, 0x52, 0x01, 0x11, 0x0c, 0x05, 0x52,
  0x54, 0x01, 0x15, 0x53, 0xff, 0x01, 0x1d, 0x55, 0x52, 0x0c, 0x40, 0x01,
  0x45, 0x1b, 0x55, 0x52, 0x01, 0x57, 0x15, 0x53, 0x11, 0xff, 0x01, 0x05,
  0x18, 0x53, 0x1b, 0x40, 0x01, 0x45, 0x1b, 0x55, 0x01, 0x19, 0x05, 0x5b,
  0xff, 0x01, 0x54, 0x05, 0x17, 0x0c, 0x01, 0x19, 0x5b, 0x01, 0xea, 0x52,
  0x05, 0x0e, 0x1b, 0x1a, 0xff, 0x01, 0x8c, 0x05, 0x18, 0x18, 0x7c, 0x7f,
  0xff, 0xff
};

static const uint8_t EN_SCRIPT_196[] = {
  0xf4, 0x00, 0x7e, 0xec, 0x15, 0x1a, 0x05, 0x18, 0x18, 0x5b, 0x7b, 0x01,
  0x8e, 0x42, 0x19, 0x01, 0x11, 0x0c, 0x52, 0x0c, 0x7c, 0xff, 0x01, 0xe8,
  0x01, 0x07, 0x05, 0x54, 0x54, 0x18, 0x0c, 0x01, 0x15, 0x53, 0xff, 0x01,
  0x55, 0x1a, 0x0a, 0x0c, 0x52, 0x57, 0x05, 0x5b, 0x7c, 0x01, 0x8e, 0x54,
  0x42, 0x53, 0x40, 0x7f, 0xfe, 0xff, 0xf4, 0x00, 0x7e, 0x40, 0xed, 0x1b,
  0x11, 0x05, 0x1a, 0x40, 0x7f, 0xff, 0xff
};

static const uint8_t EN_SCRIPT_197[] = {
  0xf4, 0x00, 0x7e, 0xef, 0x0c, 0x0e, 0x0c, 0x54, 0x05, 0x7b, 0x01, 0x8e,
  0x42, 0x18, 0x18, 0xff, 0x01, 0x54, 0x05, 0x17, 0x0c, 0x01, 0xed, 0x15,
  0x1a, 0x5b, 0x55, 0x3f, 0x7f, 0xfe, 0xff, 0xf4, 0x31, 0x7e, 0xee, 0x0c,
  0x54, 0x42, 0x53, 0x01, 0x19, 0x05, 0x17, 0x0c, 0x01, 0x54, 0x11, 0x15,
  0x53, 0xff, 0x01, 0x05, 0x01, 0x0d, 0x05, 0x15, 0x52, 0x01, 0x0d, 0x15,
  0x0e, 0x11, 0x54, 0x7c, 0x7f, 0xff, 0xff
};

static const uint8_t EN_SCRIPT_198[] = {
  0xf4, 0x09, 0x7e, 0x10, 0x0c, 0x01, 0x11, 0x05, 0x56, 0x0c, 0x01, 0x54,
  0x1b, 0x01, 0x0d, 0x15, 0x1a, 0x0a, 0xff, 0x01, 0x54, 0x11, 0x0c, 0x01,
  0x1b, 0x54, 0x11, 0x0c, 0x52, 0xff, 0x01, 0xea, 0x52, 0x05, 0x0e, 0x1b,
  0x1a, 0x01, 0x8c, 0x05, 0x18, 0x18, 0x53, 0x3f, 0x7f, 0xff, 0xff
};

static const uint8_t EN_SCRIPT_199[] = {
  0xf4, 0x09, 0x7e, 0x47, 0x11, 0x0c, 0x01, 0x52, 0x05, 0x0a, 0x05, 0x52,
  0x40, 0x7f, 0xfe, 0xff, 0xf4, 0x80, 0x7e, 0xe8, 0x11, 0x3f, 0x01, 0x8e,
  0x54, 0x42, 0x53, 0x01, 0x53, 0x54, 0x15, 0x18, 0x18, 0xff, 0x01, 0x15,
  0x1a, 0x01, 0x0e, 0x1b, 0x1b, 0x0a, 0x01, 0x53, 0x11, 0x05, 0x1d, 0x0c,
  0x3f, 0x7f, 0xff, 0xff
};

static const uint8_t EN_SCRIPT_200[] = {
  0xf4, 0x31, 0x7e, 0x10, 0x15, 0x54, 0x11, 0x1b, 0x55, 0x54, 0x01, 0x15,
  0x54, 0x0c, 0x19, 0x53, 0x7b, 0xff, 0x01, 0x1b, 0x1a, 0x0c, 0x01, 0x1b,
  0x1a, 0x01, 0x1b, 0x1a, 0x0c, 0x7c, 0xff, 0x01, 0xfb, 0x7b, 0x01, 0x5b,
  0x1b, 0x55, 0x01, 0x54, 0x05, 0x17, 0x0c, 0xff, 0x01, 0xef, 0x0c, 0x0e,
  0x0c, 0x54, 0x05, 0x40, 0x7f, 0xff, 0xff
};

static const uint8_t EN_SCRIPT_201[] = {
  0xf4, 0x0a, 0x7e, 0x10, 0x0c, 0x42, 0x52, 0x0c, 0x01, 0x0e, 0x1b, 0x15,
  0x1a, 0x0e, 0x01, 0x54, 0x1b, 0xff, 0x01, 0x52, 0x0c, 0x56, 0x15, 0x56,
  0x0c, 0x01, 0x8b, 0x15, 0x09, 0x09, 0x1b, 0x18, 0x1b, 0x7c, 0x7f, 0xfe,
  0xff, 0xf4, 0x0a, 0x7e, 0x8a, 0x0c, 0x5b, 0x01, 0x09, 0x1b, 0x1b, 0x18,
  0x40, 0x7f, 0xff, 0xff
};

static const uint8_t EN_SCRIPT_202[] = {
  0xf4, 0x0c, 0x7e, 0x8b, 0x05, 0x54, 0x15, 0x0c, 0x1a, 0x09, 0x0c, 0x7b,
  0x01, 0x8b, 0x15, 0x09, 0x09, 0x1b, 0x18, 0x1b, 0x7c, 0x7f, 0xff, 0xff
};

static const uint8_t EN_SCRIPT_203[] = {
  0xf4, 0x22, 0x7e, 0x47, 0x11, 0x0c, 0x01, 0x0c, 0x56, 0x15, 0x18, 0x01,
  0x1b, 0x1a, 0x0c, 0x01, 0x11, 0x05, 0x53, 0xff, 0x01, 0x05, 0x52, 0x52,
  0x15, 0x56, 0x0c, 0x0a, 0x7b, 0x01, 0xed, 0x55, 0x52, 0x55, 0x7c, 0x7f,
  0xfe, 0xff, 0xf4, 0x6f, 0x7e, 0x47, 0x05, 0x17, 0x0c, 0x01, 0x11, 0x15,
  0x19, 0x01, 0x05, 0x53, 0x01, 0x0d, 0x05, 0x52, 0xff, 0x01, 0x05, 0x57,
  0x05, 0x5b, 0x01, 0x05, 0x53, 0x01, 0x1d, 0x1b, 0x53, 0x53, 0x15, 0x07,
  0x18, 0x0c, 0xff, 0x01, 0x57, 0x11, 0x15, 0x18, 0x0c, 0x40, 0x7f, 0xff,
  0xff
};

static const uint8_t EN_SCRIPT_204[] = {
  0xf4, 0x6f, 0x7e, 0x40, 0xea, 0x0c, 0x1a, 0x0a, 0x0c, 0x01, 0x53, 0x55,
  0x19, 0x19, 0x1b, 0x1a, 0x53, 0xff, 0x01, 0x54, 0x11, 0x0c, 0x01, 0xea,
  0x52, 0x05, 0x0e, 0x1b, 0x1a, 0x7c, 0x7f, 0xfe, 0xff, 0xf4, 0x22, 0x7e,
  0x45, 0x0c, 0x53, 0x7b, 0x01, 0x0d, 0x05, 0x54, 0x11, 0x0c, 0x52, 0x7c,
  0x7f, 0xff, 0xff
};

static const uint8_t EN_SCRIPT_205[] = {
  0xf4, 0x35, 0x7e, 0x8a, 0x0c, 0x18, 0x18, 0x1b, 0x01, 0x19, 0x5b, 0x01,
  0x0d, 0x52, 0x15, 0x0c, 0x1a, 0x0a, 0x53, 0x7b, 0xff, 0x01, 0x8e, 0x42,
  0x19, 0x01, 0x11, 0x0c, 0x52, 0x0c, 0x01, 0x0d, 0x1b, 0x52, 0x40, 0x7f,
  0xfe, 0xff, 0xf4, 0x22, 0x7e, 0x47, 0x11, 0x0c, 0x01, 0x1d, 0x05, 0x53,
  0x53, 0x57, 0x1b, 0x52, 0x0a, 0x7b, 0xff, 0x01, 0x52, 0x15, 0x0e, 0x11,
  0x54, 0x3e, 0x7f, 0xfe, 0xff, 0xf4, 0x35, 0x7e, 0xeb, 0x58, 0x05, 0x09,
  0x54, 0x18, 0x5b, 0x7c, 0x7f, 0xff, 0xff
};

static const uint8_t EN_SCRIPT_206[] = {
  0xf4, 0x22, 0x50, 0x0c, 0x56, 0x0c, 0x52, 0x7b, 0x01, 0x19, 0x1b, 0x1a,
  0x53, 0x54, 0x0c, 0x52, 0x3f, 0xff, 0x01, 0x8e, 0x01, 0x57, 0x1b, 0x55,
  0x18, 0x0a, 0x01, 0x52, 0x05, 0x54, 0x11, 0x0c, 0x52, 0xff, 0x01, 0x0a,
  0x15, 0x0c, 0x3f, 0x7f, 0xfe, 0xff, 0xf4, 0x22, 0x7e, 0xec, 0x05, 0x09,
  0x0c, 0x01, 0x19, 0x0c, 0x01, 0x15, 0x1a, 0xff, 0x01, 0x1b, 0x1a, 0x0c,
  0x01, 0x1b, 0x1a, 0x01, 0x1b, 0x1a, 0x0c, 0x7c, 0xff, 0x01, 0x8c, 0x55,
  0x54, 0x01, 0x1a, 0x1b, 0x54, 0x01, 0x11, 0x0c, 0x52, 0x0c, 0x40, 0x7f,
  0xff, 0xff
};

static const uint8_t EN_SCRIPT_207[] = {
  0xf4, 0x61, 0x7e, 0x14, 0x11, 0x05, 0x18, 0x18, 0x01, 0x57, 0x0c, 0x01,
  0x53, 0x55, 0x19, 0x19, 0x1b, 0x1a, 0xff, 0x01, 0x54, 0x11, 0x0c, 0x01,
  0x0a, 0x52, 0x05, 0x0e, 0x1b, 0x1a, 0xff, 0x01, 0x8b, 0x1b, 0x52, 0x55,
  0x1a, 0x0e, 0x05, 0x3e, 0x7f, 0xfe, 0xff, 0xf4, 0x09, 0x7e, 0x45, 0x0c,
  0x53, 0x7b, 0x01, 0x07, 0x55, 0x54, 0xff, 0x01, 0x0c, 0x18, 0x53, 0x0c,
  0x57, 0x11, 0x0c, 0x52, 0x0c, 0x7c, 0x7f, 0xff, 0xff
};

static const uint8_t EN_SCRIPT_208[] = {
  0xf4, 0x0a, 0x7e, 0x47, 0x11, 0x05, 0x54, 0x42, 0x53, 0x01, 0x07, 0x0c,
  0x09, 0x05, 0x55, 0x53, 0x0c, 0xff, 0x01, 0xfb, 0x01, 0x57, 0x05, 0x1a,
  0x54, 0x53, 0xff, 0x01, 0x54, 0x1b, 0x01, 0x11, 0x05, 0x56, 0x0c, 0xff,
  0x01, 0x15, 0x19, 0x19, 0x1b, 0x52, 0x54, 0x05, 0x18, 0x15, 0x54, 0x5b,
  0x3f, 0x7f, 0xff, 0xff
};

static const uint8_t EN_SCRIPT_209[] = {
  0xf4, 0x01, 0x7e, 0x8e, 0x42, 0x56, 0x0c, 0x01, 0x05, 0x52, 0x52, 0x15,
  0x56, 0x0c, 0x0a, 0x3f, 0x7f, 0xfe, 0xff, 0xf4, 0x01, 0x7e, 0x8e, 0x01,
  0x53, 0x0c, 0x1a, 0x53, 0x0c, 0x01, 0x05, 0x01, 0x57, 0x0c, 0x05, 0x17,
  0xff, 0x01, 0x0c, 0x1a, 0x0c, 0x52, 0x0e, 0x5b, 0x01, 0x1a, 0x1b, 0x54,
  0x01, 0x0d, 0x05, 0x52, 0xff, 0x01, 0x0d, 0x52, 0x1b, 0x19, 0x01, 0x11,
  0x0c, 0x52, 0x0c, 0x7c, 0x01, 0x8c, 0x0c, 0x54, 0x54, 0x0c, 0x52, 0xff,
  0x01, 0x09, 0x11, 0x0c, 0x09, 0x17, 0x01, 0x15, 0x54, 0x01, 0x1b, 0x55,
  0x54, 0x7c, 0x7f, 0xff, 0xff
};

static const uint8_t EN_SCRIPT_210[] = {
  0xf4, 0x09, 0x7e, 0x8b, 0x15, 0x09, 0x09, 0x1b, 0x18, 0x1b, 0x3f, 0x7f,
  0xfe, 0xff, 0xf4, 0x01, 0x7e, 0x45, 0x0c, 0x53, 0x7b, 0x01, 0x15, 0x54,
  0x42, 0x53, 0x01, 0x19, 0x0c, 0x7c, 0xff, 0x01, 0x8e, 0x42, 0x19, 0x01,
  0x0d, 0x15, 0x1a, 0x05, 0x18, 0x18, 0x5b, 0xff, 0x01, 0x11, 0x0c, 0x52,
  0x0c, 0x7c, 0x7f, 0xff, 0xff
};

static const uint8_t EN_SCRIPT_211[] = {
  0xf4, 0x61, 0x7e, 0x10, 0x0c, 0x01, 0x09, 0x05, 0x1a, 0x42, 0x54, 0x01,
  0x18, 0x0c, 0x54, 0xff, 0x01, 0x11, 0x15, 0x19, 0x01, 0x0c, 0x53, 0x09,
  0x05, 0x1d, 0x0c, 0x3f, 0x7f, 0xff, 0xff
};

static const uint8_t EN_SCRIPT_212[] = {
  0xf4, 0x01, 0xff, 0xff
};

static const uint8_t EN_SCRIPT_213[] = {
  0xf4, 0x22, 0x7e, 0x8c, 0x0c, 0x01, 0x09, 0x05, 0x52, 0x0c, 0x0d, 0x55,
  0x18, 0x3f, 0xff, 0x01, 0x8a, 0x0c, 0x42, 0x53, 0x01, 0x56, 0x0c, 0x52,
  0x5b, 0x01, 0x53, 0x54, 0x52, 0x1b, 0x1a, 0x0e, 0x40, 0x7f, 0xff, 0xff
};

static const uint8_t EN_SCRIPT_214[] = {
  0xf4, 0x09, 0xff, 0xff
};

static const uint8_t EN_SCRIPT_215[] = {
  0xf4, 0x09, 0x7e, 0x40, 0x57, 0x11, 0x05, 0x54, 0x3e, 0x7f, 0xff, 0xff
};

static const uint8_t EN_SCRIPT_216[] = {
  0xf4, 0x23, 0xff, 0xff
};

static const uint8_t EN_SCRIPT_217[] = {
  0xf4, 0x01, 0x7e, 0x10, 0x1b, 0x57, 0x40, 0x01, 0x11, 0x05, 0x01, 0x11,
  0x05, 0x3f, 0xff, 0x01, 0x14, 0x55, 0x09, 0x11, 0x01, 0x1d, 0x1b, 0x57,
  0x0c, 0x52, 0x3f, 0xfe, 0xff, 0xf4, 0x01, 0x7e, 0x10, 0x05, 0x15, 0x54,
  0x01, 0x0d, 0x1b, 0x52, 0x01, 0x19, 0x0c, 0xff, 0x01, 0xed, 0x1b, 0x11,
  0x05, 0x1a, 0x3f, 0xff, 0x01, 0xea, 0x1b, 0x1a, 0x42, 0x54, 0x01, 0x54,
  0x05, 0x17, 0x0c, 0x01, 0x05, 0x1a, 0x5b, 0x01, 0x09, 0x11, 0x05, 0x1a,
  0x09, 0x0c, 0x53, 0x3f, 0x7f, 0xff, 0xff
};

static const uint8_t EN_SCRIPT_218[] = {
  0xf4, 0x61, 0xff, 0xff
};

static const uint8_t EN_SCRIPT_219[] = {
  0xf4, 0x09, 0x7e, 0x10, 0x11, 0x05, 0x54, 0x01, 0x15, 0x53, 0x01, 0x54,
  0x11, 0x15, 0x53, 0x3e, 0x7f, 0xfe, 0xff, 0xf4, 0x61, 0x7e, 0x8e, 0x54,
  0x01, 0x18, 0x1b, 0x1b, 0x17, 0x53, 0x01, 0x18, 0x15, 0x17, 0x0c, 0xff,
  0x01, 0x15, 0x54, 0x01, 0x1b, 0x1d, 0x0c, 0x1a, 0x53, 0x01, 0x05, 0x01,
  0x1d, 0x05, 0x54, 0x11, 0xff, 0x01, 0x53, 0x1b, 0x19, 0x0c, 0x57, 0x11,
  0x0c, 0x52, 0x0c, 0x40, 0x7f, 0xff, 0xff
};

static const uint8_t EN_SCRIPT_220[] = {
  0xf4, 0x0a, 0xff, 0xff
};

static const uint8_t EN_SCRIPT_221[] = {
  0xf4, 0x61, 0xff, 0xff
};

static const uint8_t EN_SCRIPT_222[] = {
  0xf4, 0x61, 0xff, 0xff
};

static const uint8_t EN_SCRIPT_223[] = {
  0xf4, 0x61, 0xff, 0xff
};

static const uint8_t EN_SCRIPT_224[] = {
  0xf4, 0x09, 0xff, 0xff
};

static const uint8_t EN_SCRIPT_225[] = {
  0xf4, 0x09, 0x7e, 0x14, 0x1b, 0x19, 0x0c, 0x54, 0x11, 0x15, 0x1a, 0x0e,
  0x42, 0x53, 0x01, 0x11, 0x0c, 0x52, 0x0c, 0x40, 0x7f, 0xfe, 0xff, 0xf4,
  0x61, 0x7e, 0xea, 0x1b, 0x1a, 0x42, 0x54, 0x01, 0x54, 0x1b, 0x55, 0x09,
  0x11, 0x01, 0x15, 0x54, 0x3f, 0x7f, 0xfe, 0xff, 0xf4, 0x09, 0x7e, 0x45,
  0x1b, 0x55, 0x42, 0x52, 0x0c, 0x01, 0x52, 0x15, 0x0e, 0x11, 0x54, 0x7b,
  0xff, 0x01, 0xea, 0x0c, 0x1a, 0x0a, 0x0c, 0x7c, 0x7f, 0xff, 0xff
};

static const uint8_t EN_SCRIPT_226[] = {
  0xf4, 0x09, 0xff, 0xff
};

static const uint8_t EN_SCRIPT_227[] = {
  0xf4, 0x09, 0x7e, 0x8a, 0x1b, 0x57, 0x01, 0x0a, 0x15, 0x0a, 0x01, 0x53,
  0x11, 0x0c, 0xff, 0x01, 0x17, 0x1a, 0x1b, 0x57, 0x01, 0x19, 0x5b, 0x01,
  0x1a, 0x05, 0x19, 0x0c, 0x3e, 0x7f, 0xfe, 0xff, 0xf4, 0x61, 0x7e, 0x8e,
  0x54, 0x42, 0x53, 0x01, 0x54, 0x11, 0x0c, 0x01, 0x0d, 0x05, 0x15, 0x52,
  0x5b, 0xff, 0x01, 0x54, 0x11, 0x05, 0x54, 0x01, 0x0e, 0x55, 0x05, 0x52,
  0x0a, 0x53, 0x01, 0x54, 0x11, 0x0c, 0xff, 0x01, 0x0c, 0x1a, 0x54, 0x52,
  0x05, 0x1a, 0x09, 0x0c, 0x7c, 0x7f, 0xfe, 0xff, 0xf4, 0x61, 0x7e, 0x14,
  0x11, 0x0c, 0x01, 0x17, 0x1a, 0x1b, 0x57, 0x53, 0x01, 0x0c, 0x56, 0x0c,
  0x52, 0x5b, 0x54, 0x11, 0x15, 0x1a, 0x0e, 0xff, 0x01, 0x05, 0x07, 0x1b,
  0x55, 0x54, 0x01, 0x0c, 0x56, 0x0c, 0x52, 0x5b, 0x1b, 0x1a, 0x0c, 0x7c,
  0xff, 0x01, 0x14, 0x11, 0x0c, 0x01, 0x09, 0x1b, 0x55, 0x18, 0x0a, 0x01,
  0x11, 0x0c, 0x18, 0x1d, 0x01, 0x55, 0x53, 0x40, 0x7f, 0xfe, 0xff, 0xf4,
  0x09, 0x7e, 0x0d, 0x15, 0x1a, 0x0a, 0x01, 0x54, 0x11, 0x0c, 0xff, 0x01,
  0xea, 0x52, 0x05, 0x0e, 0x1b, 0x1a, 0x01, 0x8c, 0x05, 0x18, 0x18, 0x7c,
  0x7f, 0xff, 0xff
};

static const uint8_t EN_SCRIPT_228[] = {
  0xf4, 0x61, 0x7e, 0x10, 0x0c, 0x01, 0x53, 0x11, 0x1b, 0x55, 0x18, 0x0a,
  0x01, 0x0e, 0x1b, 0x01, 0x54, 0x1b, 0xff, 0x01, 0x54, 0x11, 0x0c, 0x01,
  0xeb, 0x18, 0x0a, 0x0c, 0x52, 0x01, 0x1b, 0x0d, 0xff, 0x01, 0x54, 0x11,
  0x0c, 0x01, 0x50, 0x05, 0x19, 0x0c, 0x17, 0x53, 0x7c, 0x7f, 0xfe, 0xff,
  0xf4, 0x09, 0x7e, 0x47, 0x11, 0x0c, 0x01, 0xeb, 0x18, 0x0a, 0x0c, 0x52,
  0x3e, 0x7f, 0xfe, 0xff, 0xf4, 0x61, 0x7e, 0x47, 0x11, 0x0c, 0x01, 0x19,
  0x1b, 0x53, 0x54, 0x01, 0x05, 0x1a, 0x09, 0x15, 0x0c, 0x1a, 0x54, 0xff,
  0x01, 0x1b, 0x0d, 0x01, 0x1b, 0x55, 0x52, 0x01, 0x1d, 0x0c, 0x1b, 0x1d,
  0x18, 0x0c, 0x7c, 0xff, 0x01, 0x14, 0x11, 0x05, 0x18, 0x18, 0x01, 0x57,
  0x0c, 0x01, 0x0e, 0x1b, 0x3e, 0x7f, 0xfe, 0xff, 0xf4, 0x09, 0x7e, 0x5a,
  0x0d, 0x01, 0x09, 0x1b, 0x55, 0x52, 0x53, 0x0c, 0x3f, 0xff, 0x01, 0x8e,
  0x01, 0x57, 0x05, 0x1a, 0x54, 0x01, 0x54, 0x1b, 0x01, 0x53, 0x0c, 0x0c,
  0x01, 0x11, 0x15, 0x19, 0x3f, 0x7f, 0xff, 0xff
};

static const uint8_t EN_SCRIPT_229[] = {
  0xf4, 0x09, 0x7e, 0x10, 0x0c, 0x01, 0x53, 0x05, 0x57, 0x01, 0x54, 0x11,
  0x0c, 0x19, 0x3f, 0xff, 0xf4, 0x61, 0x7e, 0x45, 0x0c, 0x53, 0x7b, 0x01,
  0x07, 0x55, 0x54, 0x01, 0x57, 0x0c, 0xff, 0x01, 0x0a, 0x15, 0x0a, 0x1a,
  0x42, 0x54, 0x01, 0x54, 0x1b, 0x55, 0x09, 0x11, 0x01, 0x15, 0x54, 0x40,
  0x7f, 0xff, 0xff
};

static const uint8_t EN_SCRIPT_230[] = {
  0xf4, 0x09, 0xff, 0xff
};

static const uint8_t EN_SCRIPT_231[] = {
  0xf4, 0x09, 0x7e, 0x8e, 0x54, 0x01, 0x18, 0x1b, 0x1b, 0x17, 0x53, 0x01,
  0x18, 0x15, 0x17, 0x0c, 0xff, 0x01, 0x53, 0x1b, 0x19, 0x0c, 0x01, 0x17,
  0x15, 0x1a, 0x0a, 0x01, 0x1b, 0x0d, 0xff, 0x01, 0x53, 0x57, 0x15, 0x54,
  0x09, 0x11, 0x3e, 0x7f, 0xfe, 0xff, 0xf4, 0x09, 0x7e, 0x10, 0x11, 0x05,
  0x54, 0x01, 0x0a, 0x1b, 0x0c, 0x53, 0x01, 0x15, 0x54, 0xff, 0x01, 0x0a,
  0x1b, 0x3e, 0x7f, 0xfe, 0xff, 0xf4, 0x61, 0x7e, 0x0f, 0x05, 0x5b, 0x07,
  0x0c, 0x40, 0x7f, 0xfe, 0xff, 0xf4, 0x61, 0x05, 0x01, 0x53, 0x0c, 0x09,
  0x55, 0x52, 0x15, 0x54, 0x5b, 0x01, 0x53, 0x5b, 0x53, 0x54, 0x0c, 0x19,
  0xff, 0x01, 0x54, 0x1b, 0x01, 0x1b, 0x1d, 0x0c, 0x1a, 0x01, 0x05, 0x01,
  0x0a, 0x1b, 0x1b, 0x52, 0xff, 0x01, 0x1b, 0x52, 0x01, 0x1d, 0x0c, 0x52,
  0x11, 0x05, 0x1d, 0x53, 0x01, 0x05, 0x1a, 0xff, 0x01, 0x05, 0x18, 0x05,
  0x52, 0x19, 0x7c, 0x7f, 0xff, 0xff
};

static const uint8_t EN_SCRIPT_232[] = {
  0xf4, 0x09, 0xff, 0xff
};

static const uint8_t EN_SCRIPT_233[] = {
  0xf4, 0x36, 0x7e, 0x45, 0x1b, 0x55, 0x40, 0x01, 0x05, 0x52, 0x0c, 0x01,
  0x19, 0x55, 0x09, 0x11, 0xff, 0x01, 0x53, 0x54, 0x52, 0x1b, 0x1a, 0x0e,
  0x0c, 0x52, 0x01, 0x54, 0x11, 0x05, 0x1a, 0x01, 0x8e, 0x01, 0x54, 0x11,
  0x1b, 0x55, 0x0e, 0x11, 0x54, 0x3f, 0xff, 0x01, 0x8e, 0x42, 0x56, 0x0c,
  0x01, 0x55, 0x1a, 0x0a, 0x0c, 0x52, 0x0c, 0x53, 0x54, 0x15, 0x19, 0x05,
  0x54, 0x0c, 0x0a, 0xff, 0x01, 0x5b, 0x1b, 0x55, 0x7c, 0x7f, 0xff, 0xff
};

static const uint8_t EN_SCRIPT_234[] = {
  0xf4, 0x23, 0x7e, 0x8e, 0x42, 0x19, 0x01, 0x0e, 0x18, 0x05, 0x0a, 0x01,
  0x5b, 0x1b, 0x55, 0x42, 0x52, 0x0c, 0xff, 0x01, 0x5a, 0x8d, 0x7c, 0x7f,
  0xfe, 0xff, 0xf4, 0x23, 0x7e, 0x8e, 0x01, 0x53, 0x0c, 0x1a, 0x53, 0x0c,
  0x01, 0x05, 0x01, 0x19, 0x05, 0x53, 0x53, 0x15, 0x56, 0x0c, 0xff, 0x01,
  0x8d, 0x8e, 0x3f, 0x01, 0x8e, 0x53, 0x01, 0xec, 0x52, 0x15, 0x0c, 0x5c,
  0x05, 0xff, 0x01, 0x1a, 0x0c, 0x05, 0x52, 0x3e, 0x7f, 0xff, 0xff
};

static const uint8_t EN_SCRIPT_235[] = {
  0xf4, 0x01, 0x7e, 0x45, 0x1b, 0x55, 0x01, 0x57, 0x1b, 0x1a, 0x42, 0x54,
  0x01, 0x07, 0x0c, 0x01, 0x05, 0x07, 0x18, 0x0c, 0xff, 0x01, 0x54, 0x1b,
  0x01, 0x07, 0x0c, 0x05, 0x54, 0x01, 0xec, 0x52, 0x15, 0x0c, 0x5c, 0x05,
  0x3f, 0x7f, 0xff, 0xff
};

static const uint8_t EN_SCRIPT_236[] = {
  0xf4, 0x01, 0x7e, 0x47, 0x11, 0x0c, 0x52, 0x0c, 0x42, 0x53, 0x01, 0x1a,
  0x1b, 0x54, 0x01, 0x52, 0x1b, 0x1b, 0x19, 0xff, 0x01, 0x15, 0x1a, 0x53,
  0x15, 0x0a, 0x0c, 0x01, 0x19, 0x0c, 0x01, 0x0d, 0x1b, 0x52, 0x01, 0x05,
  0x18, 0x18, 0xff, 0x01, 0x1b, 0x0d, 0x01, 0x55, 0x53, 0x7c, 0x7f, 0xff,
  0xff
};

static const uint8_t EN_SCRIPT_237[] = {
  0xf4, 0x01, 0x7e, 0x45, 0x1b, 0x55, 0x01, 0x09, 0x05, 0x1a, 0x01, 0x53,
  0x54, 0x05, 0x5b, 0x01, 0x55, 0x1a, 0x54, 0x15, 0x18, 0xff, 0x01, 0x57,
  0x0c, 0x01, 0x07, 0x0c, 0x05, 0x54, 0x01, 0xec, 0x52, 0x15, 0x0c, 0x5c,
  0x05, 0x7c, 0x7f, 0xfe, 0xff, 0xf4, 0x01, 0x7e, 0xe8, 0x0d, 0x54, 0x0c,
  0x52, 0x01, 0x54, 0x11, 0x05, 0x54, 0x7b, 0x01, 0x8e, 0x42, 0x19, 0xff,
  0x01, 0x0e, 0x1b, 0x1a, 0x1a, 0x05, 0x01, 0x09, 0x11, 0x05, 0x52, 0x0e,
  0x0c, 0x01, 0x5b, 0x1b, 0x55, 0xff, 0x01, 0x52, 0x0c, 0x1a, 0x54, 0x3f,
  0x01, 0xed, 0x1b, 0x54, 0x01, 0x15, 0x54, 0x3e, 0x7f, 0xff, 0xff
};

static const uint8_t EN_SCRIPT_238[] = {
  0xf4, 0x61, 0x7e, 0xec, 0x55, 0x53, 0x0c, 0x01, 0x57, 0x15, 0x54, 0x11,
  0x01, 0x19, 0x0c, 0x7b, 0x01, 0x54, 0x1b, 0x1b, 0x3f, 0xff, 0x01, 0x8e,
  0x01, 0x57, 0x05, 0x1a, 0x54, 0x01, 0x54, 0x1b, 0x01, 0x11, 0x0c, 0x18,
  0x1d, 0xff, 0x01, 0x0d, 0x15, 0x0e, 0x11, 0x54, 0x01, 0xec, 0x52, 0x15,
  0x0c, 0x5c, 0x05, 0x3f, 0x7f, 0xff, 0x01, 0x01, 0x01, 0x01, 0x01, 0x01,
  0x01, 0x01, 0xec, 0x55, 0x53, 0x15, 0x1b, 0x1a, 0x01, 0x01, 0xff, 0x01,
  0x01, 0x01, 0x01, 0x01, 0x01, 0x01, 0x01, 0xea, 0x0c, 0x1a, 0x0a, 0x0c,
  0xfd, 0xff, 0xff
};

static const uint8_t EN_SCRIPT_239[] = {
  0xf4, 0x36, 0x7e, 0x8e, 0x01, 0x11, 0x05, 0x56, 0x0c, 0x1a, 0x42, 0x54,
  0x01, 0x07, 0x0c, 0x0c, 0x1a, 0xff, 0x01, 0x55, 0x53, 0x15, 0x1a, 0x0e,
  0x01, 0x05, 0x18, 0x18, 0x01, 0x1b, 0x0d, 0x01, 0x19, 0x5b, 0xff, 0x01,
  0x53, 0x54, 0x52, 0x0c, 0x1a, 0x0e, 0x54, 0x11, 0x3f, 0x7f, 0xfe, 0xff,
  0xf4, 0x36, 0x7e, 0x8e, 0x01, 0x09, 0x05, 0x1a, 0x01, 0x0a, 0x1b, 0x55,
  0x07, 0x18, 0x0c, 0xff, 0x01, 0x19, 0x5b, 0x01, 0x1d, 0x1b, 0x57, 0x0c,
  0x52, 0x01, 0x15, 0x1a, 0xff, 0x01, 0x19, 0x5b, 0x01, 0x53, 0x0c, 0x09,
  0x1b, 0x1a, 0x0a, 0x01, 0x0d, 0x1b, 0x52, 0x19, 0x3f, 0x7f, 0xff, 0xff
};

static const uint8_t EN_SCRIPT_240[] = {
  0xf4, 0x36, 0x7e, 0x8e, 0x01, 0x11, 0x05, 0x56, 0x0c, 0x1a, 0x42, 0x54,
  0x01, 0x07, 0x0c, 0x0c, 0x1a, 0xff, 0x01, 0x55, 0x53, 0x15, 0x1a, 0x0e,
  0x01, 0x05, 0x18, 0x18, 0x01, 0x1b, 0x0d, 0x01, 0x19, 0x5b, 0xff, 0x01,
  0x53, 0x54, 0x52, 0x0c, 0x1a, 0x0e, 0x54, 0x11, 0x3f, 0x7f, 0xfe, 0xff,
  0xf4, 0x36, 0x7e, 0x8e, 0x01, 0x09, 0x05, 0x1a, 0x01, 0x0a, 0x1b, 0x55,
  0x07, 0x18, 0x0c, 0xff, 0x01, 0x19, 0x5b, 0x01, 0x1d, 0x1b, 0x57, 0x0c,
  0x52, 0x01, 0x15, 0x1a, 0xff, 0x01, 0x19, 0x5b, 0x01, 0x53, 0x0c, 0x09,
  0x1b, 0x1a, 0x0a, 0x01, 0x0d, 0x1b, 0x52, 0x19, 0x3f, 0x7f, 0xff, 0xff
};

static const uint8_t EN_SCRIPT_241[] = {
  0xf4, 0x09, 0xff, 0xff
};

static const uint8_t EN_SCRIPT_242[] = {
  0xf4, 0x24, 0xff, 0xff
};

static const uint8_t EN_SCRIPT_243[] = {
  0xf4, 0x61, 0x7e, 0x5a, 0x11, 0x7b, 0x01, 0x1a, 0x1b, 0x40, 0xff, 0x01,
  0x54, 0x11, 0x0c, 0x5b, 0x42, 0x52, 0x0c, 0x01, 0x0d, 0x15, 0x0e, 0x11,
  0x54, 0x15, 0x1a, 0x0e, 0x3f, 0x7f, 0xfe, 0xff, 0xf4, 0x09, 0x7e, 0x10,
  0x11, 0x15, 0x09, 0x11, 0x01, 0x1b, 0x1a, 0x0c, 0x01, 0x0a, 0x1b, 0x01,
  0x57, 0x0c, 0xff, 0x01, 0x11, 0x0c, 0x18, 0x1d, 0x3e, 0x7f, 0xfe, 0xff,
  0xf4, 0x61, 0x7e, 0x50, 0x05, 0x15, 0x18, 0x7b, 0x01, 0x11, 0x0c, 0x42,
  0x53, 0x01, 0x54, 0x11, 0x0c, 0xff, 0x01, 0x1b, 0x1a, 0x0c, 0x01, 0x1b,
  0x1a, 0x01, 0x54, 0x11, 0x0c, 0x01, 0x18, 0x0c, 0x0d, 0x54, 0x7c, 0x7f,
  0xff, 0xff
};

static const uint8_t EN_SCRIPT_244[] = {
  0xf4, 0x22, 0x7e, 0x47, 0x11, 0x05, 0x1a, 0x17, 0x53, 0x01, 0x0d, 0x1b,
  0x52, 0x01, 0x54, 0x11, 0x0c, 0xff, 0x01, 0x11, 0x0c, 0x18, 0x1d, 0x7b,
  0x01, 0x07, 0x55, 0x54, 0x01, 0x8e, 0x01, 0x57, 0x05, 0x53, 0xff, 0x01,
  0x1b, 0x1a, 0x18, 0x5b, 0x01, 0x54, 0x52, 0x05, 0x15, 0x1a, 0x15, 0x1a,
  0x0e, 0xff, 0x01, 0x57, 0x15, 0x54, 0x11, 0x01, 0x05, 0x01, 0x0a, 0x1b,
  0x55, 0x07, 0x18, 0x0c, 0x7c, 0x7f, 0xff, 0xff
};

static const uint8_t EN_SCRIPT_245[] = {
  0xf4, 0x22, 0x7e, 0x8e, 0x42, 0x18, 0x18, 0x01, 0x54, 0x05, 0x17, 0x0c,
  0x01, 0x5b, 0x1b, 0x55, 0xff, 0x01, 0x54, 0x1b, 0x01, 0xed, 0x55, 0x52,
  0x55, 0x01, 0x1a, 0x1b, 0x57, 0x7c, 0x7f, 0xff, 0xff
};

static const uint8_t EN_SCRIPT_246[] = {
  0xf4, 0x22, 0x7e, 0x8e, 0x42, 0x18, 0x18, 0x01, 0x53, 0x54, 0x05, 0x5b,
  0x01, 0x11, 0x0c, 0x52, 0x0c, 0xff, 0x01, 0x05, 0x1a, 0x0a, 0x01, 0x0e,
  0x55, 0x05, 0x52, 0x0a, 0x01, 0x54, 0x11, 0x0c, 0xff, 0x01, 0x0a, 0x1b,
  0x1b, 0x52, 0x7c, 0x7f, 0xfe, 0xff, 0xf4, 0x22, 0x7e, 0xeb, 0x1a, 0x54,
  0x0c, 0x52, 0x3f, 0x7f, 0xff, 0xff
};

static const uint8_t EN_SCRIPT_247[] = {
  0xf4, 0x22, 0x7e, 0x8a, 0x55, 0x52, 0x52, 0x5b, 0x01, 0x54, 0x1b, 0x01,
  0x54, 0x11, 0x0c, 0xff, 0x01, 0xea, 0x52, 0x05, 0x0e, 0x1b, 0x1a, 0x01,
  0x8c, 0x05, 0x18, 0x18, 0x7c, 0x7f, 0xff, 0xff
};

static const uint8_t EN_SCRIPT_248[] = {
  0xf4, 0x09, 0x7e, 0x47, 0x11, 0x05, 0x1a, 0x17, 0x01, 0x5b, 0x1b, 0x55,
  0x7b, 0xff, 0x01, 0x50, 0x05, 0x15, 0x18, 0x7c, 0xff, 0x01, 0xed, 0x1b,
  0x1b, 0x0a, 0x07, 0x5b, 0x0c, 0x7c, 0x7f, 0xff, 0xff
};

static const uint8_t EN_SCRIPT_249[] = {
  0xf4, 0x6f, 0x7e, 0x8e, 0x01, 0x57, 0x15, 0x18, 0x18, 0x01, 0x05, 0x57,
  0x05, 0x17, 0x0c, 0x1a, 0xff, 0x01, 0x5b, 0x1b, 0x55, 0x52, 0x01, 0x11,
  0x15, 0x0a, 0x0a, 0x0c, 0x1a, 0xff, 0x01, 0x1d, 0x1b, 0x57, 0x0c, 0x52,
  0x7c, 0x7f, 0xfe, 0xff, 0xf4, 0x09, 0x7e, 0x10, 0x05, 0x40, 0x05, 0x05,
  0x05, 0x05, 0x05, 0x11, 0x3f, 0x7f, 0xff, 0xff
};

static const uint8_t EN_SCRIPT_250[] = {
  0xf4, 0x0a, 0x7e, 0x14, 0x55, 0x09, 0x11, 0x01, 0x53, 0x54, 0x52, 0x0c,
  0x1a, 0x0e, 0x54, 0x11, 0x40, 0x7f, 0xff, 0xff
};

static const uint8_t EN_SCRIPT_251[] = {
  0xf4, 0x22, 0x7e, 0x8e, 0x01, 0x57, 0x15, 0x18, 0x18, 0x01, 0x53, 0x54,
  0x05, 0x5b, 0x01, 0x11, 0x0c, 0x52, 0x0c, 0x7c, 0xfe, 0xff, 0xf4, 0x6f,
  0x7e, 0x45, 0x1b, 0x55, 0x52, 0x01, 0x57, 0x15, 0x53, 0x11, 0x01, 0x19,
  0x05, 0x5b, 0xff, 0x01, 0x1a, 0x1b, 0x54, 0x01, 0x09, 0x1b, 0x19, 0x0c,
  0x01, 0x54, 0x52, 0x55, 0x0c, 0x7c, 0x7f, 0xfe, 0xff, 0xf4, 0x09, 0x7e,
  0x8c, 0x55, 0x54, 0x40, 0x01, 0x57, 0x11, 0x5b, 0x3e, 0x7f, 0xff, 0xff
};

static const uint8_t EN_SCRIPT_252[] = {
  0xf4, 0x22, 0xff, 0xff
};

static const uint8_t EN_SCRIPT_253[] = {
  0xf4, 0x6f, 0x7e, 0x8c, 0x0c, 0x09, 0x05, 0x55, 0x53, 0x0c, 0x01, 0x8e,
  0x01, 0x57, 0x15, 0x18, 0x18, 0xff, 0x01, 0x0a, 0x15, 0x0c, 0x01, 0x53,
  0x1b, 0x1b, 0x1a, 0x7b, 0x01, 0x05, 0x1a, 0x0a, 0x01, 0x54, 0x11, 0x0c,
  0xff, 0x01, 0xea, 0x52, 0x05, 0x0e, 0x1b, 0x1a, 0x01, 0x8c, 0x05, 0x18,
  0x18, 0x53, 0x01, 0x57, 0x15, 0x18, 0x18, 0xff, 0x01, 0x0a, 0x15, 0x53,
  0x05, 0x1d, 0x1d, 0x0c, 0x05, 0x52, 0x01, 0x57, 0x15, 0x54, 0x11, 0xff,
  0x01, 0x19, 0x0c, 0x7c, 0x7f, 0xff, 0xff
};

static const uint8_t EN_SCRIPT_254[] = {
  0xf4, 0x09, 0x7e, 0x47, 0x11, 0x0c, 0x52, 0x0c, 0x01, 0x05, 0x52, 0x0c,
  0x01, 0x54, 0x57, 0x1b, 0xff, 0x01, 0x19, 0x1b, 0x52, 0x0c, 0x01, 0xea,
  0x52, 0x05, 0x0e, 0x1b, 0x1a, 0x01, 0x8c, 0x05, 0x18, 0x18, 0x53, 0x3f,
  0x7f, 0xfe, 0xff, 0xf4, 0x0f, 0x7e, 0x10, 0x0c, 0x01, 0x19, 0x55, 0x53,
  0x54, 0x01, 0x11, 0x55, 0x52, 0x52, 0x5b, 0x3f, 0x7f, 0xff, 0xff
};

static const uint8_t EN_SCRIPT_255[] = {
  0xf4, 0x2e, 0x7e, 0x10, 0x11, 0x0c, 0x52, 0x0c, 0x01, 0x05, 0x52, 0x0c,
  0x01, 0x5b, 0x1b, 0x55, 0xff, 0x01, 0x0e, 0x1b, 0x15, 0x1a, 0x0e, 0x3e,
  0x7f, 0xfe, 0xff, 0xf4, 0x2b, 0x7e, 0x8c, 0x05, 0x53, 0x54, 0x05, 0x52,
  0x0a, 0x53, 0x3f, 0xff, 0x01, 0x45, 0x1b, 0x55, 0x42, 0x18, 0x18, 0x01,
  0x1d, 0x05, 0x5b, 0x01, 0x0d, 0x1b, 0x52, 0xff, 0x01, 0x17, 0x15, 0x18,
  0x18, 0x15, 0x1a, 0x0e, 0x01, 0x1b, 0x55, 0x52, 0xff, 0x01, 0x0d, 0x52,
  0x15, 0x0c, 0x1a, 0x0a, 0x53, 0x7c, 0x7f, 0xff, 0xff
};

static const uint8_t EN_SCRIPT_256[] = {
  0xf4, 0x09, 0x7e, 0x10, 0x0c, 0x42, 0x18, 0x18, 0x01, 0x07, 0x0c, 0x01,
  0x53, 0x05, 0x0d, 0x0c, 0xff, 0x01, 0x11, 0x0c, 0x52, 0x0c, 0x7c, 0x7f,
  0xff, 0xff
};

static const uint8_t EN_SCRIPT_257[] = {
  0xf4, 0x09, 0x7e, 0x45, 0x1b, 0x55, 0x52, 0x01, 0x0d, 0x05, 0x54, 0x11,
  0x0c, 0x52, 0x3e, 0x7f, 0xfe, 0xff, 0xf4, 0x61, 0x7e, 0x45, 0x0c, 0x53,
  0x7b, 0x01, 0x54, 0x11, 0x0c, 0x01, 0x09, 0x52, 0x0c, 0x05, 0x54, 0x1b,
  0x52, 0xff, 0x01, 0x1b, 0x0d, 0x01, 0x05, 0x18, 0x18, 0x01, 0x50, 0x05,
  0x19, 0x0c, 0x17, 0x53, 0x7c, 0x7f, 0xfe, 0xff, 0xf4, 0x09, 0x7e, 0x5a,
  0x17, 0x05, 0x5b, 0x7c, 0x7f, 0xff, 0xff
};

static const uint8_t EN_SCRIPT_258[] = {
  0xf4, 0x09, 0x7e, 0x10, 0x11, 0x5b, 0x01, 0x53, 0x11, 0x1b, 0x55, 0x18,
  0x0a, 0x01, 0x8e, 0xff, 0x01, 0x54, 0x52, 0x55, 0x53, 0x54, 0x01, 0x5b,
  0x1b, 0x55, 0x3e, 0x7f, 0xfe, 0xff, 0xf4, 0x0f, 0x7e, 0x8c, 0x0c, 0x09,
  0x05, 0x55, 0x53, 0x0c, 0x01, 0x5b, 0x1b, 0x55, 0x01, 0x0a, 0x1b, 0x1a,
  0x42, 0x54, 0xff, 0x01, 0x11, 0x05, 0x56, 0x0c, 0x01, 0x05, 0x01, 0x09,
  0x11, 0x1b, 0x15, 0x09, 0x0c, 0x7c, 0x7f, 0xfe, 0xff, 0xf4, 0x09, 0x7e,
  0xee, 0x0c, 0x54, 0x42, 0x53, 0x01, 0x0e, 0x1b, 0x40, 0x7f, 0xff, 0xff
};

static const uint8_t EN_SCRIPT_259[] = {
  0xf4, 0x09, 0x7e, 0x8e, 0x54, 0x42, 0x53, 0x01, 0x19, 0x05, 0x0e, 0x1a,
  0x15, 0x0d, 0x15, 0x09, 0x0c, 0x1a, 0x54, 0x40, 0x3f, 0x7f, 0xfe, 0xff,
  0xf4, 0x61, 0x7e, 0x10, 0x0c, 0x01, 0x57, 0x0c, 0x52, 0x0c, 0x01, 0x18,
  0x55, 0x09, 0x17, 0x5b, 0xff, 0x01, 0x54, 0x1b, 0x01, 0x07, 0x0c, 0x01,
  0x54, 0x11, 0x0c, 0xff, 0x01, 0x0d, 0x15, 0x52, 0x53, 0x54, 0x40, 0x7f,
  0xfe, 0xff, 0xf4, 0x09, 0x7e, 0xee, 0x0c, 0x54, 0x42, 0x53, 0x01, 0x09,
  0x1b, 0x1a, 0x54, 0x15, 0x1a, 0x55, 0x0c, 0x40, 0x7f, 0xff, 0xff
};

static const uint8_t EN_SCRIPT_260[] = {
  0xf4, 0x0f, 0x7e, 0x8e, 0x01, 0x53, 0x0c, 0x0c, 0x01, 0x5b, 0x1b, 0x55,
  0x42, 0x56, 0x0c, 0xff, 0x01, 0x19, 0x05, 0x0a, 0x0c, 0x01, 0x19, 0x55,
  0x09, 0x11, 0xff, 0x01, 0x1d, 0x52, 0x1b, 0x0e, 0x52, 0x0c, 0x53, 0x53,
  0x40, 0x7f, 0xfe, 0xff, 0xf4, 0x09, 0x7e, 0x8a, 0x0c, 0x01, 0x11, 0x0c,
  0x7b, 0x01, 0x5b, 0x0c, 0x53, 0x3f, 0x7f, 0xff, 0xff
};

static const uint8_t EN_SCRIPT_261[] = {
  0xf4, 0x09, 0x7e, 0x10, 0x11, 0x1b, 0x42, 0x53, 0x01, 0x54, 0x11, 0x05,
  0x54, 0x3e, 0x7f, 0xff, 0xff
};

static const uint8_t EN_SCRIPT_262[] = {
  0xf4, 0x0f, 0x7e, 0x8e, 0x0a, 0x15, 0x1b, 0x54, 0x3f, 0x01, 0x8e, 0x0d,
  0x01, 0x8e, 0xff, 0x01, 0x11, 0x05, 0x0a, 0x01, 0x17, 0x1a, 0x1b, 0x57,
  0x1a, 0x40, 0x7f, 0xfe, 0xff, 0xf4, 0x0f, 0x7e, 0x40, 0x8e, 0x01, 0x57,
  0x1b, 0x55, 0x18, 0x0a, 0x1a, 0x42, 0x54, 0xff, 0x01, 0x07, 0x0c, 0x01,
  0x11, 0x0c, 0x52, 0x0c, 0x01, 0x57, 0x15, 0x54, 0x11, 0xff, 0x01, 0x5b,
  0x1b, 0x55, 0x01, 0x1a, 0x1b, 0x57, 0x7c, 0x7f, 0xff, 0xff
};

static const uint8_t EN_SCRIPT_263[] = {
  0xf4, 0x09, 0x7e, 0xea, 0x1b, 0x1a, 0x42, 0x54, 0x01, 0x1d, 0x05, 0x1a,
  0x15, 0x09, 0x7c, 0x7f, 0xfe, 0xff, 0xf4, 0x09, 0x7e, 0x10, 0x0c, 0x42,
  0x18, 0x18, 0x01, 0x0d, 0x15, 0x0e, 0x55, 0x52, 0x0c, 0xff, 0x01, 0x53,
  0x1b, 0x19, 0x0c, 0x54, 0x11, 0x15, 0x1a, 0x0e, 0x01, 0x1b, 0x55, 0x54,
  0x3f, 0x7f, 0xff, 0xff
};

static const uint8_t EN_SCRIPT_264[] = {
  0xf4, 0x35, 0x7e, 0x8e, 0x42, 0x18, 0x18, 0x01, 0x0e, 0x15, 0x56, 0x0c,
  0x01, 0x5b, 0x1b, 0x55, 0xff, 0x01, 0x05, 0x01, 0x09, 0x11, 0x05, 0x1a,
  0x09, 0x0c, 0x40, 0x7f, 0xfe, 0xff, 0xf4, 0x35, 0x7e, 0x8e, 0x01, 0x57,
  0x1b, 0x1a, 0x42, 0x54, 0x01, 0x55, 0x53, 0x0c, 0xff, 0x01, 0x05, 0x1a,
  0x5b, 0x01, 0x8d, 0x8e, 0x01, 0x05, 0x54, 0x54, 0x05, 0x09, 0x17, 0x53,
  0x7c, 0xff, 0x01, 0x45, 0x1b, 0x55, 0x01, 0x09, 0x05, 0x1a, 0x01, 0x0e,
  0x1b, 0x01, 0x0d, 0x15, 0x52, 0x53, 0x54, 0x7c, 0xff, 0x01, 0xed, 0x1b,
  0x01, 0x1b, 0x1a, 0x7c, 0x7f, 0xff, 0xff
};

static const uint8_t EN_SCRIPT_265[] = {
  0xf4, 0x35, 0x7e, 0x50, 0x1b, 0x57, 0x7b, 0xff, 0x01, 0x57, 0x11, 0x0c,
  0x52, 0x0c, 0x01, 0x15, 0x53, 0x01, 0x54, 0x11, 0x0c, 0xff, 0x01, 0xea,
  0x52, 0x05, 0x0e, 0x1b, 0x1a, 0x01, 0x8c, 0x05, 0x18, 0x18, 0x3e, 0x7f,
  0xfe, 0xff, 0xf4, 0x22, 0x7e, 0xe8, 0x52, 0x52, 0x52, 0x0e, 0x11, 0x40,
  0xff, 0x01, 0x45, 0x1b, 0x55, 0x42, 0x52, 0x0c, 0x01, 0x54, 0x1b, 0x1b,
  0x01, 0x18, 0x05, 0x54, 0x0c, 0x7b, 0xff, 0x01, 0xec, 0x52, 0x15, 0x0c,
  0x5c, 0x05, 0x7c, 0x7f, 0xff, 0xff
};

static const uint8_t EN_SCRIPT_266[] = {
  0xf4, 0x35, 0x7e, 0x45, 0x1b, 0x55, 0x01, 0x57, 0x0c, 0x52, 0x0c, 0x01,
  0x54, 0x52, 0x5b, 0x15, 0x1a, 0x0e, 0xff, 0x01, 0x54, 0x1b, 0x01, 0x53,
  0x54, 0x05, 0x18, 0x18, 0x01, 0x19, 0x0c, 0x3e, 0x7f, 0xff, 0xff
};

static const uint8_t EN_SCRIPT_267[] = {
  0xf4, 0x35, 0x7e, 0x50, 0x1b, 0x3f, 0x01, 0x47, 0x11, 0x0c, 0x5b, 0x42,
  0x52, 0x0c, 0x01, 0x0e, 0x1b, 0x15, 0x1a, 0x0e, 0xff, 0x01, 0x54, 0x1b,
  0x01, 0x53, 0x55, 0x19, 0x19, 0x1b, 0x1a, 0x01, 0x54, 0x11, 0x0c, 0xff,
  0x01, 0x0a, 0x52, 0x05, 0x0e, 0x1b, 0x1a, 0x3f, 0x01, 0x8e, 0x42, 0x18,
  0x18, 0xff, 0x01, 0x17, 0x15, 0x18, 0x18, 0x01, 0x5b, 0x1b, 0x55, 0x01,
  0x05, 0x18, 0x18, 0x3f, 0x7f, 0xff, 0xff
};

static const uint8_t EN_SCRIPT_268[] = {
  0xf4, 0x35, 0xff, 0xff
};

static const uint8_t EN_SCRIPT_269[] = {
  0xf4, 0x09, 0x7e, 0x47, 0x11, 0x15, 0x53, 0x01, 0x18, 0x1b, 0x1b, 0x17,
  0x53, 0x01, 0x18, 0x15, 0x17, 0x0c, 0xff, 0x01, 0x05, 0x01, 0x0e, 0x1b,
  0x1b, 0x0a, 0x01, 0x53, 0x1d, 0x1b, 0x54, 0x7c, 0x7f, 0xff, 0xff
};

static const uint8_t EN_SCRIPT_270[] = {
  0xf4, 0x09, 0x7e, 0x8b, 0x15, 0x09, 0x09, 0x1b, 0x18, 0x1b, 0x01, 0x11,
  0x05, 0x53, 0x01, 0x07, 0x0c, 0x0c, 0x1a, 0xff, 0x01, 0x52, 0x0c, 0x56,
  0x15, 0x56, 0x0c, 0x0a, 0x7c, 0x7f, 0xfe, 0xff, 0xf4, 0x61, 0x7e, 0x10,
  0x0c, 0x01, 0x11, 0x05, 0x56, 0x0c, 0x01, 0x54, 0x1b, 0x01, 0x0e, 0x1b,
  0xff, 0x01, 0x53, 0x0c, 0x0c, 0x01, 0xed, 0x55, 0x52, 0x55, 0x40, 0x7f,
  0xfe, 0xff, 0xf4, 0x09, 0x7e, 0x5a, 0x1b, 0x1d, 0x53, 0x3f, 0x01, 0x40,
  0xef, 0x0c, 0x0e, 0x0c, 0x54, 0x05, 0x3f, 0x7f, 0xff, 0xff
};

static const uint8_t EN_SCRIPT_271[] = {
  0xf4, 0x09, 0x7e, 0xff, 0xff
};

static const uint8_t EN_SCRIPT_272[] = {
  0xf4, 0x01, 0x7e, 0xe8, 0x52, 0x0c, 0x01, 0x5b, 0x1b, 0x55, 0x01, 0x1b,
  0x17, 0x3e, 0xfe, 0xff, 0xf4, 0x22, 0x8e, 0x01, 0x0d, 0x1b, 0x55, 0x0e,
  0x11, 0x54, 0x01, 0x54, 0x11, 0x15, 0x53, 0xff, 0x01, 0x19, 0x1b, 0x1a,
  0x53, 0x54, 0x0c, 0x52, 0x40, 0xfe, 0xff, 0xf4, 0x22, 0x7e, 0x8e, 0x0d,
  0x01, 0x5b, 0x1b, 0x55, 0x01, 0x1d, 0x18, 0x05, 0x1a, 0xff, 0x01, 0x54,
  0x1b, 0x01, 0x0d, 0x05, 0x09, 0x0c, 0x01, 0x15, 0x54, 0x40, 0xff, 0x01,
  0x5b, 0x1b, 0x55, 0x42, 0x18, 0x18, 0x01, 0x1a, 0x0c, 0x0c, 0x0a, 0x01,
  0x19, 0x5b, 0xff, 0x01, 0x11, 0x0c, 0x18, 0x1d, 0x3f, 0x7f, 0xff, 0xff
};

static const uint8_t EN_SCRIPT_273[] = {
  0xf4, 0x01, 0x7e, 0x45, 0x1b, 0x55, 0x42, 0x52, 0x0c, 0x01, 0x11, 0x55,
  0x52, 0x54, 0x7b, 0x01, 0x5b, 0x1b, 0x55, 0xff, 0x01, 0x57, 0x1b, 0x55,
  0x18, 0x0a, 0x1a, 0x42, 0x54, 0x01, 0x07, 0x0c, 0x01, 0x05, 0x1a, 0x5b,
  0xff, 0x01, 0x11, 0x0c, 0x18, 0x1d, 0x7c, 0xfe, 0xff, 0xf4, 0x22, 0x10,
  0x0c, 0x01, 0x09, 0x05, 0x1a, 0x40, 0x01, 0x05, 0x52, 0x0e, 0x11, 0x40,
  0xff, 0x01, 0x0d, 0x55, 0x53, 0x0c, 0x01, 0x54, 0x1b, 0x0e, 0x0c, 0x54,
  0x11, 0x0c, 0x52, 0x3f, 0x7f, 0xff, 0xff
};

static const uint8_t EN_SCRIPT_274[] = {
  0xf4, 0x01, 0x7e, 0x8c, 0x55, 0x54, 0x7b, 0x01, 0x8e, 0x01, 0x0a, 0x1b,
  0x01, 0x1a, 0x1b, 0x54, 0xff, 0x01, 0x57, 0x05, 0x1a, 0x54, 0x01, 0x54,
  0x1b, 0x01, 0x18, 0x1b, 0x53, 0x0c, 0xff, 0x01, 0x19, 0x5b, 0x53, 0x0c,
  0x18, 0x0d, 0x3f, 0xfe, 0xff, 0xf4, 0x22, 0x7e, 0x45, 0x1b, 0x55, 0x01,
  0x57, 0x1b, 0x1a, 0x42, 0x54, 0x7c, 0xff, 0x01, 0x47, 0x1b, 0x0e, 0x0c,
  0x54, 0x11, 0x0c, 0x52, 0x40, 0x01, 0x57, 0x0c, 0x01, 0x09, 0x05, 0x1a,
  0x40, 0xff, 0x01, 0x0a, 0x0c, 0x0d, 0x0c, 0x05, 0x54, 0x01, 0x11, 0x15,
  0x19, 0x40, 0x7f, 0xff, 0xff
};

static const uint8_t EN_SCRIPT_275[] = {
  0xf4, 0x24, 0xff, 0xff
};

static const uint8_t EN_SCRIPT_276[] = {
  0xf4, 0x01, 0x7e, 0xff, 0xff
};

static const uint8_t EN_SCRIPT_277[] = {
  0xf4, 0x01, 0x7e, 0x40, 0x7c, 0x7f, 0xfe, 0xff, 0xf4, 0x01, 0x7e, 0x8e,
  0x1a, 0x09, 0x52, 0x0c, 0x0a, 0x15, 0x07, 0x18, 0x0c, 0x3f, 0x7f, 0xfe,
  0xff, 0xf4, 0x01, 0x7e, 0xee, 0x0c, 0x54, 0x42, 0x53, 0x01, 0x0e, 0x1b,
  0x3f, 0xff, 0x01, 0x8e, 0x01, 0x57, 0x15, 0x18, 0x18, 0x01, 0x0a, 0x0c,
  0x53, 0x54, 0x52, 0x1b, 0x5b, 0xff, 0x01, 0x11, 0x15, 0x19, 0x3f, 0x7f,
  0xff, 0xff
};

static const uint8_t EN_SCRIPT_278[] = {
  0xf4, 0x01, 0x7e, 0x10, 0x0c, 0x01, 0x1a, 0x0c, 0x0c, 0x0a, 0x01, 0x5b,
  0x1b, 0x55, 0x52, 0xff, 0x01, 0x11, 0x0c, 0x05, 0x18, 0x15, 0x1a, 0x0e,
  0x01, 0x05, 0x07, 0x15, 0x18, 0x15, 0x54, 0x5b, 0x40, 0xfe, 0xff, 0xf4,
  0x61, 0x7e, 0x5a, 0x17, 0x05, 0x5b, 0x7c, 0x7f, 0xff, 0xff
};

static const uint8_t EN_SCRIPT_279[] = {
  0xf4, 0x6b, 0x7e, 0x8a, 0x0c, 0x18, 0x18, 0x1b, 0x01, 0x07, 0x1b, 0x5b,
  0x53, 0xff, 0x01, 0x05, 0x52, 0x0c, 0x01, 0x5b, 0x1b, 0x55, 0x01, 0x1b,
  0x17, 0x3e, 0x7f, 0xf4, 0x6b, 0x7e, 0x8e, 0x42, 0x19, 0x01, 0x09, 0x1b,
  0x1b, 0x17, 0x15, 0x1a, 0x0e, 0x7b, 0xff, 0x01, 0x05, 0x18, 0x18, 0x52,
  0x15, 0x0e, 0x11, 0x54, 0x3e, 0x7f, 0xff, 0xff
};

static const uint8_t EN_SCRIPT_280[] = {
  0xf4, 0x1b, 0xff, 0xff
};

static const uint8_t EN_SCRIPT_281[] = {
  0xf4, 0x09, 0xff, 0xff
};

static const uint8_t EN_SCRIPT_282[] = {
  0xf4, 0x09, 0x7e, 0xed, 0x52, 0x0c, 0x05, 0x54, 0x3f, 0xff, 0x01, 0x47,
  0x11, 0x15, 0x53, 0x01, 0x15, 0x53, 0x01, 0x54, 0x11, 0x0c, 0xff, 0x01,
  0x53, 0x15, 0x58, 0x01, 0x53, 0x54, 0x05, 0x52, 0xff, 0x01, 0xea, 0x52,
  0x05, 0x0e, 0x1b, 0x1a, 0x01, 0x8c, 0x05, 0x18, 0x18, 0x3f, 0x7f, 0xff,
  0xff
};

static const uint8_t EN_SCRIPT_283[] = {
  0xf4, 0x00, 0x7e, 0x8a, 0x1b, 0x18, 0x0a, 0x01, 0x1b, 0x1a, 0x7b, 0x01,
  0x53, 0x1b, 0x1a, 0x3f, 0xff, 0x01, 0x8e, 0x42, 0x18, 0x18, 0x01, 0x07,
  0x0c, 0x01, 0x54, 0x11, 0x0c, 0x52, 0x0c, 0xff, 0x01, 0x53, 0x1b, 0x1b,
  0x1a, 0x3f, 0x7f, 0xfe, 0xff, 0xf4, 0x00, 0x7e, 0x50, 0x1b, 0x57, 0x7c,
  0xff, 0x01, 0x8e, 0x01, 0x19, 0x55, 0x53, 0x54, 0x01, 0x53, 0x54, 0x05,
  0x52, 0x54, 0xff, 0x01, 0x19, 0x5b, 0x01, 0x54, 0x52, 0x05, 0x15, 0x1a,
  0x15, 0x1a, 0x0e, 0x40, 0x7f, 0xff, 0xff
};

static const uint8_t EN_SCRIPT_284[] = {
  0xf4, 0x00, 0x7e, 0x1b, 0x1a, 0x01, 0x54, 0x11, 0x0c, 0xff, 0x01, 0x0e,
  0x52, 0x05, 0x56, 0x15, 0x54, 0x5b, 0x01, 0x19, 0x05, 0x09, 0x11, 0x15,
  0x1a, 0x0c, 0x3f, 0x7f, 0xff, 0xff
};

static const uint8_t EN_SCRIPT_285[] = {
  0xf4, 0x00, 0x7e, 0x47, 0x11, 0x0c, 0x5b, 0x01, 0x1a, 0x0c, 0x0c, 0x0a,
  0x01, 0x19, 0x5b, 0xff, 0x01, 0x11, 0x0c, 0x18, 0x1d, 0x40, 0x7f, 0xfe,
  0xff, 0xf4, 0x00, 0x3f, 0x3f, 0x3f, 0x3f, 0xfe, 0xff, 0xf4, 0x00, 0x7e,
  0x8e, 0x42, 0x19, 0x01, 0x52, 0x0c, 0x05, 0x0a, 0x5b, 0x3f, 0x7f, 0xff,
  0xff
};

static const uint8_t EN_SCRIPT_286[] = {
  0xf4, 0x96, 0xff, 0xff
};

static const uint8_t EN_SCRIPT_287[] = {
  0xf4, 0x0f, 0x7e, 0x8e, 0x01, 0x57, 0x05, 0x1a, 0x54, 0x01, 0x54, 0x1b,
  0x01, 0x55, 0x53, 0x0c, 0xff, 0x01, 0x05, 0x01, 0x53, 0x15, 0x1a, 0x0e,
  0x18, 0x0c, 0x01, 0x57, 0x15, 0x53, 0x11, 0x7c, 0x7f, 0xfe, 0xff, 0xf4,
  0x0f, 0x7e, 0xed, 0x1b, 0x11, 0x05, 0x1a, 0x01, 0x1a, 0x0c, 0x0c, 0x0a,
  0x53, 0x01, 0x19, 0x5b, 0xff, 0x01, 0x11, 0x0c, 0x18, 0x1d, 0x3f, 0x7f,
  0xff, 0xff
};

static const uint8_t EN_SCRIPT_288[] = {
  0xf4, 0x00, 0x7e, 0x8e, 0x01, 0x19, 0x55, 0x53, 0x54, 0x01, 0x54, 0x52,
  0x05, 0x15, 0x1a, 0xff, 0x01, 0x54, 0x1b, 0x01, 0x07, 0x0c, 0x09, 0x1b,
  0x19, 0x0c, 0x40, 0x7f, 0xfe, 0xff, 0xf4, 0x00, 0x7e, 0x0f, 0x1b, 0x52,
  0x0c, 0x01, 0x1d, 0x1b, 0x57, 0x0c, 0x52, 0x0d, 0x55, 0x18, 0x3f, 0x7f,
  0xff, 0xff
};

static const uint8_t EN_SCRIPT_289[] = {
  0xf4, 0x00, 0x7e, 0x8e, 0x01, 0x19, 0x55, 0x53, 0x54, 0x01, 0x54, 0x52,
  0x05, 0x15, 0x1a, 0xff, 0x01, 0x54, 0x1b, 0x01, 0x07, 0x0c, 0x09, 0x1b,
  0x19, 0x0c, 0x40, 0x7f, 0xfe, 0xff, 0xf4, 0x00, 0x7e, 0x0f, 0x1b, 0x52,
  0x0c, 0x01, 0x1d, 0x1b, 0x57, 0x0c, 0x52, 0x0d, 0x55, 0x18, 0x3f, 0x7f,
  0xff, 0xff
};

static const uint8_t EN_SCRIPT_290[] = {
  0xf4, 0x00, 0x7e, 0x8e, 0x01, 0x19, 0x55, 0x53, 0x54, 0x01, 0x54, 0x52,
  0x05, 0x15, 0x1a, 0xff, 0x01, 0x54, 0x1b, 0x01, 0x07, 0x0c, 0x09, 0x1b,
  0x19, 0x0c, 0x40, 0x7f, 0xfe, 0xff, 0xf4, 0x00, 0x7e, 0x0f, 0x1b, 0x52,
  0x0c, 0x01, 0x1d, 0x1b, 0x57, 0x0c, 0x52, 0x0d, 0x55, 0x18, 0x3f, 0x7f,
  0xff, 0xff
};

static const uint8_t EN_SCRIPT_291[] = {
  0xf4, 0x00, 0x7e, 0x8e, 0x01, 0x19, 0x55, 0x53, 0x54, 0x01, 0x54, 0x52,
  0x05, 0x15, 0x1a, 0xff, 0x01, 0x54, 0x1b, 0x01, 0x07, 0x0c, 0x09, 0x1b,
  0x19, 0x0c, 0x40, 0x7f, 0xfe, 0xff, 0xf4, 0x00, 0x7e, 0x0f, 0x1b, 0x52,
  0x0c, 0x01, 0x1d, 0x1b, 0x57, 0x0c, 0x52, 0x0d, 0x55, 0x18, 0x3f, 0x7f,
  0xff, 0xff
};

static const uint8_t EN_SCRIPT_292[] = {
  0xf4, 0x34, 0xff, 0xff
};

static const uint8_t EN_SCRIPT_293[] = {
  0xf4, 0x34, 0xff, 0xff
};

static const uint8_t EN_SCRIPT_294[] = {
  0xf4, 0x09, 0x7e, 0x8e, 0x42, 0x19, 0x01, 0x0e, 0x1b, 0x15, 0x1a, 0x0e,
  0x01, 0x54, 0x1b, 0xff, 0x01, 0x0e, 0x1b, 0x01, 0x18, 0x1b, 0x1b, 0x17,
  0x01, 0x0d, 0x1b, 0x52, 0xff, 0x01, 0x54, 0x11, 0x0c, 0x01, 0xea, 0x52,
  0x05, 0x0e, 0x1b, 0x1a, 0x01, 0x8c, 0x05, 0x18, 0x18, 0x53, 0x7c, 0x7f,
  0xff, 0xff
};

static const uint8_t EN_SCRIPT_295[] = {
  0xf4, 0x0a, 0x7e, 0x5a, 0x17, 0x7b, 0x01, 0xed, 0x1b, 0x11, 0x05, 0x1a,
  0x7c, 0xff, 0x01, 0x8e, 0x42, 0x19, 0x01, 0x09, 0x1b, 0x19, 0x15, 0x1a,
  0x0e, 0xff, 0x01, 0x57, 0x15, 0x54, 0x11, 0x01, 0x5b, 0x1b, 0x55, 0x7c,
  0x7f, 0xff, 0xff
};

static const uint8_t EN_SCRIPT_296[] = {
  0xf4, 0x6b, 0x7e, 0xee, 0x15, 0x53, 0x54, 0x0c, 0x1a, 0x3f, 0xff, 0x01,
  0x8c, 0x0c, 0x01, 0x09, 0x05, 0x52, 0x0c, 0x0d, 0x55, 0x18, 0x3f, 0x7f,
  0xff, 0xff
};

static const uint8_t EN_SCRIPT_297[] = {
  0xf4, 0x0c, 0x7e, 0x8e, 0x54, 0x42, 0x53, 0x01, 0x18, 0x0c, 0x53, 0x53,
  0xff, 0x01, 0x0a, 0x05, 0x1a, 0x0e, 0x0c, 0x52, 0x1b, 0x55, 0x53, 0x01,
  0x15, 0x0d, 0x01, 0x5b, 0x1b, 0x55, 0xff, 0x01, 0x53, 0x54, 0x05, 0x5b,
  0x01, 0x11, 0x0c, 0x52, 0x0c, 0x7b, 0xff, 0x01, 0x8c, 0x55, 0x18, 0x19,
  0x05, 0x7c, 0x7f, 0xff, 0xff
};

static const uint8_t EN_SCRIPT_298[] = {
  0xf4, 0x6b, 0x7e, 0x50, 0x40, 0x01, 0x1a, 0x1b, 0x3f, 0xff, 0x01, 0xe8,
  0x01, 0x14, 0x05, 0x15, 0x5b, 0x05, 0x1a, 0x01, 0x09, 0x05, 0x1d, 0x53,
  0x55, 0x18, 0x0c, 0x3f, 0x7f, 0xff, 0xff
};

static const uint8_t EN_SCRIPT_299[] = {
  0xf4, 0x0b, 0x7e, 0x8e, 0x54, 0x01, 0x19, 0x55, 0x53, 0x54, 0x01, 0x07,
  0x0c, 0xff, 0x01, 0xef, 0x0c, 0x0e, 0x0c, 0x54, 0x05, 0x3f, 0x7f, 0xff,
  0xff
};

static const uint8_t EN_SCRIPT_300[] = {
  0xf4, 0x09, 0x7e, 0x10, 0x0c, 0x01, 0x1a, 0x0c, 0x0c, 0x0a, 0x01, 0x54,
  0x1b, 0xff, 0x01, 0x0d, 0x15, 0x1a, 0x0a, 0x01, 0x54, 0x11, 0x0c, 0x01,
  0xea, 0x52, 0x05, 0x0e, 0x1b, 0x1a, 0xff, 0x01, 0x8c, 0x05, 0x18, 0x18,
  0x53, 0x01, 0x07, 0x0c, 0x0d, 0x1b, 0x52, 0x0c, 0x01, 0x11, 0x0c, 0xff,
  0x01, 0x0a, 0x1b, 0x0c, 0x53, 0x3f, 0x7f, 0xff, 0xff
};

static const uint8_t EN_SCRIPT_301[] = {
  0xf4, 0x74, 0x01, 0x8e, 0x19, 0x1d, 0x1b, 0x53, 0x53, 0x15, 0x07, 0x18,
  0x0c, 0x3f, 0xff, 0x01, 0x45, 0x1b, 0x55, 0x42, 0x18, 0x18, 0x01, 0x1a,
  0x0c, 0x0c, 0x0a, 0x01, 0x54, 0x11, 0x15, 0x53, 0xff, 0x01, 0x54, 0x1b,
  0x01, 0x0d, 0x15, 0x1a, 0x0a, 0x01, 0x54, 0x11, 0x0c, 0xff, 0x01, 0xea,
  0x52, 0x05, 0x0e, 0x1b, 0x1a, 0x07, 0x05, 0x18, 0x18, 0x53, 0x3f, 0xff,
  0xff
};

static const uint8_t EN_SCRIPT_302[] = {
  0xf4, 0x61, 0xff, 0xff
};

static const uint8_t EN_SCRIPT_303[] = {
  0xf4, 0x61, 0xff, 0xff
};

static const uint8_t EN_SCRIPT_304[] = {
  0xf4, 0x22, 0xff, 0xff
};

static const uint8_t EN_SCRIPT_305[] = {
  0xf4, 0x22, 0xff, 0xff
};

static const uint8_t EN_SCRIPT_306[] = {
  0xf4, 0x01, 0xff, 0xff
};

static const uint8_t EN_SCRIPT_307[] = {
  0xf4, 0x01, 0xff, 0xff
};

static const uint8_t EN_SCRIPT_308[] = {
  0xf4, 0x01, 0xff, 0xff
};

static const uint8_t EN_SCRIPT_309[] = {
  0xf4, 0x92, 0x7e, 0x10, 0x11, 0x1b, 0x01, 0x05, 0x52, 0x0c, 0x01, 0x5b,
  0x1b, 0x55, 0x3e, 0x7f, 0xff, 0xff
};

static const uint8_t EN_SCRIPT_310[] = {
  0xf4, 0x92, 0x7e, 0x10, 0x11, 0x1b, 0x01, 0x05, 0x52, 0x0c, 0x01, 0x5b,
  0x1b, 0x55, 0x3e, 0x7f, 0xff, 0xff
};

static const uint8_t EN_SCRIPT_311[] = {
  0xf4, 0x61, 0x7e, 0x8e, 0x42, 0x19, 0x01, 0xea, 0x0c, 0x1a, 0x0a, 0x0c,
  0x01, 0x05, 0x1a, 0x0a, 0xff, 0x01, 0x54, 0x11, 0x0c, 0x53, 0x0c, 0x01,
  0x05, 0x52, 0x0c, 0x01, 0x19, 0x5b, 0xff, 0x01, 0x0d, 0x52, 0x15, 0x0c,
  0x1a, 0x0a, 0x53, 0x7c, 0x7f, 0xff, 0xff
};

static const uint8_t EN_SCRIPT_312[] = {
  0xf4, 0x92, 0x7e, 0xec, 0x52, 0x15, 0x0c, 0x1a, 0x0a, 0x53, 0x3e, 0xff,
  0x01, 0x47, 0x11, 0x0c, 0x5b, 0x01, 0x18, 0x1b, 0x1b, 0x17, 0x01, 0x18,
  0x15, 0x17, 0x0c, 0xff, 0x01, 0x57, 0x05, 0x52, 0x52, 0x15, 0x1b, 0x52,
  0x53, 0x7c, 0x7f, 0xfe, 0xff, 0xf4, 0x92, 0x7e, 0x8c, 0x55, 0x54, 0x01,
  0x15, 0x0d, 0x01, 0x5b, 0x1b, 0x55, 0x01, 0x53, 0x05, 0x5b, 0xff, 0x01,
  0x53, 0x1b, 0x7b, 0x01, 0x8e, 0x01, 0x07, 0x0c, 0x18, 0x15, 0x0c, 0x56,
  0x0c, 0xff, 0x01, 0x5b, 0x1b, 0x55, 0x7c, 0x7f, 0xff, 0xff
};

static const uint8_t EN_SCRIPT_313[] = {
  0xf4, 0x92, 0x7e, 0x0f, 0x5b, 0x01, 0x0d, 0x52, 0x15, 0x0c, 0x1a, 0x0a,
  0x53, 0x7b, 0xff, 0x01, 0x5b, 0x1b, 0x55, 0x01, 0x53, 0x11, 0x1b, 0x55,
  0x18, 0x0a, 0xff, 0x01, 0x17, 0x1a, 0x1b, 0x57, 0x40, 0x7f, 0xfe, 0xff,
  0xf4, 0x92, 0x7e, 0x47, 0x11, 0x0c, 0x52, 0x0c, 0x01, 0x15, 0x53, 0x01,
  0x05, 0xff, 0x01, 0x19, 0x1b, 0x1a, 0x53, 0x54, 0x0c, 0x52, 0x01, 0x1a,
  0x05, 0x19, 0x0c, 0x0a, 0xff, 0x01, 0xec, 0x52, 0x15, 0x0c, 0x5c, 0x05,
  0x40, 0x7f, 0xff, 0xff
};

static const uint8_t EN_SCRIPT_314[] = {
  0xf4, 0x92, 0x7e, 0x8a, 0x0c, 0x42, 0x53, 0x01, 0x53, 0x0c, 0x05, 0x52,
  0x09, 0x11, 0x15, 0x1a, 0x0e, 0x01, 0x0d, 0x1b, 0x52, 0xff, 0x01, 0x54,
  0x11, 0x0c, 0x01, 0xea, 0x52, 0x05, 0x0e, 0x1b, 0x1a, 0x01, 0x8c, 0x05,
  0x18, 0x18, 0x53, 0x01, 0x54, 0x1b, 0xff, 0x01, 0x0e, 0x05, 0x15, 0x1a,
  0x01, 0x15, 0x19, 0x19, 0x1b, 0x52, 0x54, 0x05, 0x15, 0x18, 0x15, 0x54,
  0x5b, 0x3f, 0x7f, 0xff, 0xff
};

static const uint8_t EN_SCRIPT_315[] = {
  0xf4, 0x09, 0x7e, 0x47, 0x11, 0x05, 0x1a, 0x17, 0x01, 0x5b, 0x1b, 0x55,
  0x01, 0x0d, 0x1b, 0x52, 0xff, 0x01, 0x54, 0x11, 0x0c, 0x01, 0x57, 0x05,
  0x52, 0x1a, 0x15, 0x1a, 0x0e, 0x40, 0x7f, 0xff, 0xff
};

static const uint8_t EN_SCRIPT_316[] = {
  0xf4, 0x92, 0x7e, 0x8a, 0x0c, 0x5b, 0x7b, 0x01, 0x5b, 0x1b, 0x55, 0x42,
  0x52, 0x0c, 0xff, 0x01, 0x07, 0x05, 0x09, 0x17, 0x7c, 0xff, 0x01, 0xe8,
  0x52, 0x0c, 0x01, 0x5b, 0x1b, 0x55, 0x01, 0x05, 0x18, 0x18, 0x52, 0x15,
  0x0e, 0x11, 0x54, 0x3e, 0x7f, 0xff, 0xff
};

static const uint8_t EN_SCRIPT_317[] = {
  0xf4, 0x09, 0xff, 0xff
};

static const uint8_t EN_SCRIPT_318[] = {
  0xf4, 0x09, 0x7e, 0x45, 0x0c, 0x53, 0x7b, 0x01, 0x54, 0x11, 0x05, 0x1a,
  0x17, 0x53, 0x7c, 0x7f, 0xfe, 0xff, 0xf4, 0x92, 0x7e, 0x8e, 0x01, 0x09,
  0x05, 0x1a, 0x42, 0x54, 0x01, 0x0a, 0x1b, 0xff, 0x01, 0x05, 0x1a, 0x5b,
  0x54, 0x11, 0x15, 0x1a, 0x0e, 0x01, 0x0d, 0x1b, 0x52, 0x01, 0x5b, 0x1b,
  0x55, 0x7c, 0x7f, 0xff, 0xff
};

static const uint8_t EN_SCRIPT_319[] = {
  0xf4, 0x92, 0x7e, 0x8e, 0x01, 0x09, 0x05, 0x1a, 0x42, 0x54, 0xff, 0x01,
  0x11, 0x0c, 0x18, 0x1d, 0x01, 0x5b, 0x1b, 0x55, 0x3f, 0x7f, 0xff, 0xff
};

static const uint8_t EN_SCRIPT_320[] = {
  0xf4, 0x92, 0x7e, 0x8c, 0x55, 0x54, 0x7b, 0x01, 0x8e, 0x01, 0x09, 0x05,
  0x1a, 0x01, 0x0e, 0x15, 0x56, 0x0c, 0x01, 0x5b, 0x1b, 0x55, 0xff, 0x01,
  0x53, 0x1b, 0x19, 0x0c, 0x54, 0x11, 0x15, 0x1a, 0x0e, 0x01, 0x54, 0x1b,
  0x01, 0x0c, 0x05, 0x54, 0xff, 0x01, 0x05, 0x1a, 0x0a, 0x01, 0x54, 0x11,
  0x15, 0x53, 0x01, 0x15, 0x54, 0x0c, 0x19, 0x40, 0x7f, 0xff, 0xff
};

static const uint8_t EN_SCRIPT_321[] = {
  0xf4, 0x09, 0x7e, 0x0f, 0x1b, 0x1a, 0x53, 0x54, 0x0c, 0x52, 0x3f, 0x01,
  0x45, 0x1b, 0x55, 0x42, 0x18, 0x18, 0xff, 0x01, 0x1d, 0x05, 0x5b, 0x01,
  0x0d, 0x1b, 0x52, 0x01, 0x54, 0x11, 0x15, 0x53, 0x3f, 0x7f, 0xff, 0xff
};

static const uint8_t EN_SCRIPT_322[] = {
  0xf4, 0x1b, 0x7e, 0xea, 0x1b, 0x01, 0x5b, 0x1b, 0x55, 0x01, 0x17, 0x1a,
  0x1b, 0x57, 0x01, 0x57, 0x11, 0x1b, 0xff, 0x01, 0x5b, 0x1b, 0x55, 0x01,
  0x53, 0x1d, 0x0c, 0x05, 0x17, 0x01, 0x54, 0x1b, 0x3e, 0x7f, 0xfe, 0xff,
  0xf4, 0x1b, 0x7e, 0x8e, 0x42, 0x19, 0x01, 0xea, 0x1b, 0x0a, 0x1b, 0x52,
  0x15, 0x05, 0x7b, 0xff, 0x01, 0x1b, 0x1a, 0x0c, 0x01, 0x1b, 0x0d, 0x01,
  0xec, 0x52, 0x15, 0x0c, 0x5c, 0x05, 0x42, 0x53, 0xff, 0x01, 0x07, 0x0c,
  0x53, 0x54, 0x01, 0x19, 0x0c, 0x1a, 0x7c, 0x7f, 0xff, 0xff
};

static const uint8_t EN_SCRIPT_323[] = {
  0xf4, 0x09, 0x7e, 0x10, 0x11, 0x05, 0x54, 0x42, 0x53, 0x01, 0x54, 0x11,
  0x0c, 0xff, 0x01, 0x1d, 0x05, 0x53, 0x53, 0x57, 0x1b, 0x52, 0x0a, 0x3e,
  0x7f, 0xff, 0xff
};

static const uint8_t EN_SCRIPT_324[] = {
  0xf4, 0x0b, 0x7e, 0x5a, 0x11, 0x01, 0x1a, 0x1b, 0x7b, 0x01, 0x1a, 0x1b,
  0x1a, 0x0c, 0x01, 0x1b, 0x0d, 0x01, 0x55, 0x53, 0xff, 0x01, 0x17, 0x1a,
  0x1b, 0x57, 0x01, 0x15, 0x54, 0x3f, 0xff, 0x01, 0xea, 0x1b, 0x01, 0x5b,
  0x1b, 0x55, 0x7b, 0x01, 0xef, 0x0c, 0x0e, 0x0c, 0x54, 0x05, 0x3e, 0x7f,
  0xff, 0xff
};

static const uint8_t EN_SCRIPT_325[] = {
  0xf4, 0x0d, 0x7e, 0x3e, 0x7f, 0xff, 0xff
};

static const uint8_t EN_SCRIPT_326[] = {
  0xf4, 0x09, 0x7e, 0xef, 0x0c, 0x0e, 0x0c, 0x54, 0x05, 0x01, 0x15, 0x53,
  0x01, 0x05, 0x53, 0x18, 0x0c, 0x0c, 0x1d, 0xff, 0x01, 0x1a, 0x1b, 0x57,
  0x7c, 0xff, 0x01, 0xee, 0x0c, 0x54, 0x42, 0x53, 0x01, 0x0e, 0x1b, 0x3f,
  0x7f, 0xff, 0xff
};

static const uint8_t EN_SCRIPT_327[] = {
  0xf4, 0x01, 0xff, 0xff
};

static const uint8_t EN_SCRIPT_328[] = {
  0xf4, 0x09, 0x7e, 0x10, 0x11, 0x05, 0x54, 0x42, 0x53, 0x01, 0x54, 0x11,
  0x15, 0x53, 0xff, 0x01, 0x54, 0x11, 0x15, 0x1a, 0x0e, 0x01, 0x0d, 0x1b,
  0x52, 0x3e, 0x7f, 0xff, 0xff
};

static const uint8_t EN_SCRIPT_329[] = {
  0x01, 0xf4, 0x61, 0x7e, 0x10, 0x0c, 0x01, 0x53, 0x11, 0x1b, 0x55, 0x18,
  0x0a, 0x1a, 0x42, 0x54, 0xff, 0x01, 0x54, 0x1b, 0x55, 0x09, 0x11, 0x01,
  0x15, 0x54, 0x7c, 0x7f, 0xff, 0xff
};

static const uint8_t EN_SCRIPT_330[] = {
  0xf4, 0x0c, 0xff, 0xff
};

static const uint8_t EN_SCRIPT_331[] = {
  0xf4, 0x09, 0xff, 0xff
};

static const uint8_t EN_SCRIPT_332[] = {
  0xf4, 0x0b, 0xff, 0xff
};

static const uint8_t EN_SCRIPT_333[] = {
  0xf4, 0x09, 0x7e, 0x8e, 0x01, 0x0d, 0x0c, 0x0c, 0x18, 0x01, 0x1d, 0x1b,
  0x57, 0x0c, 0x52, 0x0d, 0x55, 0x18, 0x3f, 0x7f, 0xff, 0xff
};

static const uint8_t EN_SCRIPT_334[] = {
  0xf4, 0x6f, 0x7e, 0x47, 0x11, 0x05, 0x1a, 0x17, 0x01, 0x5b, 0x1b, 0x55,
  0x01, 0x0d, 0x1b, 0x52, 0xff, 0x01, 0x11, 0x0c, 0x18, 0x1d, 0x15, 0x1a,
  0x0e, 0x01, 0x19, 0x5b, 0xff, 0x01, 0x09, 0x11, 0x15, 0x18, 0x0a, 0x52,
  0x0c, 0x1a, 0x7c, 0x01, 0x47, 0x11, 0x0c, 0x5b, 0xff, 0x01, 0x57, 0x15,
  0x18, 0x18, 0x01, 0x53, 0x54, 0x05, 0x5b, 0x01, 0x11, 0x0c, 0x52, 0x0c,
  0x7c, 0x7f, 0xff, 0xff
};

static const uint8_t EN_SCRIPT_335[] = {
  0xf4, 0x6b, 0x7e, 0x10, 0x11, 0x0c, 0x52, 0x0c, 0x01, 0x05, 0x52, 0x0c,
  0x01, 0x5b, 0x1b, 0x55, 0xff, 0x01, 0x0e, 0x1b, 0x15, 0x1a, 0x0e, 0x01,
  0x54, 0x1b, 0x01, 0x54, 0x52, 0x05, 0x15, 0x1a, 0x3f, 0x3e, 0x7f, 0xff,
  0xff
};

static const uint8_t EN_SCRIPT_336[] = {
  0xf4, 0x0a, 0x7e, 0x8a, 0x0c, 0x11, 0x0c, 0x40, 0xff, 0x7f, 0xff, 0xff
};

static const uint8_t EN_SCRIPT_337[] = {
  0xf4, 0x0a, 0x7e, 0x47, 0x11, 0x05, 0x54, 0x01, 0x57, 0x05, 0x53, 0x01,
  0x05, 0x01, 0x09, 0x1b, 0x1d, 0x5b, 0xff, 0x01, 0x1b, 0x0d, 0x01, 0xec,
  0x52, 0x15, 0x0c, 0x5c, 0x05, 0x3f, 0x7f, 0xff, 0xff
};

static const uint8_t EN_SCRIPT_338[] = {
  0xf4, 0x09, 0x7e, 0x10, 0x1b, 0x57, 0x7b, 0x01, 0x18, 0x1b, 0x1b, 0x17,
  0x3f, 0xff, 0x01, 0x47, 0x11, 0x0c, 0x01, 0xea, 0x52, 0x05, 0x0e, 0x1b,
  0x1a, 0x07, 0x05, 0x18, 0x18, 0x53, 0x3f, 0x7f, 0xff, 0xff
};

static const uint8_t EN_SCRIPT_339[] = {
  0xf4, 0x0d, 0x7e, 0x45, 0x1b, 0x55, 0x42, 0x52, 0x0c, 0x01, 0x52, 0x15,
  0x0e, 0x11, 0x54, 0x3f, 0x7f, 0xff, 0xff
};

static const uint8_t EN_SCRIPT_340[] = {
  0xf4, 0x02, 0x7e, 0xea, 0x15, 0x0a, 0x01, 0x5b, 0x1b, 0x55, 0x01, 0x11,
  0x05, 0x56, 0x0c, 0xff, 0x01, 0x53, 0x1b, 0x19, 0x0c, 0x54, 0x11, 0x15,
  0x1a, 0x0e, 0x01, 0x54, 0x1b, 0x01, 0x0a, 0x1b, 0xff, 0x01, 0x07, 0x0c,
  0x0d, 0x1b, 0x52, 0x0c, 0x01, 0x09, 0x1b, 0x19, 0x15, 0x1a, 0x0e, 0x01,
  0x11, 0x0c, 0x52, 0x0c, 0x7b, 0xff, 0x01, 0x8d, 0x05, 0x17, 0x05, 0x52,
  0x1b, 0x54, 0x54, 0x1b, 0x3e, 0x7f, 0xff, 0xff
};

static const uint8_t EN_SCRIPT_341[] = {
  0xf4, 0x01, 0x7e, 0xeb, 0x1a, 0x1b, 0x55, 0x0e, 0x11, 0x01, 0x54, 0x05,
  0x18, 0x17, 0x3f, 0xff, 0x01, 0x8b, 0x52, 0x0c, 0x1d, 0x05, 0x52, 0x0c,
  0x01, 0x5b, 0x1b, 0x55, 0x52, 0x53, 0x0c, 0x18, 0x0d, 0x7b, 0xff, 0x01,
  0x06, 0x05, 0x0a, 0x15, 0x54, 0x5c, 0x3f, 0x7f, 0xff, 0xff
};

static const uint8_t EN_SCRIPT_342[] = {
  0xf4, 0x02, 0x7e, 0x45, 0x1b, 0x55, 0x01, 0x1d, 0x1b, 0x1b, 0x52, 0x01,
  0x0d, 0x1b, 0x1b, 0x18, 0x53, 0x40, 0xff, 0x01, 0x45, 0x1b, 0x55, 0x01,
  0x57, 0x05, 0x1a, 0x54, 0x01, 0x54, 0x1b, 0x01, 0x0d, 0x15, 0x0e, 0x11,
  0x54, 0xff, 0x01, 0x19, 0x0c, 0x01, 0x57, 0x15, 0x54, 0x11, 0x01, 0x5b,
  0x1b, 0x55, 0x52, 0xff, 0x01, 0x1d, 0x05, 0x54, 0x11, 0x0c, 0x54, 0x15,
  0x09, 0x01, 0x1d, 0x1b, 0x57, 0x0c, 0x52, 0xff, 0x01, 0x18, 0x0c, 0x56,
  0x0c, 0x18, 0x53, 0x3e, 0x7f, 0xff, 0xff
};

static const uint8_t EN_SCRIPT_343[] = {
  0xf4, 0x01, 0x7e, 0x47, 0x11, 0x05, 0x54, 0x01, 0x54, 0x11, 0x15, 0x1a,
  0x0e, 0x01, 0x57, 0x05, 0x53, 0xff, 0x01, 0x05, 0x01, 0x0d, 0x05, 0x17,
  0x0c, 0x3e, 0x01, 0x8e, 0x0d, 0x01, 0x06, 0x05, 0x0a, 0x15, 0x54, 0x5c,
  0xff, 0x01, 0x11, 0x05, 0x53, 0x01, 0x54, 0x11, 0x0c, 0x01, 0x53, 0x05,
  0x19, 0x0c, 0xff, 0x01, 0x1d, 0x1b, 0x57, 0x0c, 0x52, 0x01, 0x18, 0x0c,
  0x56, 0x0c, 0x18, 0x7b, 0x01, 0x57, 0x0c, 0xff, 0x01, 0x09, 0x05, 0x1a,
  0x01, 0x54, 0x05, 0x17, 0x0c, 0x01, 0x11, 0x15, 0x19, 0x3f, 0x7f, 0xff,
  0xff
};

static const uint8_t EN_SCRIPT_344[] = {
  0xf4, 0x00, 0x7e, 0x50, 0x1b, 0x7c, 0x01, 0x8a, 0x0c, 0x01, 0x15, 0x53,
  0xff, 0x01, 0x19, 0x55, 0x09, 0x11, 0x01, 0x53, 0x54, 0x52, 0x1b, 0x1a,
  0x0e, 0x0c, 0x52, 0xff, 0x01, 0x54, 0x11, 0x05, 0x1a, 0x01, 0x54, 0x11,
  0x05, 0x54, 0xff, 0x01, 0x19, 0x1b, 0x1a, 0x53, 0x54, 0x0c, 0x52, 0x7c,
  0x7f, 0xff, 0xff
};

static const uint8_t EN_SCRIPT_345[] = {
  0xf4, 0x76, 0x7e, 0x50, 0x1b, 0x57, 0x01, 0x15, 0x0d, 0x01, 0x1b, 0x1a,
  0x18, 0x5b, 0xff, 0x01, 0x8e, 0x01, 0x11, 0x05, 0x0a, 0x01, 0x53, 0x1b,
  0x19, 0x0c, 0xff, 0x01, 0x1d, 0x05, 0x1a, 0x54, 0x15, 0x0c, 0x53, 0x40,
  0x7f, 0xff, 0xff
};

static const uint8_t EN_SCRIPT_346[] = {
  0xf4, 0x0f, 0x7e, 0x14, 0x40, 0x53, 0x11, 0x15, 0x54, 0x3f, 0xff, 0x01,
  0x10, 0x40, 0x57, 0x11, 0x05, 0x54, 0x01, 0x05, 0x01, 0x53, 0x11, 0x05,
  0x19, 0x0c, 0x7c, 0x7f, 0xff, 0xff
};

static const uint8_t EN_SCRIPT_347[] = {
  0xf4, 0x01, 0x7e, 0x45, 0x1b, 0x55, 0x42, 0x52, 0x0c, 0x01, 0x11, 0x55,
  0x52, 0x54, 0x7c, 0x7f, 0xfe, 0xff, 0xf4, 0x01, 0x7e, 0x47, 0x11, 0x05,
  0x54, 0x01, 0x53, 0x1d, 0x52, 0x15, 0x1a, 0x0e, 0x01, 0x57, 0x15, 0x18,
  0x18, 0xff, 0x01, 0x11, 0x0c, 0x05, 0x18, 0x01, 0x5b, 0x1b, 0x55, 0x3f,
  0x7f, 0xff, 0xff
};

static const uint8_t EN_SCRIPT_348[] = {
  0xf4, 0x24, 0x7e, 0x47, 0x11, 0x05, 0x1a, 0x17, 0x53, 0x01, 0x0d, 0x1b,
  0x52, 0xff, 0x01, 0x0c, 0x56, 0x0c, 0x52, 0x5b, 0x54, 0x11, 0x15, 0x1a,
  0x0e, 0x3f, 0xff, 0x01, 0xed, 0x1b, 0x1b, 0x0a, 0x01, 0x18, 0x55, 0x09,
  0x17, 0x7c, 0x7f, 0xff, 0xff
};

static const uint8_t EN_SCRIPT_349[] = {
  0xf4, 0x09, 0x7e, 0x8e, 0x01, 0x54, 0x11, 0x15, 0x1a, 0x17, 0x01, 0x53,
  0x1b, 0x3f, 0x7f, 0xff, 0xff
};

static const uint8_t EN_SCRIPT_350[] = {
  0xf4, 0x09, 0x7e, 0x8e, 0x01, 0x54, 0x11, 0x15, 0x1a, 0x17, 0x01, 0x53,
  0x1b, 0x3f, 0x7f, 0xff, 0xff
};

static const uint8_t EN_SCRIPT_351[] = {
  0xf4, 0x09, 0x7e, 0x8e, 0x01, 0x54, 0x11, 0x15, 0x1a, 0x17, 0x01, 0x53,
  0x1b, 0x3f, 0x7f, 0xff, 0xff
};

static const uint8_t EN_SCRIPT_352[] = {
  0xf4, 0x09, 0x7e, 0x8e, 0x01, 0x54, 0x11, 0x15, 0x1a, 0x17, 0x01, 0x53,
  0x1b, 0x3f, 0x7f, 0xff, 0xff
};

static const uint8_t EN_SCRIPT_353[] = {
  0xf4, 0x24, 0x7e, 0x8e, 0x54, 0x01, 0x19, 0x55, 0x53, 0x54, 0x01, 0x07,
  0x0c, 0x3f, 0xff, 0x01, 0x8a, 0x0c, 0x01, 0x0a, 0x0c, 0x0d, 0x0c, 0x05,
  0x54, 0x0c, 0x0a, 0x01, 0x50, 0x05, 0x15, 0x18, 0x3f, 0x7f, 0xff, 0xff
};

static const uint8_t EN_SCRIPT_354[] = {
  0xf4, 0x24, 0x7e, 0x10, 0x0c, 0x01, 0x09, 0x1b, 0x55, 0x18, 0x0a, 0x01,
  0x15, 0x0d, 0x01, 0x5b, 0x1b, 0x55, 0xff, 0x01, 0x0d, 0x55, 0x53, 0x0c,
  0x01, 0x57, 0x15, 0x54, 0x11, 0x01, 0x55, 0x53, 0x7c, 0x7f, 0xff, 0xff
};

static const uint8_t EN_SCRIPT_355[] = {
  0xf4, 0x23, 0xff, 0xff
};

static const uint8_t EN_SCRIPT_356[] = {
  0xf4, 0x24, 0xff, 0xff
};

static const uint8_t EN_SCRIPT_357[] = {
  0xf4, 0x24, 0x7e, 0x8e, 0x54, 0x42, 0x53, 0x01, 0x54, 0x11, 0x0c, 0x01,
  0x1b, 0x1a, 0x18, 0x5b, 0xff, 0x01, 0x57, 0x05, 0x5b, 0x3f, 0x01, 0x10,
  0x0c, 0x01, 0x11, 0x05, 0x56, 0x0c, 0xff, 0x01, 0x54, 0x1b, 0x01, 0x54,
  0x52, 0x5b, 0x7c, 0x7f, 0xff, 0xff
};

static const uint8_t EN_SCRIPT_358[] = {
  0xf4, 0x23, 0x7e, 0x10, 0x0c, 0x01, 0x11, 0x05, 0x56, 0x0c, 0x01, 0x54,
  0x1b, 0xff, 0x01, 0x57, 0x1b, 0x52, 0x17, 0x01, 0x54, 0x1b, 0x0e, 0x0c,
  0x54, 0x11, 0x0c, 0x52, 0x7c, 0x7f, 0xfe, 0xff, 0xf4, 0x23, 0x7e, 0x45,
  0x1b, 0x55, 0x52, 0x01, 0x1d, 0x1b, 0x57, 0x0c, 0x52, 0x01, 0x57, 0x1b,
  0x55, 0x18, 0x0a, 0xff, 0x01, 0x0e, 0x52, 0x0c, 0x05, 0x54, 0x18, 0x5b,
  0x01, 0x15, 0x1a, 0x09, 0x52, 0x0c, 0x05, 0x53, 0x0c, 0x3f, 0x7f, 0xff,
  0xff
};

static const uint8_t EN_SCRIPT_359[] = {
  0xf4, 0x24, 0xff, 0xff
};

static const uint8_t EN_SCRIPT_360[] = {
  0xf4, 0x01, 0xff, 0xff
};

static const uint8_t EN_SCRIPT_361[] = {
  0xf4, 0x09, 0x7e, 0x45, 0x0c, 0x53, 0x7b, 0x01, 0x5b, 0x1b, 0x55, 0x42,
  0x52, 0x0c, 0x01, 0x52, 0x15, 0x0e, 0x11, 0x54, 0x7c, 0xff, 0x7f, 0xfe,
  0xff, 0xf4, 0x09, 0x7e, 0x8a, 0x0c, 0x42, 0x53, 0x01, 0x11, 0x15, 0x0a,
  0x15, 0x1a, 0x0e, 0x01, 0x54, 0x1b, 0xff, 0x01, 0x52, 0x0c, 0x0e, 0x0c,
  0x1a, 0x0c, 0x52, 0x05, 0x54, 0x0c, 0x7c, 0xff, 0x01, 0xee, 0x0c, 0x54,
  0x42, 0x53, 0x01, 0x19, 0x1b, 0x56, 0x0c, 0x01, 0x0d, 0x05, 0x53, 0x54,
  0x0c, 0x52, 0x3f, 0x7f, 0xff, 0xff
};

static const uint8_t EN_SCRIPT_362[] = {
  0xf4, 0x09, 0x7e, 0x45, 0x1b, 0x55, 0x01, 0x11, 0x05, 0x56, 0x0c, 0x01,
  0x54, 0x1b, 0x01, 0x54, 0x55, 0x52, 0x1a, 0xff, 0x01, 0x05, 0x18, 0x18,
  0x01, 0x54, 0x11, 0x0c, 0x01, 0x09, 0x52, 0x05, 0x1a, 0x17, 0x53, 0xff,
  0x01, 0x15, 0x1a, 0x01, 0x54, 0x11, 0x0c, 0x01, 0x09, 0x05, 0x56, 0x0c,
  0x01, 0x54, 0x1b, 0xff, 0x01, 0x54, 0x11, 0x0c, 0x01, 0x53, 0x1b, 0x55,
  0x54, 0x11, 0x7c, 0x7f, 0xff, 0xff
};

static const uint8_t EN_SCRIPT_363[] = {
  0xf4, 0x09, 0xff, 0xff
};

static const uint8_t EN_SCRIPT_364[] = {
  0xf4, 0x09, 0x7e, 0x8e, 0x01, 0x54, 0x11, 0x1b, 0x55, 0x0e, 0x11, 0x54,
  0x01, 0x5b, 0x1b, 0x55, 0xff, 0x01, 0x53, 0x54, 0x05, 0x5b, 0x0c, 0x0a,
  0x01, 0x15, 0x1a, 0x01, 0x54, 0x11, 0x0c, 0x01, 0x53, 0x11, 0x15, 0x1d,
  0x3e, 0x7f, 0xfe, 0xff, 0xf4, 0x6b, 0x7e, 0x50, 0x1b, 0x7b, 0x01, 0x8e,
  0x01, 0x0d, 0x1b, 0x55, 0x1a, 0x0a, 0x01, 0x05, 0xff, 0x01, 0x53, 0x05,
  0x0d, 0x0c, 0x52, 0x01, 0x1d, 0x18, 0x05, 0x09, 0x0c, 0x7c, 0x7f, 0xfe,
  0xff, 0xf4, 0x09, 0x7e, 0xee, 0x0c, 0x54, 0x42, 0x53, 0x01, 0x0e, 0x1b,
  0x01, 0x54, 0x05, 0x18, 0x17, 0xff, 0x01, 0x54, 0x11, 0x0c, 0x52, 0x0c,
  0x40, 0x7f, 0xff, 0xff
};

#define DBZ_EN_MAIN_SCRIPT_COUNT 345u
#define DBZ_EN_MAIN_SCRIPT_PTR_TOTAL 366u
/* Skipped empty: 23–42 (20); over-overlay: 365(2745) */

static const DbzEnScript EN_SCRIPTS[] = {
  {DBZ_MAIN_SCRIPT_BANK_SEL, 0u, EN_SCRIPT_0, sizeof EN_SCRIPT_0, 0x0682DCu},
  {DBZ_MAIN_SCRIPT_BANK_SEL, 1u, EN_SCRIPT_1, sizeof EN_SCRIPT_1, 0x06832Fu},
  {DBZ_MAIN_SCRIPT_BANK_SEL, 2u, EN_SCRIPT_2, sizeof EN_SCRIPT_2, 0x068370u},
  {DBZ_MAIN_SCRIPT_BANK_SEL, 3u, EN_SCRIPT_3, sizeof EN_SCRIPT_3, 0x0683A2u},
  {DBZ_MAIN_SCRIPT_BANK_SEL, 4u, EN_SCRIPT_4, sizeof EN_SCRIPT_4, 0x0683CCu},
  {DBZ_MAIN_SCRIPT_BANK_SEL, 5u, EN_SCRIPT_5, sizeof EN_SCRIPT_5, 0x0683D8u},
  {DBZ_MAIN_SCRIPT_BANK_SEL, 6u, EN_SCRIPT_6, sizeof EN_SCRIPT_6, 0x06842Fu},
  {DBZ_MAIN_SCRIPT_BANK_SEL, 7u, EN_SCRIPT_7, sizeof EN_SCRIPT_7, 0x06848Du},
  {DBZ_MAIN_SCRIPT_BANK_SEL, 8u, EN_SCRIPT_8, sizeof EN_SCRIPT_8, 0x0684DEu},
  {DBZ_MAIN_SCRIPT_BANK_SEL, 9u, EN_SCRIPT_9, sizeof EN_SCRIPT_9, 0x068522u},
  {DBZ_MAIN_SCRIPT_BANK_SEL, 10u, EN_SCRIPT_10, sizeof EN_SCRIPT_10, 0x068565u},
  {DBZ_MAIN_SCRIPT_BANK_SEL, 11u, EN_SCRIPT_11, sizeof EN_SCRIPT_11, 0x0685D9u},
  {DBZ_MAIN_SCRIPT_BANK_SEL, 12u, EN_SCRIPT_12, sizeof EN_SCRIPT_12, 0x0685D9u},
  {DBZ_MAIN_SCRIPT_BANK_SEL, 13u, EN_SCRIPT_13, sizeof EN_SCRIPT_13, 0x068619u},
  {DBZ_MAIN_SCRIPT_BANK_SEL, 14u, EN_SCRIPT_14, sizeof EN_SCRIPT_14, 0x068619u},
  {DBZ_MAIN_SCRIPT_BANK_SEL, 15u, EN_SCRIPT_15, sizeof EN_SCRIPT_15, 0x068660u},
  {DBZ_MAIN_SCRIPT_BANK_SEL, 16u, EN_SCRIPT_16, sizeof EN_SCRIPT_16, 0x068660u},
  {DBZ_MAIN_SCRIPT_BANK_SEL, 17u, EN_SCRIPT_17, sizeof EN_SCRIPT_17, 0x068660u},
  {DBZ_MAIN_SCRIPT_BANK_SEL, 18u, EN_SCRIPT_18, sizeof EN_SCRIPT_18, 0x068660u},
  {DBZ_MAIN_SCRIPT_BANK_SEL, 19u, EN_SCRIPT_19, sizeof EN_SCRIPT_19, 0x068660u},
  {DBZ_MAIN_SCRIPT_BANK_SEL, 20u, EN_SCRIPT_20, sizeof EN_SCRIPT_20, 0x068660u},
  {DBZ_MAIN_SCRIPT_BANK_SEL, 21u, EN_SCRIPT_21, sizeof EN_SCRIPT_21, 0x068682u},
  {DBZ_MAIN_SCRIPT_BANK_SEL, 22u, EN_SCRIPT_22, sizeof EN_SCRIPT_22, 0x0686A3u},
  {DBZ_MAIN_SCRIPT_BANK_SEL, 43u, EN_SCRIPT_43, sizeof EN_SCRIPT_43, 0x0686CBu},
  {DBZ_MAIN_SCRIPT_BANK_SEL, 44u, EN_SCRIPT_44, sizeof EN_SCRIPT_44, 0x06876Du},
  {DBZ_MAIN_SCRIPT_BANK_SEL, 45u, EN_SCRIPT_45, sizeof EN_SCRIPT_45, 0x068793u},
  {DBZ_MAIN_SCRIPT_BANK_SEL, 46u, EN_SCRIPT_46, sizeof EN_SCRIPT_46, 0x0687DCu},
  {DBZ_MAIN_SCRIPT_BANK_SEL, 47u, EN_SCRIPT_47, sizeof EN_SCRIPT_47, 0x068831u},
  {DBZ_MAIN_SCRIPT_BANK_SEL, 48u, EN_SCRIPT_48, sizeof EN_SCRIPT_48, 0x068865u},
  {DBZ_MAIN_SCRIPT_BANK_SEL, 49u, EN_SCRIPT_49, sizeof EN_SCRIPT_49, 0x068865u},
  {DBZ_MAIN_SCRIPT_BANK_SEL, 50u, EN_SCRIPT_50, sizeof EN_SCRIPT_50, 0x0688B4u},
  {DBZ_MAIN_SCRIPT_BANK_SEL, 51u, EN_SCRIPT_51, sizeof EN_SCRIPT_51, 0x068900u},
  {DBZ_MAIN_SCRIPT_BANK_SEL, 52u, EN_SCRIPT_52, sizeof EN_SCRIPT_52, 0x068936u},
  {DBZ_MAIN_SCRIPT_BANK_SEL, 53u, EN_SCRIPT_53, sizeof EN_SCRIPT_53, 0x068982u},
  {DBZ_MAIN_SCRIPT_BANK_SEL, 54u, EN_SCRIPT_54, sizeof EN_SCRIPT_54, 0x0689AAu},
  {DBZ_MAIN_SCRIPT_BANK_SEL, 55u, EN_SCRIPT_55, sizeof EN_SCRIPT_55, 0x0689FCu},
  {DBZ_MAIN_SCRIPT_BANK_SEL, 56u, EN_SCRIPT_56, sizeof EN_SCRIPT_56, 0x068A5Cu},
  {DBZ_MAIN_SCRIPT_BANK_SEL, 57u, EN_SCRIPT_57, sizeof EN_SCRIPT_57, 0x068A9Du},
  {DBZ_MAIN_SCRIPT_BANK_SEL, 58u, EN_SCRIPT_58, sizeof EN_SCRIPT_58, 0x068AD8u},
  {DBZ_MAIN_SCRIPT_BANK_SEL, 59u, EN_SCRIPT_59, sizeof EN_SCRIPT_59, 0x068B37u},
  {DBZ_MAIN_SCRIPT_BANK_SEL, 60u, EN_SCRIPT_60, sizeof EN_SCRIPT_60, 0x068B81u},
  {DBZ_MAIN_SCRIPT_BANK_SEL, 61u, EN_SCRIPT_61, sizeof EN_SCRIPT_61, 0x068BB9u},
  {DBZ_MAIN_SCRIPT_BANK_SEL, 62u, EN_SCRIPT_62, sizeof EN_SCRIPT_62, 0x068C0Au},
  {DBZ_MAIN_SCRIPT_BANK_SEL, 63u, EN_SCRIPT_63, sizeof EN_SCRIPT_63, 0x068C5Du},
  {DBZ_MAIN_SCRIPT_BANK_SEL, 64u, EN_SCRIPT_64, sizeof EN_SCRIPT_64, 0x068C92u},
  {DBZ_MAIN_SCRIPT_BANK_SEL, 65u, EN_SCRIPT_65, sizeof EN_SCRIPT_65, 0x068CA9u},
  {DBZ_MAIN_SCRIPT_BANK_SEL, 66u, EN_SCRIPT_66, sizeof EN_SCRIPT_66, 0x068CFFu},
  {DBZ_MAIN_SCRIPT_BANK_SEL, 67u, EN_SCRIPT_67, sizeof EN_SCRIPT_67, 0x068D37u},
  {DBZ_MAIN_SCRIPT_BANK_SEL, 68u, EN_SCRIPT_68, sizeof EN_SCRIPT_68, 0x068D90u},
  {DBZ_MAIN_SCRIPT_BANK_SEL, 69u, EN_SCRIPT_69, sizeof EN_SCRIPT_69, 0x068DB5u},
  {DBZ_MAIN_SCRIPT_BANK_SEL, 70u, EN_SCRIPT_70, sizeof EN_SCRIPT_70, 0x068DB5u},
  {DBZ_MAIN_SCRIPT_BANK_SEL, 71u, EN_SCRIPT_71, sizeof EN_SCRIPT_71, 0x068DE7u},
  {DBZ_MAIN_SCRIPT_BANK_SEL, 72u, EN_SCRIPT_72, sizeof EN_SCRIPT_72, 0x068E0Fu},
  {DBZ_MAIN_SCRIPT_BANK_SEL, 73u, EN_SCRIPT_73, sizeof EN_SCRIPT_73, 0x068E5Du},
  {DBZ_MAIN_SCRIPT_BANK_SEL, 74u, EN_SCRIPT_74, sizeof EN_SCRIPT_74, 0x068E72u},
  {DBZ_MAIN_SCRIPT_BANK_SEL, 75u, EN_SCRIPT_75, sizeof EN_SCRIPT_75, 0x068E8Eu},
  {DBZ_MAIN_SCRIPT_BANK_SEL, 76u, EN_SCRIPT_76, sizeof EN_SCRIPT_76, 0x068EADu},
  {DBZ_MAIN_SCRIPT_BANK_SEL, 77u, EN_SCRIPT_77, sizeof EN_SCRIPT_77, 0x068ECDu},
  {DBZ_MAIN_SCRIPT_BANK_SEL, 78u, EN_SCRIPT_78, sizeof EN_SCRIPT_78, 0x068EFEu},
  {DBZ_MAIN_SCRIPT_BANK_SEL, 79u, EN_SCRIPT_79, sizeof EN_SCRIPT_79, 0x068F23u},
  {DBZ_MAIN_SCRIPT_BANK_SEL, 80u, EN_SCRIPT_80, sizeof EN_SCRIPT_80, 0x068F5Au},
  {DBZ_MAIN_SCRIPT_BANK_SEL, 81u, EN_SCRIPT_81, sizeof EN_SCRIPT_81, 0x068F70u},
  {DBZ_MAIN_SCRIPT_BANK_SEL, 82u, EN_SCRIPT_82, sizeof EN_SCRIPT_82, 0x068FA7u},
  {DBZ_MAIN_SCRIPT_BANK_SEL, 83u, EN_SCRIPT_83, sizeof EN_SCRIPT_83, 0x068FEEu},
  {DBZ_MAIN_SCRIPT_BANK_SEL, 84u, EN_SCRIPT_84, sizeof EN_SCRIPT_84, 0x068FEEu},
  {DBZ_MAIN_SCRIPT_BANK_SEL, 85u, EN_SCRIPT_85, sizeof EN_SCRIPT_85, 0x06900Eu},
  {DBZ_MAIN_SCRIPT_BANK_SEL, 86u, EN_SCRIPT_86, sizeof EN_SCRIPT_86, 0x06902Cu},
  {DBZ_MAIN_SCRIPT_BANK_SEL, 87u, EN_SCRIPT_87, sizeof EN_SCRIPT_87, 0x06905Eu},
  {DBZ_MAIN_SCRIPT_BANK_SEL, 88u, EN_SCRIPT_88, sizeof EN_SCRIPT_88, 0x069081u},
  {DBZ_MAIN_SCRIPT_BANK_SEL, 89u, EN_SCRIPT_89, sizeof EN_SCRIPT_89, 0x0690B7u},
  {DBZ_MAIN_SCRIPT_BANK_SEL, 90u, EN_SCRIPT_90, sizeof EN_SCRIPT_90, 0x0690FDu},
  {DBZ_MAIN_SCRIPT_BANK_SEL, 91u, EN_SCRIPT_91, sizeof EN_SCRIPT_91, 0x069151u},
  {DBZ_MAIN_SCRIPT_BANK_SEL, 92u, EN_SCRIPT_92, sizeof EN_SCRIPT_92, 0x0691ADu},
  {DBZ_MAIN_SCRIPT_BANK_SEL, 93u, EN_SCRIPT_93, sizeof EN_SCRIPT_93, 0x0691F7u},
  {DBZ_MAIN_SCRIPT_BANK_SEL, 94u, EN_SCRIPT_94, sizeof EN_SCRIPT_94, 0x06924Bu},
  {DBZ_MAIN_SCRIPT_BANK_SEL, 95u, EN_SCRIPT_95, sizeof EN_SCRIPT_95, 0x0692ABu},
  {DBZ_MAIN_SCRIPT_BANK_SEL, 96u, EN_SCRIPT_96, sizeof EN_SCRIPT_96, 0x0692FBu},
  {DBZ_MAIN_SCRIPT_BANK_SEL, 97u, EN_SCRIPT_97, sizeof EN_SCRIPT_97, 0x06933Bu},
  {DBZ_MAIN_SCRIPT_BANK_SEL, 98u, EN_SCRIPT_98, sizeof EN_SCRIPT_98, 0x069398u},
  {DBZ_MAIN_SCRIPT_BANK_SEL, 99u, EN_SCRIPT_99, sizeof EN_SCRIPT_99, 0x0693E6u},
  {DBZ_MAIN_SCRIPT_BANK_SEL, 100u, EN_SCRIPT_100, sizeof EN_SCRIPT_100, 0x06940Au},
  {DBZ_MAIN_SCRIPT_BANK_SEL, 101u, EN_SCRIPT_101, sizeof EN_SCRIPT_101, 0x06940Au},
  {DBZ_MAIN_SCRIPT_BANK_SEL, 102u, EN_SCRIPT_102, sizeof EN_SCRIPT_102, 0x06946Au},
  {DBZ_MAIN_SCRIPT_BANK_SEL, 103u, EN_SCRIPT_103, sizeof EN_SCRIPT_103, 0x06948Bu},
  {DBZ_MAIN_SCRIPT_BANK_SEL, 104u, EN_SCRIPT_104, sizeof EN_SCRIPT_104, 0x0694C1u},
  {DBZ_MAIN_SCRIPT_BANK_SEL, 105u, EN_SCRIPT_105, sizeof EN_SCRIPT_105, 0x06951Bu},
  {DBZ_MAIN_SCRIPT_BANK_SEL, 106u, EN_SCRIPT_106, sizeof EN_SCRIPT_106, 0x0695D4u},
  {DBZ_MAIN_SCRIPT_BANK_SEL, 107u, EN_SCRIPT_107, sizeof EN_SCRIPT_107, 0x0695F6u},
  {DBZ_MAIN_SCRIPT_BANK_SEL, 108u, EN_SCRIPT_108, sizeof EN_SCRIPT_108, 0x069653u},
  {DBZ_MAIN_SCRIPT_BANK_SEL, 109u, EN_SCRIPT_109, sizeof EN_SCRIPT_109, 0x069653u},
  {DBZ_MAIN_SCRIPT_BANK_SEL, 110u, EN_SCRIPT_110, sizeof EN_SCRIPT_110, 0x069653u},
  {DBZ_MAIN_SCRIPT_BANK_SEL, 111u, EN_SCRIPT_111, sizeof EN_SCRIPT_111, 0x069675u},
  {DBZ_MAIN_SCRIPT_BANK_SEL, 112u, EN_SCRIPT_112, sizeof EN_SCRIPT_112, 0x0696EEu},
  {DBZ_MAIN_SCRIPT_BANK_SEL, 113u, EN_SCRIPT_113, sizeof EN_SCRIPT_113, 0x06972Au},
  {DBZ_MAIN_SCRIPT_BANK_SEL, 114u, EN_SCRIPT_114, sizeof EN_SCRIPT_114, 0x069787u},
  {DBZ_MAIN_SCRIPT_BANK_SEL, 115u, EN_SCRIPT_115, sizeof EN_SCRIPT_115, 0x0697BDu},
  {DBZ_MAIN_SCRIPT_BANK_SEL, 116u, EN_SCRIPT_116, sizeof EN_SCRIPT_116, 0x069806u},
  {DBZ_MAIN_SCRIPT_BANK_SEL, 117u, EN_SCRIPT_117, sizeof EN_SCRIPT_117, 0x06985Du},
  {DBZ_MAIN_SCRIPT_BANK_SEL, 118u, EN_SCRIPT_118, sizeof EN_SCRIPT_118, 0x069897u},
  {DBZ_MAIN_SCRIPT_BANK_SEL, 119u, EN_SCRIPT_119, sizeof EN_SCRIPT_119, 0x0698BDu},
  {DBZ_MAIN_SCRIPT_BANK_SEL, 120u, EN_SCRIPT_120, sizeof EN_SCRIPT_120, 0x0698F5u},
  {DBZ_MAIN_SCRIPT_BANK_SEL, 121u, EN_SCRIPT_121, sizeof EN_SCRIPT_121, 0x069932u},
  {DBZ_MAIN_SCRIPT_BANK_SEL, 122u, EN_SCRIPT_122, sizeof EN_SCRIPT_122, 0x069990u},
  {DBZ_MAIN_SCRIPT_BANK_SEL, 123u, EN_SCRIPT_123, sizeof EN_SCRIPT_123, 0x069990u},
  {DBZ_MAIN_SCRIPT_BANK_SEL, 124u, EN_SCRIPT_124, sizeof EN_SCRIPT_124, 0x069990u},
  {DBZ_MAIN_SCRIPT_BANK_SEL, 125u, EN_SCRIPT_125, sizeof EN_SCRIPT_125, 0x069990u},
  {DBZ_MAIN_SCRIPT_BANK_SEL, 126u, EN_SCRIPT_126, sizeof EN_SCRIPT_126, 0x069990u},
  {DBZ_MAIN_SCRIPT_BANK_SEL, 127u, EN_SCRIPT_127, sizeof EN_SCRIPT_127, 0x069990u},
  {DBZ_MAIN_SCRIPT_BANK_SEL, 128u, EN_SCRIPT_128, sizeof EN_SCRIPT_128, 0x069990u},
  {DBZ_MAIN_SCRIPT_BANK_SEL, 129u, EN_SCRIPT_129, sizeof EN_SCRIPT_129, 0x069990u},
  {DBZ_MAIN_SCRIPT_BANK_SEL, 130u, EN_SCRIPT_130, sizeof EN_SCRIPT_130, 0x0699AEu},
  {DBZ_MAIN_SCRIPT_BANK_SEL, 131u, EN_SCRIPT_131, sizeof EN_SCRIPT_131, 0x0699AEu},
  {DBZ_MAIN_SCRIPT_BANK_SEL, 132u, EN_SCRIPT_132, sizeof EN_SCRIPT_132, 0x0699ECu},
  {DBZ_MAIN_SCRIPT_BANK_SEL, 133u, EN_SCRIPT_133, sizeof EN_SCRIPT_133, 0x0699ECu},
  {DBZ_MAIN_SCRIPT_BANK_SEL, 134u, EN_SCRIPT_134, sizeof EN_SCRIPT_134, 0x069A1Fu},
  {DBZ_MAIN_SCRIPT_BANK_SEL, 135u, EN_SCRIPT_135, sizeof EN_SCRIPT_135, 0x069A53u},
  {DBZ_MAIN_SCRIPT_BANK_SEL, 136u, EN_SCRIPT_136, sizeof EN_SCRIPT_136, 0x069A53u},
  {DBZ_MAIN_SCRIPT_BANK_SEL, 137u, EN_SCRIPT_137, sizeof EN_SCRIPT_137, 0x069A53u},
  {DBZ_MAIN_SCRIPT_BANK_SEL, 138u, EN_SCRIPT_138, sizeof EN_SCRIPT_138, 0x069A53u},
  {DBZ_MAIN_SCRIPT_BANK_SEL, 139u, EN_SCRIPT_139, sizeof EN_SCRIPT_139, 0x069A53u},
  {DBZ_MAIN_SCRIPT_BANK_SEL, 140u, EN_SCRIPT_140, sizeof EN_SCRIPT_140, 0x069A53u},
  {DBZ_MAIN_SCRIPT_BANK_SEL, 141u, EN_SCRIPT_141, sizeof EN_SCRIPT_141, 0x069A53u},
  {DBZ_MAIN_SCRIPT_BANK_SEL, 142u, EN_SCRIPT_142, sizeof EN_SCRIPT_142, 0x069A53u},
  {DBZ_MAIN_SCRIPT_BANK_SEL, 143u, EN_SCRIPT_143, sizeof EN_SCRIPT_143, 0x069A53u},
  {DBZ_MAIN_SCRIPT_BANK_SEL, 144u, EN_SCRIPT_144, sizeof EN_SCRIPT_144, 0x069A53u},
  {DBZ_MAIN_SCRIPT_BANK_SEL, 145u, EN_SCRIPT_145, sizeof EN_SCRIPT_145, 0x069A53u},
  {DBZ_MAIN_SCRIPT_BANK_SEL, 146u, EN_SCRIPT_146, sizeof EN_SCRIPT_146, 0x069A53u},
  {DBZ_MAIN_SCRIPT_BANK_SEL, 147u, EN_SCRIPT_147, sizeof EN_SCRIPT_147, 0x069A93u},
  {DBZ_MAIN_SCRIPT_BANK_SEL, 148u, EN_SCRIPT_148, sizeof EN_SCRIPT_148, 0x069A93u},
  {DBZ_MAIN_SCRIPT_BANK_SEL, 149u, EN_SCRIPT_149, sizeof EN_SCRIPT_149, 0x069AD2u},
  {DBZ_MAIN_SCRIPT_BANK_SEL, 150u, EN_SCRIPT_150, sizeof EN_SCRIPT_150, 0x069AD2u},
  {DBZ_MAIN_SCRIPT_BANK_SEL, 151u, EN_SCRIPT_151, sizeof EN_SCRIPT_151, 0x069B0Du},
  {DBZ_MAIN_SCRIPT_BANK_SEL, 152u, EN_SCRIPT_152, sizeof EN_SCRIPT_152, 0x069B5Au},
  {DBZ_MAIN_SCRIPT_BANK_SEL, 153u, EN_SCRIPT_153, sizeof EN_SCRIPT_153, 0x069BA7u},
  {DBZ_MAIN_SCRIPT_BANK_SEL, 154u, EN_SCRIPT_154, sizeof EN_SCRIPT_154, 0x069C07u},
  {DBZ_MAIN_SCRIPT_BANK_SEL, 155u, EN_SCRIPT_155, sizeof EN_SCRIPT_155, 0x069C5Du},
  {DBZ_MAIN_SCRIPT_BANK_SEL, 156u, EN_SCRIPT_156, sizeof EN_SCRIPT_156, 0x069C92u},
  {DBZ_MAIN_SCRIPT_BANK_SEL, 157u, EN_SCRIPT_157, sizeof EN_SCRIPT_157, 0x069CBDu},
  {DBZ_MAIN_SCRIPT_BANK_SEL, 158u, EN_SCRIPT_158, sizeof EN_SCRIPT_158, 0x069CEFu},
  {DBZ_MAIN_SCRIPT_BANK_SEL, 159u, EN_SCRIPT_159, sizeof EN_SCRIPT_159, 0x069D1Du},
  {DBZ_MAIN_SCRIPT_BANK_SEL, 160u, EN_SCRIPT_160, sizeof EN_SCRIPT_160, 0x069D89u},
  {DBZ_MAIN_SCRIPT_BANK_SEL, 161u, EN_SCRIPT_161, sizeof EN_SCRIPT_161, 0x069DF3u},
  {DBZ_MAIN_SCRIPT_BANK_SEL, 162u, EN_SCRIPT_162, sizeof EN_SCRIPT_162, 0x069E4Du},
  {DBZ_MAIN_SCRIPT_BANK_SEL, 163u, EN_SCRIPT_163, sizeof EN_SCRIPT_163, 0x069E86u},
  {DBZ_MAIN_SCRIPT_BANK_SEL, 164u, EN_SCRIPT_164, sizeof EN_SCRIPT_164, 0x069EBBu},
  {DBZ_MAIN_SCRIPT_BANK_SEL, 165u, EN_SCRIPT_165, sizeof EN_SCRIPT_165, 0x069F19u},
  {DBZ_MAIN_SCRIPT_BANK_SEL, 166u, EN_SCRIPT_166, sizeof EN_SCRIPT_166, 0x069F7Bu},
  {DBZ_MAIN_SCRIPT_BANK_SEL, 167u, EN_SCRIPT_167, sizeof EN_SCRIPT_167, 0x069FD0u},
  {DBZ_MAIN_SCRIPT_BANK_SEL, 168u, EN_SCRIPT_168, sizeof EN_SCRIPT_168, 0x06A023u},
  {DBZ_MAIN_SCRIPT_BANK_SEL, 169u, EN_SCRIPT_169, sizeof EN_SCRIPT_169, 0x06A05Du},
  {DBZ_MAIN_SCRIPT_BANK_SEL, 170u, EN_SCRIPT_170, sizeof EN_SCRIPT_170, 0x06A09Cu},
  {DBZ_MAIN_SCRIPT_BANK_SEL, 171u, EN_SCRIPT_171, sizeof EN_SCRIPT_171, 0x06A0ECu},
  {DBZ_MAIN_SCRIPT_BANK_SEL, 172u, EN_SCRIPT_172, sizeof EN_SCRIPT_172, 0x06A14Au},
  {DBZ_MAIN_SCRIPT_BANK_SEL, 173u, EN_SCRIPT_173, sizeof EN_SCRIPT_173, 0x06A1A4u},
  {DBZ_MAIN_SCRIPT_BANK_SEL, 174u, EN_SCRIPT_174, sizeof EN_SCRIPT_174, 0x06A1DBu},
  {DBZ_MAIN_SCRIPT_BANK_SEL, 175u, EN_SCRIPT_175, sizeof EN_SCRIPT_175, 0x06A1F0u},
  {DBZ_MAIN_SCRIPT_BANK_SEL, 176u, EN_SCRIPT_176, sizeof EN_SCRIPT_176, 0x06A225u},
  {DBZ_MAIN_SCRIPT_BANK_SEL, 177u, EN_SCRIPT_177, sizeof EN_SCRIPT_177, 0x06A286u},
  {DBZ_MAIN_SCRIPT_BANK_SEL, 178u, EN_SCRIPT_178, sizeof EN_SCRIPT_178, 0x06A2D9u},
  {DBZ_MAIN_SCRIPT_BANK_SEL, 179u, EN_SCRIPT_179, sizeof EN_SCRIPT_179, 0x06A330u},
  {DBZ_MAIN_SCRIPT_BANK_SEL, 180u, EN_SCRIPT_180, sizeof EN_SCRIPT_180, 0x06A37Au},
  {DBZ_MAIN_SCRIPT_BANK_SEL, 181u, EN_SCRIPT_181, sizeof EN_SCRIPT_181, 0x06A3D5u},
  {DBZ_MAIN_SCRIPT_BANK_SEL, 182u, EN_SCRIPT_182, sizeof EN_SCRIPT_182, 0x06A427u},
  {DBZ_MAIN_SCRIPT_BANK_SEL, 183u, EN_SCRIPT_183, sizeof EN_SCRIPT_183, 0x06A47Du},
  {DBZ_MAIN_SCRIPT_BANK_SEL, 184u, EN_SCRIPT_184, sizeof EN_SCRIPT_184, 0x06A4D7u},
  {DBZ_MAIN_SCRIPT_BANK_SEL, 185u, EN_SCRIPT_185, sizeof EN_SCRIPT_185, 0x06A52Au},
  {DBZ_MAIN_SCRIPT_BANK_SEL, 186u, EN_SCRIPT_186, sizeof EN_SCRIPT_186, 0x06A586u},
  {DBZ_MAIN_SCRIPT_BANK_SEL, 187u, EN_SCRIPT_187, sizeof EN_SCRIPT_187, 0x06A5C5u},
  {DBZ_MAIN_SCRIPT_BANK_SEL, 188u, EN_SCRIPT_188, sizeof EN_SCRIPT_188, 0x06A61Du},
  {DBZ_MAIN_SCRIPT_BANK_SEL, 189u, EN_SCRIPT_189, sizeof EN_SCRIPT_189, 0x06A6E8u},
  {DBZ_MAIN_SCRIPT_BANK_SEL, 190u, EN_SCRIPT_190, sizeof EN_SCRIPT_190, 0x06A745u},
  {DBZ_MAIN_SCRIPT_BANK_SEL, 191u, EN_SCRIPT_191, sizeof EN_SCRIPT_191, 0x06A7A3u},
  {DBZ_MAIN_SCRIPT_BANK_SEL, 192u, EN_SCRIPT_192, sizeof EN_SCRIPT_192, 0x06A7EFu},
  {DBZ_MAIN_SCRIPT_BANK_SEL, 193u, EN_SCRIPT_193, sizeof EN_SCRIPT_193, 0x06A816u},
  {DBZ_MAIN_SCRIPT_BANK_SEL, 194u, EN_SCRIPT_194, sizeof EN_SCRIPT_194, 0x06A877u},
  {DBZ_MAIN_SCRIPT_BANK_SEL, 195u, EN_SCRIPT_195, sizeof EN_SCRIPT_195, 0x06A8D1u},
  {DBZ_MAIN_SCRIPT_BANK_SEL, 196u, EN_SCRIPT_196, sizeof EN_SCRIPT_196, 0x06A91Cu},
  {DBZ_MAIN_SCRIPT_BANK_SEL, 197u, EN_SCRIPT_197, sizeof EN_SCRIPT_197, 0x06A96Fu},
  {DBZ_MAIN_SCRIPT_BANK_SEL, 198u, EN_SCRIPT_198, sizeof EN_SCRIPT_198, 0x06A9C8u},
  {DBZ_MAIN_SCRIPT_BANK_SEL, 199u, EN_SCRIPT_199, sizeof EN_SCRIPT_199, 0x06A9F9u},
  {DBZ_MAIN_SCRIPT_BANK_SEL, 200u, EN_SCRIPT_200, sizeof EN_SCRIPT_200, 0x06AA2Eu},
  {DBZ_MAIN_SCRIPT_BANK_SEL, 201u, EN_SCRIPT_201, sizeof EN_SCRIPT_201, 0x06AA76u},
  {DBZ_MAIN_SCRIPT_BANK_SEL, 202u, EN_SCRIPT_202, sizeof EN_SCRIPT_202, 0x06AAADu},
  {DBZ_MAIN_SCRIPT_BANK_SEL, 203u, EN_SCRIPT_203, sizeof EN_SCRIPT_203, 0x06AAC4u},
  {DBZ_MAIN_SCRIPT_BANK_SEL, 204u, EN_SCRIPT_204, sizeof EN_SCRIPT_204, 0x06AB1Fu},
  {DBZ_MAIN_SCRIPT_BANK_SEL, 205u, EN_SCRIPT_205, sizeof EN_SCRIPT_205, 0x06AB52u},
  {DBZ_MAIN_SCRIPT_BANK_SEL, 206u, EN_SCRIPT_206, sizeof EN_SCRIPT_206, 0x06ABB3u},
  {DBZ_MAIN_SCRIPT_BANK_SEL, 207u, EN_SCRIPT_207, sizeof EN_SCRIPT_207, 0x06AC16u},
  {DBZ_MAIN_SCRIPT_BANK_SEL, 208u, EN_SCRIPT_208, sizeof EN_SCRIPT_208, 0x06AC60u},
  {DBZ_MAIN_SCRIPT_BANK_SEL, 209u, EN_SCRIPT_209, sizeof EN_SCRIPT_209, 0x06ACA2u},
  {DBZ_MAIN_SCRIPT_BANK_SEL, 210u, EN_SCRIPT_210, sizeof EN_SCRIPT_210, 0x06AD07u},
  {DBZ_MAIN_SCRIPT_BANK_SEL, 211u, EN_SCRIPT_211, sizeof EN_SCRIPT_211, 0x06AD4Du},
  {DBZ_MAIN_SCRIPT_BANK_SEL, 212u, EN_SCRIPT_212, sizeof EN_SCRIPT_212, 0x06AD74u},
  {DBZ_MAIN_SCRIPT_BANK_SEL, 213u, EN_SCRIPT_213, sizeof EN_SCRIPT_213, 0x06AD93u},
  {DBZ_MAIN_SCRIPT_BANK_SEL, 214u, EN_SCRIPT_214, sizeof EN_SCRIPT_214, 0x06ADC3u},
  {DBZ_MAIN_SCRIPT_BANK_SEL, 215u, EN_SCRIPT_215, sizeof EN_SCRIPT_215, 0x06AE0Bu},
  {DBZ_MAIN_SCRIPT_BANK_SEL, 216u, EN_SCRIPT_216, sizeof EN_SCRIPT_216, 0x06AE1Bu},
  {DBZ_MAIN_SCRIPT_BANK_SEL, 217u, EN_SCRIPT_217, sizeof EN_SCRIPT_217, 0x06AE43u},
  {DBZ_MAIN_SCRIPT_BANK_SEL, 218u, EN_SCRIPT_218, sizeof EN_SCRIPT_218, 0x06AEA8u},
  {DBZ_MAIN_SCRIPT_BANK_SEL, 219u, EN_SCRIPT_219, sizeof EN_SCRIPT_219, 0x06AEEDu},
  {DBZ_MAIN_SCRIPT_BANK_SEL, 220u, EN_SCRIPT_220, sizeof EN_SCRIPT_220, 0x06AF4Eu},
  {DBZ_MAIN_SCRIPT_BANK_SEL, 221u, EN_SCRIPT_221, sizeof EN_SCRIPT_221, 0x06AF62u},
  {DBZ_MAIN_SCRIPT_BANK_SEL, 222u, EN_SCRIPT_222, sizeof EN_SCRIPT_222, 0x06AF93u},
  {DBZ_MAIN_SCRIPT_BANK_SEL, 223u, EN_SCRIPT_223, sizeof EN_SCRIPT_223, 0x06AFC5u},
  {DBZ_MAIN_SCRIPT_BANK_SEL, 224u, EN_SCRIPT_224, sizeof EN_SCRIPT_224, 0x06AFFEu},
  {DBZ_MAIN_SCRIPT_BANK_SEL, 225u, EN_SCRIPT_225, sizeof EN_SCRIPT_225, 0x06B047u},
  {DBZ_MAIN_SCRIPT_BANK_SEL, 226u, EN_SCRIPT_226, sizeof EN_SCRIPT_226, 0x06B092u},
  {DBZ_MAIN_SCRIPT_BANK_SEL, 227u, EN_SCRIPT_227, sizeof EN_SCRIPT_227, 0x06B0EDu},
  {DBZ_MAIN_SCRIPT_BANK_SEL, 228u, EN_SCRIPT_228, sizeof EN_SCRIPT_228, 0x06B1A9u},
  {DBZ_MAIN_SCRIPT_BANK_SEL, 229u, EN_SCRIPT_229, sizeof EN_SCRIPT_229, 0x06B268u},
  {DBZ_MAIN_SCRIPT_BANK_SEL, 230u, EN_SCRIPT_230, sizeof EN_SCRIPT_230, 0x06B2A8u},
  {DBZ_MAIN_SCRIPT_BANK_SEL, 231u, EN_SCRIPT_231, sizeof EN_SCRIPT_231, 0x06B306u},
  {DBZ_MAIN_SCRIPT_BANK_SEL, 232u, EN_SCRIPT_232, sizeof EN_SCRIPT_232, 0x06B39Du},
  {DBZ_MAIN_SCRIPT_BANK_SEL, 233u, EN_SCRIPT_233, sizeof EN_SCRIPT_233, 0x06B3B4u},
  {DBZ_MAIN_SCRIPT_BANK_SEL, 234u, EN_SCRIPT_234, sizeof EN_SCRIPT_234, 0x06B402u},
  {DBZ_MAIN_SCRIPT_BANK_SEL, 235u, EN_SCRIPT_235, sizeof EN_SCRIPT_235, 0x06B423u},
  {DBZ_MAIN_SCRIPT_BANK_SEL, 236u, EN_SCRIPT_236, sizeof EN_SCRIPT_236, 0x06B445u},
  {DBZ_MAIN_SCRIPT_BANK_SEL, 237u, EN_SCRIPT_237, sizeof EN_SCRIPT_237, 0x06B465u},
  {DBZ_MAIN_SCRIPT_BANK_SEL, 238u, EN_SCRIPT_238, sizeof EN_SCRIPT_238, 0x06B48Cu},
  {DBZ_MAIN_SCRIPT_BANK_SEL, 239u, EN_SCRIPT_239, sizeof EN_SCRIPT_239, 0x06B4E8u},
  {DBZ_MAIN_SCRIPT_BANK_SEL, 240u, EN_SCRIPT_240, sizeof EN_SCRIPT_240, 0x06B4E8u},
  {DBZ_MAIN_SCRIPT_BANK_SEL, 241u, EN_SCRIPT_241, sizeof EN_SCRIPT_241, 0x06B54Eu},
  {DBZ_MAIN_SCRIPT_BANK_SEL, 242u, EN_SCRIPT_242, sizeof EN_SCRIPT_242, 0x06B5ADu},
  {DBZ_MAIN_SCRIPT_BANK_SEL, 243u, EN_SCRIPT_243, sizeof EN_SCRIPT_243, 0x06B611u},
  {DBZ_MAIN_SCRIPT_BANK_SEL, 244u, EN_SCRIPT_244, sizeof EN_SCRIPT_244, 0x06B669u},
  {DBZ_MAIN_SCRIPT_BANK_SEL, 245u, EN_SCRIPT_245, sizeof EN_SCRIPT_245, 0x06B6B1u},
  {DBZ_MAIN_SCRIPT_BANK_SEL, 246u, EN_SCRIPT_246, sizeof EN_SCRIPT_246, 0x06B6E7u},
  {DBZ_MAIN_SCRIPT_BANK_SEL, 247u, EN_SCRIPT_247, sizeof EN_SCRIPT_247, 0x06B72Cu},
  {DBZ_MAIN_SCRIPT_BANK_SEL, 248u, EN_SCRIPT_248, sizeof EN_SCRIPT_248, 0x06B76Fu},
  {DBZ_MAIN_SCRIPT_BANK_SEL, 249u, EN_SCRIPT_249, sizeof EN_SCRIPT_249, 0x06B7B7u},
  {DBZ_MAIN_SCRIPT_BANK_SEL, 250u, EN_SCRIPT_250, sizeof EN_SCRIPT_250, 0x06B818u},
  {DBZ_MAIN_SCRIPT_BANK_SEL, 251u, EN_SCRIPT_251, sizeof EN_SCRIPT_251, 0x06B828u},
  {DBZ_MAIN_SCRIPT_BANK_SEL, 252u, EN_SCRIPT_252, sizeof EN_SCRIPT_252, 0x06B88Eu},
  {DBZ_MAIN_SCRIPT_BANK_SEL, 253u, EN_SCRIPT_253, sizeof EN_SCRIPT_253, 0x06B8C5u},
  {DBZ_MAIN_SCRIPT_BANK_SEL, 254u, EN_SCRIPT_254, sizeof EN_SCRIPT_254, 0x06B8FCu},
  {DBZ_MAIN_SCRIPT_BANK_SEL, 255u, EN_SCRIPT_255, sizeof EN_SCRIPT_255, 0x06B944u},
  {DBZ_MAIN_SCRIPT_BANK_SEL, 256u, EN_SCRIPT_256, sizeof EN_SCRIPT_256, 0x06B9A5u},
  {DBZ_MAIN_SCRIPT_BANK_SEL, 257u, EN_SCRIPT_257, sizeof EN_SCRIPT_257, 0x06B9C8u},
  {DBZ_MAIN_SCRIPT_BANK_SEL, 258u, EN_SCRIPT_258, sizeof EN_SCRIPT_258, 0x06BA28u},
  {DBZ_MAIN_SCRIPT_BANK_SEL, 259u, EN_SCRIPT_259, sizeof EN_SCRIPT_259, 0x06BA8Du},
  {DBZ_MAIN_SCRIPT_BANK_SEL, 260u, EN_SCRIPT_260, sizeof EN_SCRIPT_260, 0x06BAF0u},
  {DBZ_MAIN_SCRIPT_BANK_SEL, 261u, EN_SCRIPT_261, sizeof EN_SCRIPT_261, 0x06BB39u},
  {DBZ_MAIN_SCRIPT_BANK_SEL, 262u, EN_SCRIPT_262, sizeof EN_SCRIPT_262, 0x06BB49u},
  {DBZ_MAIN_SCRIPT_BANK_SEL, 263u, EN_SCRIPT_263, sizeof EN_SCRIPT_263, 0x06BBA7u},
  {DBZ_MAIN_SCRIPT_BANK_SEL, 264u, EN_SCRIPT_264, sizeof EN_SCRIPT_264, 0x06BBE0u},
  {DBZ_MAIN_SCRIPT_BANK_SEL, 265u, EN_SCRIPT_265, sizeof EN_SCRIPT_265, 0x06BC44u},
  {DBZ_MAIN_SCRIPT_BANK_SEL, 266u, EN_SCRIPT_266, sizeof EN_SCRIPT_266, 0x06BCA8u},
  {DBZ_MAIN_SCRIPT_BANK_SEL, 267u, EN_SCRIPT_267, sizeof EN_SCRIPT_267, 0x06BCE0u},
  {DBZ_MAIN_SCRIPT_BANK_SEL, 268u, EN_SCRIPT_268, sizeof EN_SCRIPT_268, 0x06BD26u},
  {DBZ_MAIN_SCRIPT_BANK_SEL, 269u, EN_SCRIPT_269, sizeof EN_SCRIPT_269, 0x06BD7Eu},
  {DBZ_MAIN_SCRIPT_BANK_SEL, 270u, EN_SCRIPT_270, sizeof EN_SCRIPT_270, 0x06BD9Du},
  {DBZ_MAIN_SCRIPT_BANK_SEL, 271u, EN_SCRIPT_271, sizeof EN_SCRIPT_271, 0x06BDFAu},
  {DBZ_MAIN_SCRIPT_BANK_SEL, 272u, EN_SCRIPT_272, sizeof EN_SCRIPT_272, 0x06BE5Bu},
  {DBZ_MAIN_SCRIPT_BANK_SEL, 273u, EN_SCRIPT_273, sizeof EN_SCRIPT_273, 0x06BED4u},
  {DBZ_MAIN_SCRIPT_BANK_SEL, 274u, EN_SCRIPT_274, sizeof EN_SCRIPT_274, 0x06BF23u},
  {DBZ_MAIN_SCRIPT_BANK_SEL, 275u, EN_SCRIPT_275, sizeof EN_SCRIPT_275, 0x06BF8Bu},
  {DBZ_MAIN_SCRIPT_BANK_SEL, 276u, EN_SCRIPT_276, sizeof EN_SCRIPT_276, 0x06BFD1u},
  {DBZ_MAIN_SCRIPT_BANK_SEL, 277u, EN_SCRIPT_277, sizeof EN_SCRIPT_277, 0x06C003u},
  {DBZ_MAIN_SCRIPT_BANK_SEL, 278u, EN_SCRIPT_278, sizeof EN_SCRIPT_278, 0x06C055u},
  {DBZ_MAIN_SCRIPT_BANK_SEL, 279u, EN_SCRIPT_279, sizeof EN_SCRIPT_279, 0x06C098u},
  {DBZ_MAIN_SCRIPT_BANK_SEL, 280u, EN_SCRIPT_280, sizeof EN_SCRIPT_280, 0x06C0DCu},
  {DBZ_MAIN_SCRIPT_BANK_SEL, 281u, EN_SCRIPT_281, sizeof EN_SCRIPT_281, 0x06C10Eu},
  {DBZ_MAIN_SCRIPT_BANK_SEL, 282u, EN_SCRIPT_282, sizeof EN_SCRIPT_282, 0x06C123u},
  {DBZ_MAIN_SCRIPT_BANK_SEL, 283u, EN_SCRIPT_283, sizeof EN_SCRIPT_283, 0x06C164u},
  {DBZ_MAIN_SCRIPT_BANK_SEL, 284u, EN_SCRIPT_284, sizeof EN_SCRIPT_284, 0x06C1C0u},
  {DBZ_MAIN_SCRIPT_BANK_SEL, 285u, EN_SCRIPT_285, sizeof EN_SCRIPT_285, 0x06C1F9u},
  {DBZ_MAIN_SCRIPT_BANK_SEL, 286u, EN_SCRIPT_286, sizeof EN_SCRIPT_286, 0x06C232u},
  {DBZ_MAIN_SCRIPT_BANK_SEL, 287u, EN_SCRIPT_287, sizeof EN_SCRIPT_287, 0x06C244u},
  {DBZ_MAIN_SCRIPT_BANK_SEL, 288u, EN_SCRIPT_288, sizeof EN_SCRIPT_288, 0x06C2A4u},
  {DBZ_MAIN_SCRIPT_BANK_SEL, 289u, EN_SCRIPT_289, sizeof EN_SCRIPT_289, 0x06C2A4u},
  {DBZ_MAIN_SCRIPT_BANK_SEL, 290u, EN_SCRIPT_290, sizeof EN_SCRIPT_290, 0x06C2A4u},
  {DBZ_MAIN_SCRIPT_BANK_SEL, 291u, EN_SCRIPT_291, sizeof EN_SCRIPT_291, 0x06C2A4u},
  {DBZ_MAIN_SCRIPT_BANK_SEL, 292u, EN_SCRIPT_292, sizeof EN_SCRIPT_292, 0x06C2EFu},
  {DBZ_MAIN_SCRIPT_BANK_SEL, 293u, EN_SCRIPT_293, sizeof EN_SCRIPT_293, 0x06C2EFu},
  {DBZ_MAIN_SCRIPT_BANK_SEL, 294u, EN_SCRIPT_294, sizeof EN_SCRIPT_294, 0x06C310u},
  {DBZ_MAIN_SCRIPT_BANK_SEL, 295u, EN_SCRIPT_295, sizeof EN_SCRIPT_295, 0x06C353u},
  {DBZ_MAIN_SCRIPT_BANK_SEL, 296u, EN_SCRIPT_296, sizeof EN_SCRIPT_296, 0x06C387u},
  {DBZ_MAIN_SCRIPT_BANK_SEL, 297u, EN_SCRIPT_297, sizeof EN_SCRIPT_297, 0x06C3BAu},
  {DBZ_MAIN_SCRIPT_BANK_SEL, 298u, EN_SCRIPT_298, sizeof EN_SCRIPT_298, 0x06C3EEu},
  {DBZ_MAIN_SCRIPT_BANK_SEL, 299u, EN_SCRIPT_299, sizeof EN_SCRIPT_299, 0x06C41Bu},
  {DBZ_MAIN_SCRIPT_BANK_SEL, 300u, EN_SCRIPT_300, sizeof EN_SCRIPT_300, 0x06C43Du},
  {DBZ_MAIN_SCRIPT_BANK_SEL, 301u, EN_SCRIPT_301, sizeof EN_SCRIPT_301, 0x06C494u},
  {DBZ_MAIN_SCRIPT_BANK_SEL, 302u, EN_SCRIPT_302, sizeof EN_SCRIPT_302, 0x06C4D9u},
  {DBZ_MAIN_SCRIPT_BANK_SEL, 303u, EN_SCRIPT_303, sizeof EN_SCRIPT_303, 0x06C4D9u},
  {DBZ_MAIN_SCRIPT_BANK_SEL, 304u, EN_SCRIPT_304, sizeof EN_SCRIPT_304, 0x06C51Du},
  {DBZ_MAIN_SCRIPT_BANK_SEL, 305u, EN_SCRIPT_305, sizeof EN_SCRIPT_305, 0x06C564u},
  {DBZ_MAIN_SCRIPT_BANK_SEL, 306u, EN_SCRIPT_306, sizeof EN_SCRIPT_306, 0x06C5A0u},
  {DBZ_MAIN_SCRIPT_BANK_SEL, 307u, EN_SCRIPT_307, sizeof EN_SCRIPT_307, 0x06C5E7u},
  {DBZ_MAIN_SCRIPT_BANK_SEL, 308u, EN_SCRIPT_308, sizeof EN_SCRIPT_308, 0x06C5FCu},
  {DBZ_MAIN_SCRIPT_BANK_SEL, 309u, EN_SCRIPT_309, sizeof EN_SCRIPT_309, 0x06C649u},
  {DBZ_MAIN_SCRIPT_BANK_SEL, 310u, EN_SCRIPT_310, sizeof EN_SCRIPT_310, 0x06C649u},
  {DBZ_MAIN_SCRIPT_BANK_SEL, 311u, EN_SCRIPT_311, sizeof EN_SCRIPT_311, 0x06C65Du},
  {DBZ_MAIN_SCRIPT_BANK_SEL, 312u, EN_SCRIPT_312, sizeof EN_SCRIPT_312, 0x06C684u},
  {DBZ_MAIN_SCRIPT_BANK_SEL, 313u, EN_SCRIPT_313, sizeof EN_SCRIPT_313, 0x06C6D6u},
  {DBZ_MAIN_SCRIPT_BANK_SEL, 314u, EN_SCRIPT_314, sizeof EN_SCRIPT_314, 0x06C737u},
  {DBZ_MAIN_SCRIPT_BANK_SEL, 315u, EN_SCRIPT_315, sizeof EN_SCRIPT_315, 0x06C77Fu},
  {DBZ_MAIN_SCRIPT_BANK_SEL, 316u, EN_SCRIPT_316, sizeof EN_SCRIPT_316, 0x06C7A7u},
  {DBZ_MAIN_SCRIPT_BANK_SEL, 317u, EN_SCRIPT_317, sizeof EN_SCRIPT_317, 0x06C7D4u},
  {DBZ_MAIN_SCRIPT_BANK_SEL, 318u, EN_SCRIPT_318, sizeof EN_SCRIPT_318, 0x06C809u},
  {DBZ_MAIN_SCRIPT_BANK_SEL, 319u, EN_SCRIPT_319, sizeof EN_SCRIPT_319, 0x06C842u},
  {DBZ_MAIN_SCRIPT_BANK_SEL, 320u, EN_SCRIPT_320, sizeof EN_SCRIPT_320, 0x06C860u},
  {DBZ_MAIN_SCRIPT_BANK_SEL, 321u, EN_SCRIPT_321, sizeof EN_SCRIPT_321, 0x06C89Bu},
  {DBZ_MAIN_SCRIPT_BANK_SEL, 322u, EN_SCRIPT_322, sizeof EN_SCRIPT_322, 0x06C8AAu},
  {DBZ_MAIN_SCRIPT_BANK_SEL, 323u, EN_SCRIPT_323, sizeof EN_SCRIPT_323, 0x06C8E4u},
  {DBZ_MAIN_SCRIPT_BANK_SEL, 324u, EN_SCRIPT_324, sizeof EN_SCRIPT_324, 0x06C909u},
  {DBZ_MAIN_SCRIPT_BANK_SEL, 325u, EN_SCRIPT_325, sizeof EN_SCRIPT_325, 0x06C941u},
  {DBZ_MAIN_SCRIPT_BANK_SEL, 326u, EN_SCRIPT_326, sizeof EN_SCRIPT_326, 0x06C94Du},
  {DBZ_MAIN_SCRIPT_BANK_SEL, 327u, EN_SCRIPT_327, sizeof EN_SCRIPT_327, 0x06C974u},
  {DBZ_MAIN_SCRIPT_BANK_SEL, 328u, EN_SCRIPT_328, sizeof EN_SCRIPT_328, 0x06C9BEu},
  {DBZ_MAIN_SCRIPT_BANK_SEL, 329u, EN_SCRIPT_329, sizeof EN_SCRIPT_329, 0x06C9EDu},
  {DBZ_MAIN_SCRIPT_BANK_SEL, 330u, EN_SCRIPT_330, sizeof EN_SCRIPT_330, 0x06CA12u},
  {DBZ_MAIN_SCRIPT_BANK_SEL, 331u, EN_SCRIPT_331, sizeof EN_SCRIPT_331, 0x06CA25u},
  {DBZ_MAIN_SCRIPT_BANK_SEL, 332u, EN_SCRIPT_332, sizeof EN_SCRIPT_332, 0x06CA46u},
  {DBZ_MAIN_SCRIPT_BANK_SEL, 333u, EN_SCRIPT_333, sizeof EN_SCRIPT_333, 0x06CA53u},
  {DBZ_MAIN_SCRIPT_BANK_SEL, 334u, EN_SCRIPT_334, sizeof EN_SCRIPT_334, 0x06CA6Au},
  {DBZ_MAIN_SCRIPT_BANK_SEL, 335u, EN_SCRIPT_335, sizeof EN_SCRIPT_335, 0x06CAA4u},
  {DBZ_MAIN_SCRIPT_BANK_SEL, 336u, EN_SCRIPT_336, sizeof EN_SCRIPT_336, 0x06CACBu},
  {DBZ_MAIN_SCRIPT_BANK_SEL, 337u, EN_SCRIPT_337, sizeof EN_SCRIPT_337, 0x06CAE1u},
  {DBZ_MAIN_SCRIPT_BANK_SEL, 338u, EN_SCRIPT_338, sizeof EN_SCRIPT_338, 0x06CB07u},
  {DBZ_MAIN_SCRIPT_BANK_SEL, 339u, EN_SCRIPT_339, sizeof EN_SCRIPT_339, 0x06CB2Cu},
  {DBZ_MAIN_SCRIPT_BANK_SEL, 340u, EN_SCRIPT_340, sizeof EN_SCRIPT_340, 0x06CB42u},
  {DBZ_MAIN_SCRIPT_BANK_SEL, 341u, EN_SCRIPT_341, sizeof EN_SCRIPT_341, 0x06CB8Bu},
  {DBZ_MAIN_SCRIPT_BANK_SEL, 342u, EN_SCRIPT_342, sizeof EN_SCRIPT_342, 0x06CBACu},
  {DBZ_MAIN_SCRIPT_BANK_SEL, 343u, EN_SCRIPT_343, sizeof EN_SCRIPT_343, 0x06CBF3u},
  {DBZ_MAIN_SCRIPT_BANK_SEL, 344u, EN_SCRIPT_344, sizeof EN_SCRIPT_344, 0x06CC3Au},
  {DBZ_MAIN_SCRIPT_BANK_SEL, 345u, EN_SCRIPT_345, sizeof EN_SCRIPT_345, 0x06CC6Bu},
  {DBZ_MAIN_SCRIPT_BANK_SEL, 346u, EN_SCRIPT_346, sizeof EN_SCRIPT_346, 0x06CC99u},
  {DBZ_MAIN_SCRIPT_BANK_SEL, 347u, EN_SCRIPT_347, sizeof EN_SCRIPT_347, 0x06CCCBu},
  {DBZ_MAIN_SCRIPT_BANK_SEL, 348u, EN_SCRIPT_348, sizeof EN_SCRIPT_348, 0x06CD0Fu},
  {DBZ_MAIN_SCRIPT_BANK_SEL, 349u, EN_SCRIPT_349, sizeof EN_SCRIPT_349, 0x06CD41u},
  {DBZ_MAIN_SCRIPT_BANK_SEL, 350u, EN_SCRIPT_350, sizeof EN_SCRIPT_350, 0x06CD41u},
  {DBZ_MAIN_SCRIPT_BANK_SEL, 351u, EN_SCRIPT_351, sizeof EN_SCRIPT_351, 0x06CD41u},
  {DBZ_MAIN_SCRIPT_BANK_SEL, 352u, EN_SCRIPT_352, sizeof EN_SCRIPT_352, 0x06CD41u},
  {DBZ_MAIN_SCRIPT_BANK_SEL, 353u, EN_SCRIPT_353, sizeof EN_SCRIPT_353, 0x06CD65u},
  {DBZ_MAIN_SCRIPT_BANK_SEL, 354u, EN_SCRIPT_354, sizeof EN_SCRIPT_354, 0x06CD97u},
  {DBZ_MAIN_SCRIPT_BANK_SEL, 355u, EN_SCRIPT_355, sizeof EN_SCRIPT_355, 0x06CDCCu},
  {DBZ_MAIN_SCRIPT_BANK_SEL, 356u, EN_SCRIPT_356, sizeof EN_SCRIPT_356, 0x06CDFAu},
  {DBZ_MAIN_SCRIPT_BANK_SEL, 357u, EN_SCRIPT_357, sizeof EN_SCRIPT_357, 0x06CE28u},
  {DBZ_MAIN_SCRIPT_BANK_SEL, 358u, EN_SCRIPT_358, sizeof EN_SCRIPT_358, 0x06CE4Du},
  {DBZ_MAIN_SCRIPT_BANK_SEL, 359u, EN_SCRIPT_359, sizeof EN_SCRIPT_359, 0x06CEA5u},
  {DBZ_MAIN_SCRIPT_BANK_SEL, 360u, EN_SCRIPT_360, sizeof EN_SCRIPT_360, 0x06CED4u},
  {DBZ_MAIN_SCRIPT_BANK_SEL, 361u, EN_SCRIPT_361, sizeof EN_SCRIPT_361, 0x06CF2Eu},
  {DBZ_MAIN_SCRIPT_BANK_SEL, 362u, EN_SCRIPT_362, sizeof EN_SCRIPT_362, 0x06CF87u},
  {DBZ_MAIN_SCRIPT_BANK_SEL, 363u, EN_SCRIPT_363, sizeof EN_SCRIPT_363, 0x06CFE6u},
  {DBZ_MAIN_SCRIPT_BANK_SEL, 364u, EN_SCRIPT_364, sizeof EN_SCRIPT_364, 0x06D028u},
};

#endif /* DBZ_TEXT_EN_SCRIPTS_INC */
